{"@timestamp":"2025-10-22T00:40:42.2213774+03:00","level":"INFO","thread_name":"Test worker","message":"Starting DiscountServiceIntegrationTest using Java 17.0.10 with PID 38852 (started by kirin in C:\\Users\\kirin\\IdeaProjects\\shop\\discount-api)"}
{"@timestamp":"2025-10-22T00:40:42.2213774+03:00","level":"INFO","thread_name":"Test worker","message":"The following 1 profile is active: \"test\""}
{"@timestamp":"2025-10-22T00:40:42.3620945+03:00","level":"INFO","thread_name":"Test worker","message":"Fetching config from server at : http://localhost:8888"}
{"@timestamp":"2025-10-22T00:40:42.3620945+03:00","level":"INFO","thread_name":"Test worker","message":"Exception on Url - http://localhost:8888:org.springframework.web.client.ResourceAccessException: I/O error on GET request for \"http://localhost:8888/discount-api/test\": Connection refused: no further information. Will be trying the next url if available"}
{"@timestamp":"2025-10-22T00:40:42.3620945+03:00","level":"WARN","thread_name":"Test worker","message":"Could not locate PropertySource ([ConfigServerConfigDataResource@16e1219f uris = array<String>['http://localhost:8888'], optional = true, profiles = 'test']): I/O error on GET request for \"http://localhost:8888/discount-api/test\": Connection refused: no further information"}
{"@timestamp":"2025-10-22T00:40:42.3620945+03:00","level":"INFO","thread_name":"Test worker","message":"Fetching config from server at : http://localhost:8888"}
{"@timestamp":"2025-10-22T00:40:42.3620945+03:00","level":"INFO","thread_name":"Test worker","message":"Exception on Url - http://localhost:8888:org.springframework.web.client.ResourceAccessException: I/O error on GET request for \"http://localhost:8888/discount-api/default\": Connection refused: no further information. Will be trying the next url if available"}
{"@timestamp":"2025-10-22T00:40:42.3620945+03:00","level":"WARN","thread_name":"Test worker","message":"Could not locate PropertySource ([ConfigServerConfigDataResource@13f40d71 uris = array<String>['http://localhost:8888'], optional = true, profiles = 'default']): I/O error on GET request for \"http://localhost:8888/discount-api/default\": Connection refused: no further information"}
{"@timestamp":"2025-10-22T00:40:43.3036244+03:00","level":"INFO","thread_name":"Test worker","message":"Multiple Spring Data modules found, entering strict repository configuration mode"}
{"@timestamp":"2025-10-22T00:40:43.3056251+03:00","level":"INFO","thread_name":"Test worker","message":"Bootstrapping Spring Data JPA repositories in DEFAULT mode."}
{"@timestamp":"2025-10-22T00:40:43.4279362+03:00","level":"INFO","thread_name":"Test worker","message":"Finished Spring Data repository scanning in 111 ms. Found 1 JPA repository interface."}
{"@timestamp":"2025-10-22T00:40:43.4399364+03:00","level":"INFO","thread_name":"Test worker","message":"Multiple Spring Data modules found, entering strict repository configuration mode"}
{"@timestamp":"2025-10-22T00:40:43.4429359+03:00","level":"INFO","thread_name":"Test worker","message":"Bootstrapping Spring Data Redis repositories in DEFAULT mode."}
{"@timestamp":"2025-10-22T00:40:43.4559358+03:00","level":"INFO","thread_name":"Test worker","message":"Spring Data Redis - Could not safely identify store assignment for repository candidate interface ru.innotech.discountapi.adapters.repository.DiscountRepository; If you want this repository to be a Redis repository, consider annotating your entities with one of these annotations: org.springframework.data.redis.core.RedisHash (preferred), or consider extending one of the following types with your repository: org.springframework.data.keyvalue.repository.KeyValueRepository"}
{"@timestamp":"2025-10-22T00:40:43.456935+03:00","level":"INFO","thread_name":"Test worker","message":"Finished Spring Data repository scanning in 4 ms. Found 0 Redis repository interfaces."}
{"@timestamp":"2025-10-22T00:40:43.7941444+03:00","level":"INFO","thread_name":"Test worker","message":"BeanFactory id=f8e946c2-481d-3bb7-a934-13100b3e01c3"}
{"@timestamp":"2025-10-22T00:40:44.5245537+03:00","level":"INFO","thread_name":"Test worker","message":"Tomcat initialized with port 0 (http)"}
{"@timestamp":"2025-10-22T00:40:44.5365537+03:00","level":"INFO","thread_name":"Test worker","message":"Initializing ProtocolHandler [\"http-nio-auto-1\"]"}
{"@timestamp":"2025-10-22T00:40:44.5391191+03:00","level":"INFO","thread_name":"Test worker","message":"Starting service [Tomcat]"}
{"@timestamp":"2025-10-22T00:40:44.5391191+03:00","level":"INFO","thread_name":"Test worker","message":"Starting Servlet engine: [Apache Tomcat/10.1.44]"}
{"@timestamp":"2025-10-22T00:40:44.6229261+03:00","level":"INFO","thread_name":"Test worker","message":"Initializing Spring embedded WebApplicationContext"}
{"@timestamp":"2025-10-22T00:40:44.6239249+03:00","level":"INFO","thread_name":"Test worker","message":"Root WebApplicationContext: initialization completed in 2257 ms"}
{"@timestamp":"2025-10-22T00:40:45.3658532+03:00","level":"INFO","thread_name":"Test worker","message":"HHH000204: Processing PersistenceUnitInfo [name: default]"}
{"@timestamp":"2025-10-22T00:40:45.4223379+03:00","level":"INFO","thread_name":"Test worker","message":"HHH000412: Hibernate ORM core version 6.6.26.Final"}
{"@timestamp":"2025-10-22T00:40:45.4551037+03:00","level":"INFO","thread_name":"Test worker","message":"HHH000026: Second-level cache disabled"}
{"@timestamp":"2025-10-22T00:40:45.682245+03:00","level":"INFO","thread_name":"Test worker","message":"No LoadTimeWeaver setup: ignoring JPA class transformer"}
{"@timestamp":"2025-10-22T00:40:45.7092437+03:00","level":"INFO","thread_name":"Test worker","message":"HikariPool-1 - Starting..."}
{"@timestamp":"2025-10-22T00:40:45.7813789+03:00","level":"INFO","thread_name":"Test worker","message":"HikariPool-1 - Added connection org.postgresql.jdbc.PgConnection@7c057419"}
{"@timestamp":"2025-10-22T00:40:45.7823788+03:00","level":"INFO","thread_name":"Test worker","message":"HikariPool-1 - Start completed."}
{"@timestamp":"2025-10-22T00:40:45.849125+03:00","level":"INFO","thread_name":"Test worker","message":"HHH10001005: Database info:\n\tDatabase JDBC URL [Connecting through datasource 'HikariDataSource (HikariPool-1)']\n\tDatabase driver: undefined/unknown\n\tDatabase version: 12.3\n\tAutocommit mode: undefined/unknown\n\tIsolation level: undefined/unknown\n\tMinimum pool size: undefined/unknown\n\tMaximum pool size: undefined/unknown"}
{"@timestamp":"2025-10-22T00:40:46.4564274+03:00","level":"INFO","thread_name":"Test worker","message":"HHH000489: No JTA platform available (set 'hibernate.transaction.jta.platform' to enable JTA platform integration)"}
{"@timestamp":"2025-10-22T00:40:46.4935107+03:00","level":"INFO","thread_name":"Test worker","message":"Initialized JPA EntityManagerFactory for persistence unit 'default'"}
{"@timestamp":"2025-10-22T00:40:47.4111153+03:00","level":"WARN","thread_name":"Test worker","message":"spring.jpa.open-in-view is enabled by default. Therefore, database queries may be performed during view rendering. Explicitly configure spring.jpa.open-in-view to disable this warning"}
{"@timestamp":"2025-10-22T00:40:49.1674794+03:00","level":"INFO","thread_name":"Test worker","message":"Initializing Spring TestDispatcherServlet ''"}
{"@timestamp":"2025-10-22T00:40:49.1674794+03:00","level":"INFO","thread_name":"Test worker","message":"Initializing Servlet ''"}
{"@timestamp":"2025-10-22T00:40:49.174348+03:00","level":"INFO","thread_name":"Test worker","message":"Exposing 1 endpoint beneath base path '/actuator'"}
{"@timestamp":"2025-10-22T00:40:49.1898679+03:00","level":"INFO","thread_name":"Test worker","message":"Completed initialization in 22 ms"}
{"@timestamp":"2025-10-22T00:40:50.3221285+03:00","level":"INFO","thread_name":"Test worker","message":"Cannot determine local hostname"}
{"@timestamp":"2025-10-22T00:40:50.3391222+03:00","level":"INFO","thread_name":"Test worker","message":"Eureka HTTP Client uses RestTemplate."}
{"@timestamp":"2025-10-22T00:40:50.4104905+03:00","level":"WARN","thread_name":"Test worker","message":"Spring Cloud LoadBalancer is currently working with the default cache. While this cache implementation is useful for development and tests, it's recommended to use Caffeine cache in production.You can switch to using Caffeine cache, by adding it and org.springframework.cache.caffeine.CaffeineCacheManager to the classpath."}
{"@timestamp":"2025-10-22T00:40:50.5406182+03:00","level":"INFO","thread_name":"Test worker","message":"Starting ProtocolHandler [\"http-nio-auto-1\"]"}
{"@timestamp":"2025-10-22T00:40:50.5475714+03:00","level":"INFO","thread_name":"Test worker","message":"Tomcat started on port 57383 (http) with context path '/'"}
{"@timestamp":"2025-10-22T00:40:51.6637928+03:00","level":"INFO","thread_name":"Test worker","message":"Cannot determine local hostname"}
{"@timestamp":"2025-10-22T00:40:51.7022657+03:00","level":"INFO","thread_name":"Test worker","message":"Started DiscountServiceIntegrationTest in 11.38 seconds (process running for 19.441)"}
{"@timestamp":"2025-10-22T00:40:52.8940712+03:00","level":"INFO","thread_name":"SpringApplicationShutdownHook","message":"Commencing graceful shutdown. Waiting for active requests to complete"}
{"@timestamp":"2025-10-22T00:40:53.1085418+03:00","level":"INFO","thread_name":"tomcat-shutdown","message":"Graceful shutdown complete"}
{"@timestamp":"2025-10-22T00:40:53.1225413+03:00","level":"INFO","thread_name":"SpringApplicationShutdownHook","message":"Closing JPA EntityManagerFactory for persistence unit 'default'"}
{"@timestamp":"2025-10-22T00:40:53.1235408+03:00","level":"INFO","thread_name":"SpringApplicationShutdownHook","message":"HikariPool-1 - Shutdown initiated..."}
{"@timestamp":"2025-10-22T00:40:53.1255415+03:00","level":"INFO","thread_name":"SpringApplicationShutdownHook","message":"HikariPool-1 - Shutdown completed."}
{"@timestamp":"2025-10-22T00:41:32.5926658+03:00","level":"INFO","thread_name":"Test worker","message":"Starting DiscountServiceIntegrationTest using Java 17.0.10 with PID 19992 (started by kirin in C:\\Users\\kirin\\IdeaProjects\\shop\\discount-api)"}
{"@timestamp":"2025-10-22T00:41:32.5926658+03:00","level":"INFO","thread_name":"Test worker","message":"The following 1 profile is active: \"test\""}
{"@timestamp":"2025-10-22T00:41:32.7442185+03:00","level":"INFO","thread_name":"Test worker","message":"Fetching config from server at : http://localhost:8888"}
{"@timestamp":"2025-10-22T00:41:32.7442185+03:00","level":"INFO","thread_name":"Test worker","message":"Exception on Url - http://localhost:8888:org.springframework.web.client.ResourceAccessException: I/O error on GET request for \"http://localhost:8888/discount-api/test\": Connection refused: no further information. Will be trying the next url if available"}
{"@timestamp":"2025-10-22T00:41:32.7442185+03:00","level":"WARN","thread_name":"Test worker","message":"Could not locate PropertySource ([ConfigServerConfigDataResource@7364f68 uris = array<String>['http://localhost:8888'], optional = true, profiles = 'test']): I/O error on GET request for \"http://localhost:8888/discount-api/test\": Connection refused: no further information"}
{"@timestamp":"2025-10-22T00:41:32.7442185+03:00","level":"INFO","thread_name":"Test worker","message":"Fetching config from server at : http://localhost:8888"}
{"@timestamp":"2025-10-22T00:41:32.7442185+03:00","level":"INFO","thread_name":"Test worker","message":"Exception on Url - http://localhost:8888:org.springframework.web.client.ResourceAccessException: I/O error on GET request for \"http://localhost:8888/discount-api/default\": Connection refused: no further information. Will be trying the next url if available"}
{"@timestamp":"2025-10-22T00:41:32.7442185+03:00","level":"WARN","thread_name":"Test worker","message":"Could not locate PropertySource ([ConfigServerConfigDataResource@55a0f011 uris = array<String>['http://localhost:8888'], optional = true, profiles = 'default']): I/O error on GET request for \"http://localhost:8888/discount-api/default\": Connection refused: no further information"}
{"@timestamp":"2025-10-22T00:41:33.6909723+03:00","level":"INFO","thread_name":"Test worker","message":"Multiple Spring Data modules found, entering strict repository configuration mode"}
{"@timestamp":"2025-10-22T00:41:33.6929723+03:00","level":"INFO","thread_name":"Test worker","message":"Bootstrapping Spring Data JPA repositories in DEFAULT mode."}
{"@timestamp":"2025-10-22T00:41:33.8292774+03:00","level":"INFO","thread_name":"Test worker","message":"Finished Spring Data repository scanning in 125 ms. Found 1 JPA repository interface."}
{"@timestamp":"2025-10-22T00:41:33.8427912+03:00","level":"INFO","thread_name":"Test worker","message":"Multiple Spring Data modules found, entering strict repository configuration mode"}
{"@timestamp":"2025-10-22T00:41:33.8437906+03:00","level":"INFO","thread_name":"Test worker","message":"Bootstrapping Spring Data Redis repositories in DEFAULT mode."}
{"@timestamp":"2025-10-22T00:41:33.8557911+03:00","level":"INFO","thread_name":"Test worker","message":"Spring Data Redis - Could not safely identify store assignment for repository candidate interface ru.innotech.discountapi.adapters.repository.DiscountRepository; If you want this repository to be a Redis repository, consider annotating your entities with one of these annotations: org.springframework.data.redis.core.RedisHash (preferred), or consider extending one of the following types with your repository: org.springframework.data.keyvalue.repository.KeyValueRepository"}
{"@timestamp":"2025-10-22T00:41:33.8557911+03:00","level":"INFO","thread_name":"Test worker","message":"Finished Spring Data repository scanning in 4 ms. Found 0 Redis repository interfaces."}
{"@timestamp":"2025-10-22T00:41:34.1695615+03:00","level":"INFO","thread_name":"Test worker","message":"BeanFactory id=f8e946c2-481d-3bb7-a934-13100b3e01c3"}
{"@timestamp":"2025-10-22T00:41:34.91448+03:00","level":"INFO","thread_name":"Test worker","message":"Tomcat initialized with port 0 (http)"}
{"@timestamp":"2025-10-22T00:41:34.9270649+03:00","level":"INFO","thread_name":"Test worker","message":"Initializing ProtocolHandler [\"http-nio-auto-1\"]"}
{"@timestamp":"2025-10-22T00:41:34.928066+03:00","level":"INFO","thread_name":"Test worker","message":"Starting service [Tomcat]"}
{"@timestamp":"2025-10-22T00:41:34.928066+03:00","level":"INFO","thread_name":"Test worker","message":"Starting Servlet engine: [Apache Tomcat/10.1.44]"}
{"@timestamp":"2025-10-22T00:41:34.9980641+03:00","level":"INFO","thread_name":"Test worker","message":"Initializing Spring embedded WebApplicationContext"}
{"@timestamp":"2025-10-22T00:41:34.9980641+03:00","level":"INFO","thread_name":"Test worker","message":"Root WebApplicationContext: initialization completed in 2250 ms"}
{"@timestamp":"2025-10-22T00:41:35.7459595+03:00","level":"INFO","thread_name":"Test worker","message":"HHH000204: Processing PersistenceUnitInfo [name: default]"}
{"@timestamp":"2025-10-22T00:41:35.7919576+03:00","level":"INFO","thread_name":"Test worker","message":"HHH000412: Hibernate ORM core version 6.6.26.Final"}
{"@timestamp":"2025-10-22T00:41:35.8284681+03:00","level":"INFO","thread_name":"Test worker","message":"HHH000026: Second-level cache disabled"}
{"@timestamp":"2025-10-22T00:41:36.0586548+03:00","level":"INFO","thread_name":"Test worker","message":"No LoadTimeWeaver setup: ignoring JPA class transformer"}
{"@timestamp":"2025-10-22T00:41:36.0811224+03:00","level":"INFO","thread_name":"Test worker","message":"HikariPool-1 - Starting..."}
{"@timestamp":"2025-10-22T00:41:36.1410839+03:00","level":"INFO","thread_name":"Test worker","message":"HikariPool-1 - Added connection org.postgresql.jdbc.PgConnection@559baea1"}
{"@timestamp":"2025-10-22T00:41:36.1426834+03:00","level":"INFO","thread_name":"Test worker","message":"HikariPool-1 - Start completed."}
{"@timestamp":"2025-10-22T00:41:36.194879+03:00","level":"INFO","thread_name":"Test worker","message":"HHH10001005: Database info:\n\tDatabase JDBC URL [Connecting through datasource 'HikariDataSource (HikariPool-1)']\n\tDatabase driver: undefined/unknown\n\tDatabase version: 12.3\n\tAutocommit mode: undefined/unknown\n\tIsolation level: undefined/unknown\n\tMinimum pool size: undefined/unknown\n\tMaximum pool size: undefined/unknown"}
{"@timestamp":"2025-10-22T00:41:36.788922+03:00","level":"INFO","thread_name":"Test worker","message":"HHH000489: No JTA platform available (set 'hibernate.transaction.jta.platform' to enable JTA platform integration)"}
{"@timestamp":"2025-10-22T00:41:36.828775+03:00","level":"INFO","thread_name":"Test worker","message":"Initialized JPA EntityManagerFactory for persistence unit 'default'"}
{"@timestamp":"2025-10-22T00:41:37.7752791+03:00","level":"WARN","thread_name":"Test worker","message":"spring.jpa.open-in-view is enabled by default. Therefore, database queries may be performed during view rendering. Explicitly configure spring.jpa.open-in-view to disable this warning"}
{"@timestamp":"2025-10-22T00:41:39.4681977+03:00","level":"INFO","thread_name":"Test worker","message":"Initializing Spring TestDispatcherServlet ''"}
{"@timestamp":"2025-10-22T00:41:39.4681977+03:00","level":"INFO","thread_name":"Test worker","message":"Initializing Servlet ''"}
{"@timestamp":"2025-10-22T00:41:39.4761982+03:00","level":"INFO","thread_name":"Test worker","message":"Exposing 1 endpoint beneath base path '/actuator'"}
{"@timestamp":"2025-10-22T00:41:39.4891981+03:00","level":"INFO","thread_name":"Test worker","message":"Completed initialization in 21 ms"}
{"@timestamp":"2025-10-22T00:41:40.6244336+03:00","level":"INFO","thread_name":"Test worker","message":"Cannot determine local hostname"}
{"@timestamp":"2025-10-22T00:41:40.6439451+03:00","level":"INFO","thread_name":"Test worker","message":"Eureka HTTP Client uses RestTemplate."}
{"@timestamp":"2025-10-22T00:41:40.7139846+03:00","level":"WARN","thread_name":"Test worker","message":"Spring Cloud LoadBalancer is currently working with the default cache. While this cache implementation is useful for development and tests, it's recommended to use Caffeine cache in production.You can switch to using Caffeine cache, by adding it and org.springframework.cache.caffeine.CaffeineCacheManager to the classpath."}
{"@timestamp":"2025-10-22T00:41:40.8497747+03:00","level":"INFO","thread_name":"Test worker","message":"Starting ProtocolHandler [\"http-nio-auto-1\"]"}
{"@timestamp":"2025-10-22T00:41:40.8577749+03:00","level":"INFO","thread_name":"Test worker","message":"Tomcat started on port 57427 (http) with context path '/'"}
{"@timestamp":"2025-10-22T00:41:41.9625779+03:00","level":"INFO","thread_name":"Test worker","message":"Cannot determine local hostname"}
{"@timestamp":"2025-10-22T00:41:41.9755777+03:00","level":"INFO","thread_name":"Test worker","message":"Started DiscountServiceIntegrationTest in 11.226 seconds (process running for 14.346)"}
{"@timestamp":"2025-10-22T00:41:43.0929161+03:00","level":"INFO","thread_name":"SpringApplicationShutdownHook","message":"Commencing graceful shutdown. Waiting for active requests to complete"}
{"@timestamp":"2025-10-22T00:41:43.3086576+03:00","level":"INFO","thread_name":"tomcat-shutdown","message":"Graceful shutdown complete"}
{"@timestamp":"2025-10-22T00:41:43.3229974+03:00","level":"INFO","thread_name":"SpringApplicationShutdownHook","message":"Closing JPA EntityManagerFactory for persistence unit 'default'"}
{"@timestamp":"2025-10-22T00:41:43.324994+03:00","level":"INFO","thread_name":"SpringApplicationShutdownHook","message":"HikariPool-1 - Shutdown initiated..."}
{"@timestamp":"2025-10-22T00:41:43.3259974+03:00","level":"INFO","thread_name":"SpringApplicationShutdownHook","message":"HikariPool-1 - Shutdown completed."}
{"@timestamp":"2025-10-22T00:46:23.8111747+03:00","level":"INFO","thread_name":"Test worker","message":"Starting DiscountServiceIntegrationTest using Java 17.0.10 with PID 42468 (started by kirin in C:\\Users\\kirin\\IdeaProjects\\shop\\discount-api)"}
{"@timestamp":"2025-10-22T00:46:23.8111747+03:00","level":"INFO","thread_name":"Test worker","message":"The following 1 profile is active: \"test\""}
{"@timestamp":"2025-10-22T00:46:23.9624608+03:00","level":"INFO","thread_name":"Test worker","message":"Fetching config from server at : http://localhost:8888"}
{"@timestamp":"2025-10-22T00:46:23.9624608+03:00","level":"INFO","thread_name":"Test worker","message":"Exception on Url - http://localhost:8888:org.springframework.web.client.ResourceAccessException: I/O error on GET request for \"http://localhost:8888/discount-api/test\": Connection refused: no further information. Will be trying the next url if available"}
{"@timestamp":"2025-10-22T00:46:23.9624608+03:00","level":"WARN","thread_name":"Test worker","message":"Could not locate PropertySource ([ConfigServerConfigDataResource@5e193ef5 uris = array<String>['http://localhost:8888'], optional = true, profiles = 'test']): I/O error on GET request for \"http://localhost:8888/discount-api/test\": Connection refused: no further information"}
{"@timestamp":"2025-10-22T00:46:23.9624608+03:00","level":"INFO","thread_name":"Test worker","message":"Fetching config from server at : http://localhost:8888"}
{"@timestamp":"2025-10-22T00:46:23.9624608+03:00","level":"INFO","thread_name":"Test worker","message":"Exception on Url - http://localhost:8888:org.springframework.web.client.ResourceAccessException: I/O error on GET request for \"http://localhost:8888/discount-api/default\": Connection refused: no further information. Will be trying the next url if available"}
{"@timestamp":"2025-10-22T00:46:23.9624608+03:00","level":"WARN","thread_name":"Test worker","message":"Could not locate PropertySource ([ConfigServerConfigDataResource@106c988 uris = array<String>['http://localhost:8888'], optional = true, profiles = 'default']): I/O error on GET request for \"http://localhost:8888/discount-api/default\": Connection refused: no further information"}
{"@timestamp":"2025-10-22T00:46:24.8884765+03:00","level":"INFO","thread_name":"Test worker","message":"Multiple Spring Data modules found, entering strict repository configuration mode"}
{"@timestamp":"2025-10-22T00:46:24.8904771+03:00","level":"INFO","thread_name":"Test worker","message":"Bootstrapping Spring Data JPA repositories in DEFAULT mode."}
{"@timestamp":"2025-10-22T00:46:25.0047506+03:00","level":"INFO","thread_name":"Test worker","message":"Finished Spring Data repository scanning in 104 ms. Found 1 JPA repository interface."}
{"@timestamp":"2025-10-22T00:46:25.0167511+03:00","level":"INFO","thread_name":"Test worker","message":"Multiple Spring Data modules found, entering strict repository configuration mode"}
{"@timestamp":"2025-10-22T00:46:25.0177521+03:00","level":"INFO","thread_name":"Test worker","message":"Bootstrapping Spring Data Redis repositories in DEFAULT mode."}
{"@timestamp":"2025-10-22T00:46:25.0323526+03:00","level":"INFO","thread_name":"Test worker","message":"Spring Data Redis - Could not safely identify store assignment for repository candidate interface ru.innotech.discountapi.adapters.repository.DiscountRepository; If you want this repository to be a Redis repository, consider annotating your entities with one of these annotations: org.springframework.data.redis.core.RedisHash (preferred), or consider extending one of the following types with your repository: org.springframework.data.keyvalue.repository.KeyValueRepository"}
{"@timestamp":"2025-10-22T00:46:25.0323526+03:00","level":"INFO","thread_name":"Test worker","message":"Finished Spring Data repository scanning in 6 ms. Found 0 Redis repository interfaces."}
{"@timestamp":"2025-10-22T00:46:25.3457265+03:00","level":"INFO","thread_name":"Test worker","message":"BeanFactory id=f8e946c2-481d-3bb7-a934-13100b3e01c3"}
{"@timestamp":"2025-10-22T00:46:26.2096863+03:00","level":"INFO","thread_name":"Test worker","message":"Tomcat initialized with port 0 (http)"}
{"@timestamp":"2025-10-22T00:46:26.2259894+03:00","level":"INFO","thread_name":"Test worker","message":"Initializing ProtocolHandler [\"http-nio-auto-1\"]"}
{"@timestamp":"2025-10-22T00:46:26.228989+03:00","level":"INFO","thread_name":"Test worker","message":"Starting service [Tomcat]"}
{"@timestamp":"2025-10-22T00:46:26.2299898+03:00","level":"INFO","thread_name":"Test worker","message":"Starting Servlet engine: [Apache Tomcat/10.1.44]"}
{"@timestamp":"2025-10-22T00:46:26.3287175+03:00","level":"INFO","thread_name":"Test worker","message":"Initializing Spring embedded WebApplicationContext"}
{"@timestamp":"2025-10-22T00:46:26.3287175+03:00","level":"INFO","thread_name":"Test worker","message":"Root WebApplicationContext: initialization completed in 2360 ms"}
{"@timestamp":"2025-10-22T00:46:27.0841473+03:00","level":"INFO","thread_name":"Test worker","message":"HHH000204: Processing PersistenceUnitInfo [name: default]"}
{"@timestamp":"2025-10-22T00:46:27.1341457+03:00","level":"INFO","thread_name":"Test worker","message":"HHH000412: Hibernate ORM core version 6.6.26.Final"}
{"@timestamp":"2025-10-22T00:46:27.160146+03:00","level":"INFO","thread_name":"Test worker","message":"HHH000026: Second-level cache disabled"}
{"@timestamp":"2025-10-22T00:46:27.4659752+03:00","level":"INFO","thread_name":"Test worker","message":"No LoadTimeWeaver setup: ignoring JPA class transformer"}
{"@timestamp":"2025-10-22T00:46:27.5028946+03:00","level":"INFO","thread_name":"Test worker","message":"HikariPool-1 - Starting..."}
{"@timestamp":"2025-10-22T00:46:27.5834402+03:00","level":"INFO","thread_name":"Test worker","message":"HikariPool-1 - Added connection org.postgresql.jdbc.PgConnection@3f1bde96"}
{"@timestamp":"2025-10-22T00:46:27.5855669+03:00","level":"INFO","thread_name":"Test worker","message":"HikariPool-1 - Start completed."}
{"@timestamp":"2025-10-22T00:46:27.6391128+03:00","level":"INFO","thread_name":"Test worker","message":"HHH10001005: Database info:\n\tDatabase JDBC URL [Connecting through datasource 'HikariDataSource (HikariPool-1)']\n\tDatabase driver: undefined/unknown\n\tDatabase version: 12.3\n\tAutocommit mode: undefined/unknown\n\tIsolation level: undefined/unknown\n\tMinimum pool size: undefined/unknown\n\tMaximum pool size: undefined/unknown"}
{"@timestamp":"2025-10-22T00:46:28.2581145+03:00","level":"INFO","thread_name":"Test worker","message":"HHH000489: No JTA platform available (set 'hibernate.transaction.jta.platform' to enable JTA platform integration)"}
{"@timestamp":"2025-10-22T00:46:28.2970326+03:00","level":"INFO","thread_name":"Test worker","message":"Initialized JPA EntityManagerFactory for persistence unit 'default'"}
{"@timestamp":"2025-10-22T00:46:29.2324807+03:00","level":"WARN","thread_name":"Test worker","message":"spring.jpa.open-in-view is enabled by default. Therefore, database queries may be performed during view rendering. Explicitly configure spring.jpa.open-in-view to disable this warning"}
{"@timestamp":"2025-10-22T00:46:31.0136497+03:00","level":"INFO","thread_name":"Test worker","message":"Initializing Spring TestDispatcherServlet ''"}
{"@timestamp":"2025-10-22T00:46:31.0136497+03:00","level":"INFO","thread_name":"Test worker","message":"Initializing Servlet ''"}
{"@timestamp":"2025-10-22T00:46:31.0232222+03:00","level":"INFO","thread_name":"Test worker","message":"Exposing 1 endpoint beneath base path '/actuator'"}
{"@timestamp":"2025-10-22T00:46:31.0370453+03:00","level":"INFO","thread_name":"Test worker","message":"Completed initialization in 24 ms"}
{"@timestamp":"2025-10-22T00:46:32.1666904+03:00","level":"INFO","thread_name":"Test worker","message":"Cannot determine local hostname"}
{"@timestamp":"2025-10-22T00:46:32.2123026+03:00","level":"INFO","thread_name":"Test worker","message":"Eureka HTTP Client uses RestTemplate."}
{"@timestamp":"2025-10-22T00:46:32.2919234+03:00","level":"WARN","thread_name":"Test worker","message":"Spring Cloud LoadBalancer is currently working with the default cache. While this cache implementation is useful for development and tests, it's recommended to use Caffeine cache in production.You can switch to using Caffeine cache, by adding it and org.springframework.cache.caffeine.CaffeineCacheManager to the classpath."}
{"@timestamp":"2025-10-22T00:46:32.4365512+03:00","level":"INFO","thread_name":"Test worker","message":"Starting ProtocolHandler [\"http-nio-auto-1\"]"}
{"@timestamp":"2025-10-22T00:46:32.4511198+03:00","level":"INFO","thread_name":"Test worker","message":"Tomcat started on port 64982 (http) with context path '/'"}
{"@timestamp":"2025-10-22T00:46:33.5588022+03:00","level":"INFO","thread_name":"Test worker","message":"Cannot determine local hostname"}
{"@timestamp":"2025-10-22T00:46:33.5773281+03:00","level":"INFO","thread_name":"Test worker","message":"Started DiscountServiceIntegrationTest in 11.606 seconds (process running for 14.782)"}
{"@timestamp":"2025-10-22T00:46:34.8381722+03:00","level":"INFO","thread_name":"SpringApplicationShutdownHook","message":"Commencing graceful shutdown. Waiting for active requests to complete"}
{"@timestamp":"2025-10-22T00:46:35.0320206+03:00","level":"INFO","thread_name":"tomcat-shutdown","message":"Graceful shutdown complete"}
{"@timestamp":"2025-10-22T00:46:35.0487388+03:00","level":"INFO","thread_name":"SpringApplicationShutdownHook","message":"Closing JPA EntityManagerFactory for persistence unit 'default'"}
{"@timestamp":"2025-10-22T00:46:35.0502991+03:00","level":"INFO","thread_name":"SpringApplicationShutdownHook","message":"HikariPool-1 - Shutdown initiated..."}
{"@timestamp":"2025-10-22T00:46:35.0518663+03:00","level":"INFO","thread_name":"SpringApplicationShutdownHook","message":"HikariPool-1 - Shutdown completed."}
{"@timestamp":"2025-10-22T00:46:44.2421635+03:00","level":"INFO","thread_name":"Test worker","message":"Starting DiscountServiceIntegrationTest using Java 17.0.10 with PID 42028 (started by kirin in C:\\Users\\kirin\\IdeaProjects\\shop\\discount-api)"}
{"@timestamp":"2025-10-22T00:46:44.2431639+03:00","level":"INFO","thread_name":"Test worker","message":"The following 1 profile is active: \"test\""}
{"@timestamp":"2025-10-22T00:46:44.393802+03:00","level":"INFO","thread_name":"Test worker","message":"Fetching config from server at : http://localhost:8888"}
{"@timestamp":"2025-10-22T00:46:44.393802+03:00","level":"INFO","thread_name":"Test worker","message":"Exception on Url - http://localhost:8888:org.springframework.web.client.ResourceAccessException: I/O error on GET request for \"http://localhost:8888/discount-api/test\": Connection refused: no further information. Will be trying the next url if available"}
{"@timestamp":"2025-10-22T00:46:44.393802+03:00","level":"WARN","thread_name":"Test worker","message":"Could not locate PropertySource ([ConfigServerConfigDataResource@5e193ef5 uris = array<String>['http://localhost:8888'], optional = true, profiles = 'test']): I/O error on GET request for \"http://localhost:8888/discount-api/test\": Connection refused: no further information"}
{"@timestamp":"2025-10-22T00:46:44.3948011+03:00","level":"INFO","thread_name":"Test worker","message":"Fetching config from server at : http://localhost:8888"}
{"@timestamp":"2025-10-22T00:46:44.3948011+03:00","level":"INFO","thread_name":"Test worker","message":"Exception on Url - http://localhost:8888:org.springframework.web.client.ResourceAccessException: I/O error on GET request for \"http://localhost:8888/discount-api/default\": Connection refused: no further information. Will be trying the next url if available"}
{"@timestamp":"2025-10-22T00:46:44.3948011+03:00","level":"WARN","thread_name":"Test worker","message":"Could not locate PropertySource ([ConfigServerConfigDataResource@106c988 uris = array<String>['http://localhost:8888'], optional = true, profiles = 'default']): I/O error on GET request for \"http://localhost:8888/discount-api/default\": Connection refused: no further information"}
{"@timestamp":"2025-10-22T00:46:45.2997035+03:00","level":"INFO","thread_name":"Test worker","message":"Multiple Spring Data modules found, entering strict repository configuration mode"}
{"@timestamp":"2025-10-22T00:46:45.3017051+03:00","level":"INFO","thread_name":"Test worker","message":"Bootstrapping Spring Data JPA repositories in DEFAULT mode."}
{"@timestamp":"2025-10-22T00:46:45.4289981+03:00","level":"INFO","thread_name":"Test worker","message":"Finished Spring Data repository scanning in 112 ms. Found 1 JPA repository interface."}
{"@timestamp":"2025-10-22T00:46:45.4429992+03:00","level":"INFO","thread_name":"Test worker","message":"Multiple Spring Data modules found, entering strict repository configuration mode"}
{"@timestamp":"2025-10-22T00:46:45.4429992+03:00","level":"INFO","thread_name":"Test worker","message":"Bootstrapping Spring Data Redis repositories in DEFAULT mode."}
{"@timestamp":"2025-10-22T00:46:45.4555138+03:00","level":"INFO","thread_name":"Test worker","message":"Spring Data Redis - Could not safely identify store assignment for repository candidate interface ru.innotech.discountapi.adapters.repository.DiscountRepository; If you want this repository to be a Redis repository, consider annotating your entities with one of these annotations: org.springframework.data.redis.core.RedisHash (preferred), or consider extending one of the following types with your repository: org.springframework.data.keyvalue.repository.KeyValueRepository"}
{"@timestamp":"2025-10-22T00:46:45.4555138+03:00","level":"INFO","thread_name":"Test worker","message":"Finished Spring Data repository scanning in 4 ms. Found 0 Redis repository interfaces."}
{"@timestamp":"2025-10-22T00:46:45.8352143+03:00","level":"INFO","thread_name":"Test worker","message":"BeanFactory id=f8e946c2-481d-3bb7-a934-13100b3e01c3"}
{"@timestamp":"2025-10-22T00:46:46.5593357+03:00","level":"INFO","thread_name":"Test worker","message":"Tomcat initialized with port 0 (http)"}
{"@timestamp":"2025-10-22T00:46:46.5713368+03:00","level":"INFO","thread_name":"Test worker","message":"Initializing ProtocolHandler [\"http-nio-auto-1\"]"}
{"@timestamp":"2025-10-22T00:46:46.5733362+03:00","level":"INFO","thread_name":"Test worker","message":"Starting service [Tomcat]"}
{"@timestamp":"2025-10-22T00:46:46.5733362+03:00","level":"INFO","thread_name":"Test worker","message":"Starting Servlet engine: [Apache Tomcat/10.1.44]"}
{"@timestamp":"2025-10-22T00:46:46.6479526+03:00","level":"INFO","thread_name":"Test worker","message":"Initializing Spring embedded WebApplicationContext"}
{"@timestamp":"2025-10-22T00:46:46.6479526+03:00","level":"INFO","thread_name":"Test worker","message":"Root WebApplicationContext: initialization completed in 2248 ms"}
{"@timestamp":"2025-10-22T00:46:47.5050126+03:00","level":"INFO","thread_name":"Test worker","message":"HHH000204: Processing PersistenceUnitInfo [name: default]"}
{"@timestamp":"2025-10-22T00:46:47.5569585+03:00","level":"INFO","thread_name":"Test worker","message":"HHH000412: Hibernate ORM core version 6.6.26.Final"}
{"@timestamp":"2025-10-22T00:46:47.5886083+03:00","level":"INFO","thread_name":"Test worker","message":"HHH000026: Second-level cache disabled"}
{"@timestamp":"2025-10-22T00:46:47.8627073+03:00","level":"INFO","thread_name":"Test worker","message":"No LoadTimeWeaver setup: ignoring JPA class transformer"}
{"@timestamp":"2025-10-22T00:46:47.8917069+03:00","level":"INFO","thread_name":"Test worker","message":"HikariPool-1 - Starting..."}
{"@timestamp":"2025-10-22T00:46:47.9561506+03:00","level":"INFO","thread_name":"Test worker","message":"HikariPool-1 - Added connection org.postgresql.jdbc.PgConnection@3f1bde96"}
{"@timestamp":"2025-10-22T00:46:47.9572738+03:00","level":"INFO","thread_name":"Test worker","message":"HikariPool-1 - Start completed."}
{"@timestamp":"2025-10-22T00:46:48.0134519+03:00","level":"INFO","thread_name":"Test worker","message":"HHH10001005: Database info:\n\tDatabase JDBC URL [Connecting through datasource 'HikariDataSource (HikariPool-1)']\n\tDatabase driver: undefined/unknown\n\tDatabase version: 12.3\n\tAutocommit mode: undefined/unknown\n\tIsolation level: undefined/unknown\n\tMinimum pool size: undefined/unknown\n\tMaximum pool size: undefined/unknown"}
{"@timestamp":"2025-10-22T00:46:48.6200357+03:00","level":"INFO","thread_name":"Test worker","message":"HHH000489: No JTA platform available (set 'hibernate.transaction.jta.platform' to enable JTA platform integration)"}
{"@timestamp":"2025-10-22T00:46:48.6572436+03:00","level":"INFO","thread_name":"Test worker","message":"Initialized JPA EntityManagerFactory for persistence unit 'default'"}
{"@timestamp":"2025-10-22T00:46:49.5764848+03:00","level":"WARN","thread_name":"Test worker","message":"spring.jpa.open-in-view is enabled by default. Therefore, database queries may be performed during view rendering. Explicitly configure spring.jpa.open-in-view to disable this warning"}
{"@timestamp":"2025-10-22T00:46:51.475041+03:00","level":"INFO","thread_name":"Test worker","message":"Initializing Spring TestDispatcherServlet ''"}
{"@timestamp":"2025-10-22T00:46:51.475041+03:00","level":"INFO","thread_name":"Test worker","message":"Initializing Servlet ''"}
{"@timestamp":"2025-10-22T00:46:51.4820422+03:00","level":"INFO","thread_name":"Test worker","message":"Exposing 1 endpoint beneath base path '/actuator'"}
{"@timestamp":"2025-10-22T00:46:51.4955333+03:00","level":"INFO","thread_name":"Test worker","message":"Completed initialization in 19 ms"}
{"@timestamp":"2025-10-22T00:46:52.6472625+03:00","level":"INFO","thread_name":"Test worker","message":"Cannot determine local hostname"}
{"@timestamp":"2025-10-22T00:46:52.6678077+03:00","level":"INFO","thread_name":"Test worker","message":"Eureka HTTP Client uses RestTemplate."}
{"@timestamp":"2025-10-22T00:46:52.7686369+03:00","level":"WARN","thread_name":"Test worker","message":"Spring Cloud LoadBalancer is currently working with the default cache. While this cache implementation is useful for development and tests, it's recommended to use Caffeine cache in production.You can switch to using Caffeine cache, by adding it and org.springframework.cache.caffeine.CaffeineCacheManager to the classpath."}
{"@timestamp":"2025-10-22T00:46:52.9054908+03:00","level":"INFO","thread_name":"Test worker","message":"Starting ProtocolHandler [\"http-nio-auto-1\"]"}
{"@timestamp":"2025-10-22T00:46:52.9145165+03:00","level":"INFO","thread_name":"Test worker","message":"Tomcat started on port 65518 (http) with context path '/'"}
{"@timestamp":"2025-10-22T00:46:54.0263478+03:00","level":"INFO","thread_name":"Test worker","message":"Cannot determine local hostname"}
{"@timestamp":"2025-10-22T00:46:54.0434164+03:00","level":"INFO","thread_name":"Test worker","message":"Started DiscountServiceIntegrationTest in 11.596 seconds (process running for 14.845)"}
{"@timestamp":"2025-10-22T00:46:55.2300941+03:00","level":"INFO","thread_name":"SpringApplicationShutdownHook","message":"Commencing graceful shutdown. Waiting for active requests to complete"}
{"@timestamp":"2025-10-22T00:46:55.4233818+03:00","level":"INFO","thread_name":"tomcat-shutdown","message":"Graceful shutdown complete"}
{"@timestamp":"2025-10-22T00:46:55.4364332+03:00","level":"INFO","thread_name":"SpringApplicationShutdownHook","message":"Closing JPA EntityManagerFactory for persistence unit 'default'"}
{"@timestamp":"2025-10-22T00:46:55.4385489+03:00","level":"INFO","thread_name":"SpringApplicationShutdownHook","message":"HikariPool-1 - Shutdown initiated..."}
{"@timestamp":"2025-10-22T00:46:55.4404718+03:00","level":"INFO","thread_name":"SpringApplicationShutdownHook","message":"HikariPool-1 - Shutdown completed."}
{"@timestamp":"2025-10-22T00:48:42.4282959+03:00","level":"INFO","thread_name":"Test worker","message":"Starting DiscountServiceIntegrationTest using Java 17.0.10 with PID 36652 (started by kirin in C:\\Users\\kirin\\IdeaProjects\\shop\\discount-api)"}
{"@timestamp":"2025-10-22T00:48:42.4292967+03:00","level":"INFO","thread_name":"Test worker","message":"The following 1 profile is active: \"test\""}
{"@timestamp":"2025-10-22T00:48:42.5695902+03:00","level":"INFO","thread_name":"Test worker","message":"Fetching config from server at : http://localhost:8888"}
{"@timestamp":"2025-10-22T00:48:42.5695902+03:00","level":"INFO","thread_name":"Test worker","message":"Exception on Url - http://localhost:8888:org.springframework.web.client.ResourceAccessException: I/O error on GET request for \"http://localhost:8888/discount-api/test\": Connection refused: no further information. Will be trying the next url if available"}
{"@timestamp":"2025-10-22T00:48:42.5695902+03:00","level":"WARN","thread_name":"Test worker","message":"Could not locate PropertySource ([ConfigServerConfigDataResource@1ee40b5c uris = array<String>['http://localhost:8888'], optional = true, profiles = 'test']): I/O error on GET request for \"http://localhost:8888/discount-api/test\": Connection refused: no further information"}
{"@timestamp":"2025-10-22T00:48:42.5695902+03:00","level":"INFO","thread_name":"Test worker","message":"Fetching config from server at : http://localhost:8888"}
{"@timestamp":"2025-10-22T00:48:42.5695902+03:00","level":"INFO","thread_name":"Test worker","message":"Exception on Url - http://localhost:8888:org.springframework.web.client.ResourceAccessException: I/O error on GET request for \"http://localhost:8888/discount-api/default\": Connection refused: no further information. Will be trying the next url if available"}
{"@timestamp":"2025-10-22T00:48:42.5695902+03:00","level":"WARN","thread_name":"Test worker","message":"Could not locate PropertySource ([ConfigServerConfigDataResource@5c448ef uris = array<String>['http://localhost:8888'], optional = true, profiles = 'default']): I/O error on GET request for \"http://localhost:8888/discount-api/default\": Connection refused: no further information"}
{"@timestamp":"2025-10-22T00:48:43.5030271+03:00","level":"INFO","thread_name":"Test worker","message":"Multiple Spring Data modules found, entering strict repository configuration mode"}
{"@timestamp":"2025-10-22T00:48:43.5040277+03:00","level":"INFO","thread_name":"Test worker","message":"Bootstrapping Spring Data JPA repositories in DEFAULT mode."}
{"@timestamp":"2025-10-22T00:48:43.6318465+03:00","level":"INFO","thread_name":"Test worker","message":"Finished Spring Data repository scanning in 118 ms. Found 1 JPA repository interface."}
{"@timestamp":"2025-10-22T00:48:43.6438466+03:00","level":"INFO","thread_name":"Test worker","message":"Multiple Spring Data modules found, entering strict repository configuration mode"}
{"@timestamp":"2025-10-22T00:48:43.6448462+03:00","level":"INFO","thread_name":"Test worker","message":"Bootstrapping Spring Data Redis repositories in DEFAULT mode."}
{"@timestamp":"2025-10-22T00:48:43.6578462+03:00","level":"INFO","thread_name":"Test worker","message":"Spring Data Redis - Could not safely identify store assignment for repository candidate interface ru.innotech.discountapi.adapters.repository.DiscountRepository; If you want this repository to be a Redis repository, consider annotating your entities with one of these annotations: org.springframework.data.redis.core.RedisHash (preferred), or consider extending one of the following types with your repository: org.springframework.data.keyvalue.repository.KeyValueRepository"}
{"@timestamp":"2025-10-22T00:48:43.6578462+03:00","level":"INFO","thread_name":"Test worker","message":"Finished Spring Data repository scanning in 4 ms. Found 0 Redis repository interfaces."}
{"@timestamp":"2025-10-22T00:48:43.9835681+03:00","level":"INFO","thread_name":"Test worker","message":"BeanFactory id=f8e946c2-481d-3bb7-a934-13100b3e01c3"}
{"@timestamp":"2025-10-22T00:48:44.718997+03:00","level":"INFO","thread_name":"Test worker","message":"Tomcat initialized with port 0 (http)"}
{"@timestamp":"2025-10-22T00:48:44.7319992+03:00","level":"INFO","thread_name":"Test worker","message":"Initializing ProtocolHandler [\"http-nio-auto-1\"]"}
{"@timestamp":"2025-10-22T00:48:44.7339983+03:00","level":"INFO","thread_name":"Test worker","message":"Starting service [Tomcat]"}
{"@timestamp":"2025-10-22T00:48:44.7339983+03:00","level":"INFO","thread_name":"Test worker","message":"Starting Servlet engine: [Apache Tomcat/10.1.44]"}
{"@timestamp":"2025-10-22T00:48:44.8145462+03:00","level":"INFO","thread_name":"Test worker","message":"Initializing Spring embedded WebApplicationContext"}
{"@timestamp":"2025-10-22T00:48:44.8145462+03:00","level":"INFO","thread_name":"Test worker","message":"Root WebApplicationContext: initialization completed in 2241 ms"}
{"@timestamp":"2025-10-22T00:48:45.5882852+03:00","level":"INFO","thread_name":"Test worker","message":"HHH000204: Processing PersistenceUnitInfo [name: default]"}
{"@timestamp":"2025-10-22T00:48:45.6422838+03:00","level":"INFO","thread_name":"Test worker","message":"HHH000412: Hibernate ORM core version 6.6.26.Final"}
{"@timestamp":"2025-10-22T00:48:45.6698883+03:00","level":"INFO","thread_name":"Test worker","message":"HHH000026: Second-level cache disabled"}
{"@timestamp":"2025-10-22T00:48:45.8951586+03:00","level":"INFO","thread_name":"Test worker","message":"No LoadTimeWeaver setup: ignoring JPA class transformer"}
{"@timestamp":"2025-10-22T00:48:45.9189792+03:00","level":"INFO","thread_name":"Test worker","message":"HikariPool-1 - Starting..."}
{"@timestamp":"2025-10-22T00:48:45.9861059+03:00","level":"INFO","thread_name":"Test worker","message":"HikariPool-1 - Added connection org.postgresql.jdbc.PgConnection@3f2731e5"}
{"@timestamp":"2025-10-22T00:48:45.9877352+03:00","level":"INFO","thread_name":"Test worker","message":"HikariPool-1 - Start completed."}
{"@timestamp":"2025-10-22T00:48:46.0414288+03:00","level":"INFO","thread_name":"Test worker","message":"HHH10001005: Database info:\n\tDatabase JDBC URL [Connecting through datasource 'HikariDataSource (HikariPool-1)']\n\tDatabase driver: undefined/unknown\n\tDatabase version: 12.3\n\tAutocommit mode: undefined/unknown\n\tIsolation level: undefined/unknown\n\tMinimum pool size: undefined/unknown\n\tMaximum pool size: undefined/unknown"}
{"@timestamp":"2025-10-22T00:48:46.6317103+03:00","level":"INFO","thread_name":"Test worker","message":"HHH000489: No JTA platform available (set 'hibernate.transaction.jta.platform' to enable JTA platform integration)"}
{"@timestamp":"2025-10-22T00:48:46.6673112+03:00","level":"INFO","thread_name":"Test worker","message":"Initialized JPA EntityManagerFactory for persistence unit 'default'"}
{"@timestamp":"2025-10-22T00:48:47.4765159+03:00","level":"WARN","thread_name":"Test worker","message":"spring.jpa.open-in-view is enabled by default. Therefore, database queries may be performed during view rendering. Explicitly configure spring.jpa.open-in-view to disable this warning"}
{"@timestamp":"2025-10-22T00:48:49.1215479+03:00","level":"INFO","thread_name":"Test worker","message":"Initializing Spring TestDispatcherServlet ''"}
{"@timestamp":"2025-10-22T00:48:49.1215479+03:00","level":"INFO","thread_name":"Test worker","message":"Initializing Servlet ''"}
{"@timestamp":"2025-10-22T00:48:49.129546+03:00","level":"INFO","thread_name":"Test worker","message":"Exposing 1 endpoint beneath base path '/actuator'"}
{"@timestamp":"2025-10-22T00:48:49.1465465+03:00","level":"INFO","thread_name":"Test worker","message":"Completed initialization in 25 ms"}
{"@timestamp":"2025-10-22T00:48:50.2756685+03:00","level":"INFO","thread_name":"Test worker","message":"Cannot determine local hostname"}
{"@timestamp":"2025-10-22T00:48:50.3108169+03:00","level":"INFO","thread_name":"Test worker","message":"Eureka HTTP Client uses RestTemplate."}
{"@timestamp":"2025-10-22T00:48:50.4195505+03:00","level":"WARN","thread_name":"Test worker","message":"Spring Cloud LoadBalancer is currently working with the default cache. While this cache implementation is useful for development and tests, it's recommended to use Caffeine cache in production.You can switch to using Caffeine cache, by adding it and org.springframework.cache.caffeine.CaffeineCacheManager to the classpath."}
{"@timestamp":"2025-10-22T00:48:50.563596+03:00","level":"INFO","thread_name":"Test worker","message":"Starting ProtocolHandler [\"http-nio-auto-1\"]"}
{"@timestamp":"2025-10-22T00:48:50.57162+03:00","level":"INFO","thread_name":"Test worker","message":"Tomcat started on port 49198 (http) with context path '/'"}
{"@timestamp":"2025-10-22T00:48:51.6699906+03:00","level":"INFO","thread_name":"Test worker","message":"Cannot determine local hostname"}
{"@timestamp":"2025-10-22T00:48:51.6830046+03:00","level":"INFO","thread_name":"Test worker","message":"Started DiscountServiceIntegrationTest in 11.091 seconds (process running for 74.366)"}
{"@timestamp":"2025-10-22T00:48:51.934337+03:00","level":"INFO","thread_name":"SpringApplicationShutdownHook","message":"Commencing graceful shutdown. Waiting for active requests to complete"}
{"@timestamp":"2025-10-22T00:48:52.1445422+03:00","level":"INFO","thread_name":"tomcat-shutdown","message":"Graceful shutdown complete"}
{"@timestamp":"2025-10-22T00:48:52.1585689+03:00","level":"INFO","thread_name":"SpringApplicationShutdownHook","message":"Closing JPA EntityManagerFactory for persistence unit 'default'"}
{"@timestamp":"2025-10-22T00:48:52.159569+03:00","level":"INFO","thread_name":"SpringApplicationShutdownHook","message":"HikariPool-1 - Shutdown initiated..."}
{"@timestamp":"2025-10-22T00:48:52.1605704+03:00","level":"INFO","thread_name":"SpringApplicationShutdownHook","message":"HikariPool-1 - Shutdown completed."}
{"@timestamp":"2025-10-22T00:51:02.9969182+03:00","level":"INFO","thread_name":"Test worker","message":"Starting DiscountServiceIntegrationTest using Java 17.0.10 with PID 42348 (started by kirin in C:\\Users\\kirin\\IdeaProjects\\shop\\discount-api)"}
{"@timestamp":"2025-10-22T00:51:02.9979181+03:00","level":"INFO","thread_name":"Test worker","message":"The following 1 profile is active: \"test\""}
{"@timestamp":"2025-10-22T00:51:03.31036+03:00","level":"INFO","thread_name":"Test worker","message":"Fetching config from server at : http://localhost:8888"}
{"@timestamp":"2025-10-22T00:51:03.31036+03:00","level":"INFO","thread_name":"Test worker","message":"Exception on Url - http://localhost:8888:org.springframework.web.client.ResourceAccessException: I/O error on GET request for \"http://localhost:8888/discount-api/test\": Connection refused: no further information. Will be trying the next url if available"}
{"@timestamp":"2025-10-22T00:51:03.31036+03:00","level":"WARN","thread_name":"Test worker","message":"Could not locate PropertySource ([ConfigServerConfigDataResource@6885ed19 uris = array<String>['http://localhost:8888'], optional = true, profiles = 'test']): I/O error on GET request for \"http://localhost:8888/discount-api/test\": Connection refused: no further information"}
{"@timestamp":"2025-10-22T00:51:03.31036+03:00","level":"INFO","thread_name":"Test worker","message":"Fetching config from server at : http://localhost:8888"}
{"@timestamp":"2025-10-22T00:51:03.31036+03:00","level":"INFO","thread_name":"Test worker","message":"Exception on Url - http://localhost:8888:org.springframework.web.client.ResourceAccessException: I/O error on GET request for \"http://localhost:8888/discount-api/default\": Connection refused: no further information. Will be trying the next url if available"}
{"@timestamp":"2025-10-22T00:51:03.31036+03:00","level":"WARN","thread_name":"Test worker","message":"Could not locate PropertySource ([ConfigServerConfigDataResource@10817f46 uris = array<String>['http://localhost:8888'], optional = true, profiles = 'default']): I/O error on GET request for \"http://localhost:8888/discount-api/default\": Connection refused: no further information"}
{"@timestamp":"2025-10-22T00:51:06.1482153+03:00","level":"INFO","thread_name":"Test worker","message":"Multiple Spring Data modules found, entering strict repository configuration mode"}
{"@timestamp":"2025-10-22T00:51:06.150923+03:00","level":"INFO","thread_name":"Test worker","message":"Bootstrapping Spring Data JPA repositories in DEFAULT mode."}
{"@timestamp":"2025-10-22T00:51:06.4214947+03:00","level":"INFO","thread_name":"Test worker","message":"Finished Spring Data repository scanning in 224 ms. Found 1 JPA repository interface."}
{"@timestamp":"2025-10-22T00:51:06.4430086+03:00","level":"INFO","thread_name":"Test worker","message":"Multiple Spring Data modules found, entering strict repository configuration mode"}
{"@timestamp":"2025-10-22T00:51:06.4450113+03:00","level":"INFO","thread_name":"Test worker","message":"Bootstrapping Spring Data Redis repositories in DEFAULT mode."}
{"@timestamp":"2025-10-22T00:51:06.4723235+03:00","level":"INFO","thread_name":"Test worker","message":"Spring Data Redis - Could not safely identify store assignment for repository candidate interface ru.innotech.discountapi.adapters.repository.DiscountRepository; If you want this repository to be a Redis repository, consider annotating your entities with one of these annotations: org.springframework.data.redis.core.RedisHash (preferred), or consider extending one of the following types with your repository: org.springframework.data.keyvalue.repository.KeyValueRepository"}
{"@timestamp":"2025-10-22T00:51:06.4723235+03:00","level":"INFO","thread_name":"Test worker","message":"Finished Spring Data repository scanning in 10 ms. Found 0 Redis repository interfaces."}
{"@timestamp":"2025-10-22T00:51:07.2860641+03:00","level":"INFO","thread_name":"Test worker","message":"BeanFactory id=f8e946c2-481d-3bb7-a934-13100b3e01c3"}
{"@timestamp":"2025-10-22T00:51:09.9114563+03:00","level":"INFO","thread_name":"Test worker","message":"Tomcat initialized with port 0 (http)"}
{"@timestamp":"2025-10-22T00:51:09.9305857+03:00","level":"INFO","thread_name":"Test worker","message":"Initializing ProtocolHandler [\"http-nio-auto-1\"]"}
{"@timestamp":"2025-10-22T00:51:09.933545+03:00","level":"INFO","thread_name":"Test worker","message":"Starting service [Tomcat]"}
{"@timestamp":"2025-10-22T00:51:09.933545+03:00","level":"INFO","thread_name":"Test worker","message":"Starting Servlet engine: [Apache Tomcat/10.1.44]"}
{"@timestamp":"2025-10-22T00:51:10.1216463+03:00","level":"INFO","thread_name":"Test worker","message":"Initializing Spring embedded WebApplicationContext"}
{"@timestamp":"2025-10-22T00:51:10.1216463+03:00","level":"INFO","thread_name":"Test worker","message":"Root WebApplicationContext: initialization completed in 6801 ms"}
{"@timestamp":"2025-10-22T00:51:11.809812+03:00","level":"INFO","thread_name":"Test worker","message":"HHH000204: Processing PersistenceUnitInfo [name: default]"}
{"@timestamp":"2025-10-22T00:51:11.8852226+03:00","level":"INFO","thread_name":"Test worker","message":"HHH000412: Hibernate ORM core version 6.6.26.Final"}
{"@timestamp":"2025-10-22T00:51:11.935225+03:00","level":"INFO","thread_name":"Test worker","message":"HHH000026: Second-level cache disabled"}
{"@timestamp":"2025-10-22T00:51:12.3149969+03:00","level":"INFO","thread_name":"Test worker","message":"No LoadTimeWeaver setup: ignoring JPA class transformer"}
{"@timestamp":"2025-10-22T00:51:12.3600003+03:00","level":"INFO","thread_name":"Test worker","message":"HikariPool-1 - Starting..."}
{"@timestamp":"2025-10-22T00:51:12.4864293+03:00","level":"INFO","thread_name":"Test worker","message":"HikariPool-1 - Added connection org.postgresql.jdbc.PgConnection@6a275836"}
{"@timestamp":"2025-10-22T00:51:12.4884843+03:00","level":"INFO","thread_name":"Test worker","message":"HikariPool-1 - Start completed."}
{"@timestamp":"2025-10-22T00:51:12.5695685+03:00","level":"INFO","thread_name":"Test worker","message":"HHH10001005: Database info:\n\tDatabase JDBC URL [Connecting through datasource 'HikariDataSource (HikariPool-1)']\n\tDatabase driver: undefined/unknown\n\tDatabase version: 12.3\n\tAutocommit mode: undefined/unknown\n\tIsolation level: undefined/unknown\n\tMinimum pool size: undefined/unknown\n\tMaximum pool size: undefined/unknown"}
{"@timestamp":"2025-10-22T00:51:13.6093268+03:00","level":"INFO","thread_name":"Test worker","message":"HHH000489: No JTA platform available (set 'hibernate.transaction.jta.platform' to enable JTA platform integration)"}
{"@timestamp":"2025-10-22T00:51:13.6609304+03:00","level":"INFO","thread_name":"Test worker","message":"Initialized JPA EntityManagerFactory for persistence unit 'default'"}
{"@timestamp":"2025-10-22T00:51:15.6084055+03:00","level":"WARN","thread_name":"Test worker","message":"spring.jpa.open-in-view is enabled by default. Therefore, database queries may be performed during view rendering. Explicitly configure spring.jpa.open-in-view to disable this warning"}
{"@timestamp":"2025-10-22T00:51:18.8256908+03:00","level":"INFO","thread_name":"Test worker","message":"Initializing Spring TestDispatcherServlet ''"}
{"@timestamp":"2025-10-22T00:51:18.8256908+03:00","level":"INFO","thread_name":"Test worker","message":"Initializing Servlet ''"}
{"@timestamp":"2025-10-22T00:51:18.8397449+03:00","level":"INFO","thread_name":"Test worker","message":"Exposing 1 endpoint beneath base path '/actuator'"}
{"@timestamp":"2025-10-22T00:51:18.8617342+03:00","level":"INFO","thread_name":"Test worker","message":"Completed initialization in 36 ms"}
{"@timestamp":"2025-10-22T00:51:20.0610284+03:00","level":"INFO","thread_name":"Test worker","message":"Cannot determine local hostname"}
{"@timestamp":"2025-10-22T00:51:20.0956163+03:00","level":"INFO","thread_name":"Test worker","message":"Eureka HTTP Client uses RestTemplate."}
{"@timestamp":"2025-10-22T00:51:20.2364039+03:00","level":"WARN","thread_name":"Test worker","message":"Spring Cloud LoadBalancer is currently working with the default cache. While this cache implementation is useful for development and tests, it's recommended to use Caffeine cache in production.You can switch to using Caffeine cache, by adding it and org.springframework.cache.caffeine.CaffeineCacheManager to the classpath."}
{"@timestamp":"2025-10-22T00:51:20.5270724+03:00","level":"INFO","thread_name":"Test worker","message":"Starting ProtocolHandler [\"http-nio-auto-1\"]"}
{"@timestamp":"2025-10-22T00:51:20.54159+03:00","level":"INFO","thread_name":"Test worker","message":"Tomcat started on port 49428 (http) with context path '/'"}
{"@timestamp":"2025-10-22T00:51:21.6801062+03:00","level":"INFO","thread_name":"Test worker","message":"Cannot determine local hostname"}
{"@timestamp":"2025-10-22T00:51:21.7031068+03:00","level":"INFO","thread_name":"Test worker","message":"Started DiscountServiceIntegrationTest in 21.245 seconds (process running for 84.93)"}
{"@timestamp":"2025-10-22T00:51:22.0208719+03:00","level":"INFO","thread_name":"SpringApplicationShutdownHook","message":"Commencing graceful shutdown. Waiting for active requests to complete"}
{"@timestamp":"2025-10-22T00:51:22.3549687+03:00","level":"INFO","thread_name":"tomcat-shutdown","message":"Graceful shutdown complete"}
{"@timestamp":"2025-10-22T00:51:22.4053912+03:00","level":"INFO","thread_name":"SpringApplicationShutdownHook","message":"Closing JPA EntityManagerFactory for persistence unit 'default'"}
{"@timestamp":"2025-10-22T00:51:22.4093936+03:00","level":"INFO","thread_name":"SpringApplicationShutdownHook","message":"HikariPool-1 - Shutdown initiated..."}
{"@timestamp":"2025-10-22T00:51:22.4123924+03:00","level":"INFO","thread_name":"SpringApplicationShutdownHook","message":"HikariPool-1 - Shutdown completed."}
{"@timestamp":"2025-10-22T00:51:56.2354194+03:00","level":"INFO","thread_name":"Test worker","message":"Starting DiscountServiceIntegrationTest using Java 17.0.10 with PID 20984 (started by kirin in C:\\Users\\kirin\\IdeaProjects\\shop\\discount-api)"}
{"@timestamp":"2025-10-22T00:51:56.2354194+03:00","level":"INFO","thread_name":"Test worker","message":"The following 1 profile is active: \"test\""}
{"@timestamp":"2025-10-22T00:51:56.4044177+03:00","level":"INFO","thread_name":"Test worker","message":"Fetching config from server at : http://localhost:8888"}
{"@timestamp":"2025-10-22T00:51:56.4044177+03:00","level":"INFO","thread_name":"Test worker","message":"Exception on Url - http://localhost:8888:org.springframework.web.client.ResourceAccessException: I/O error on GET request for \"http://localhost:8888/discount-api/test\": Connection refused: no further information. Will be trying the next url if available"}
{"@timestamp":"2025-10-22T00:51:56.4044177+03:00","level":"WARN","thread_name":"Test worker","message":"Could not locate PropertySource ([ConfigServerConfigDataResource@7364f68 uris = array<String>['http://localhost:8888'], optional = true, profiles = 'test']): I/O error on GET request for \"http://localhost:8888/discount-api/test\": Connection refused: no further information"}
{"@timestamp":"2025-10-22T00:51:56.4044177+03:00","level":"INFO","thread_name":"Test worker","message":"Fetching config from server at : http://localhost:8888"}
{"@timestamp":"2025-10-22T00:51:56.4044177+03:00","level":"INFO","thread_name":"Test worker","message":"Exception on Url - http://localhost:8888:org.springframework.web.client.ResourceAccessException: I/O error on GET request for \"http://localhost:8888/discount-api/default\": Connection refused: no further information. Will be trying the next url if available"}
{"@timestamp":"2025-10-22T00:51:56.4044177+03:00","level":"WARN","thread_name":"Test worker","message":"Could not locate PropertySource ([ConfigServerConfigDataResource@55a0f011 uris = array<String>['http://localhost:8888'], optional = true, profiles = 'default']): I/O error on GET request for \"http://localhost:8888/discount-api/default\": Connection refused: no further information"}
{"@timestamp":"2025-10-22T00:51:57.4413207+03:00","level":"INFO","thread_name":"Test worker","message":"Multiple Spring Data modules found, entering strict repository configuration mode"}
{"@timestamp":"2025-10-22T00:51:57.4433208+03:00","level":"INFO","thread_name":"Test worker","message":"Bootstrapping Spring Data JPA repositories in DEFAULT mode."}
{"@timestamp":"2025-10-22T00:51:57.5873203+03:00","level":"INFO","thread_name":"Test worker","message":"Finished Spring Data repository scanning in 132 ms. Found 1 JPA repository interface."}
{"@timestamp":"2025-10-22T00:51:57.6043226+03:00","level":"INFO","thread_name":"Test worker","message":"Multiple Spring Data modules found, entering strict repository configuration mode"}
{"@timestamp":"2025-10-22T00:51:57.6053227+03:00","level":"INFO","thread_name":"Test worker","message":"Bootstrapping Spring Data Redis repositories in DEFAULT mode."}
{"@timestamp":"2025-10-22T00:51:57.6213213+03:00","level":"INFO","thread_name":"Test worker","message":"Spring Data Redis - Could not safely identify store assignment for repository candidate interface ru.innotech.discountapi.adapters.repository.DiscountRepository; If you want this repository to be a Redis repository, consider annotating your entities with one of these annotations: org.springframework.data.redis.core.RedisHash (preferred), or consider extending one of the following types with your repository: org.springframework.data.keyvalue.repository.KeyValueRepository"}
{"@timestamp":"2025-10-22T00:51:57.6213213+03:00","level":"INFO","thread_name":"Test worker","message":"Finished Spring Data repository scanning in 6 ms. Found 0 Redis repository interfaces."}
{"@timestamp":"2025-10-22T00:51:57.9246251+03:00","level":"INFO","thread_name":"Test worker","message":"BeanFactory id=f8e946c2-481d-3bb7-a934-13100b3e01c3"}
{"@timestamp":"2025-10-22T00:51:58.7139447+03:00","level":"INFO","thread_name":"Test worker","message":"Tomcat initialized with port 0 (http)"}
{"@timestamp":"2025-10-22T00:51:58.7249451+03:00","level":"INFO","thread_name":"Test worker","message":"Initializing ProtocolHandler [\"http-nio-auto-1\"]"}
{"@timestamp":"2025-10-22T00:51:58.7279442+03:00","level":"INFO","thread_name":"Test worker","message":"Starting service [Tomcat]"}
{"@timestamp":"2025-10-22T00:51:58.7279442+03:00","level":"INFO","thread_name":"Test worker","message":"Starting Servlet engine: [Apache Tomcat/10.1.44]"}
{"@timestamp":"2025-10-22T00:51:58.803689+03:00","level":"INFO","thread_name":"Test worker","message":"Initializing Spring embedded WebApplicationContext"}
{"@timestamp":"2025-10-22T00:51:58.803689+03:00","level":"INFO","thread_name":"Test worker","message":"Root WebApplicationContext: initialization completed in 2395 ms"}
{"@timestamp":"2025-10-22T00:51:59.9492851+03:00","level":"INFO","thread_name":"Test worker","message":"HHH000204: Processing PersistenceUnitInfo [name: default]"}
{"@timestamp":"2025-10-22T00:52:00.027955+03:00","level":"INFO","thread_name":"Test worker","message":"HHH000412: Hibernate ORM core version 6.6.26.Final"}
{"@timestamp":"2025-10-22T00:52:00.0850713+03:00","level":"INFO","thread_name":"Test worker","message":"HHH000026: Second-level cache disabled"}
{"@timestamp":"2025-10-22T00:52:00.4938705+03:00","level":"INFO","thread_name":"Test worker","message":"No LoadTimeWeaver setup: ignoring JPA class transformer"}
{"@timestamp":"2025-10-22T00:52:00.5319344+03:00","level":"INFO","thread_name":"Test worker","message":"HikariPool-1 - Starting..."}
{"@timestamp":"2025-10-22T00:52:00.6327311+03:00","level":"INFO","thread_name":"Test worker","message":"HikariPool-1 - Added connection org.postgresql.jdbc.PgConnection@72cbe3b6"}
{"@timestamp":"2025-10-22T00:52:00.634267+03:00","level":"INFO","thread_name":"Test worker","message":"HikariPool-1 - Start completed."}
{"@timestamp":"2025-10-22T00:52:00.7150209+03:00","level":"INFO","thread_name":"Test worker","message":"HHH10001005: Database info:\n\tDatabase JDBC URL [Connecting through datasource 'HikariDataSource (HikariPool-1)']\n\tDatabase driver: undefined/unknown\n\tDatabase version: 12.3\n\tAutocommit mode: undefined/unknown\n\tIsolation level: undefined/unknown\n\tMinimum pool size: undefined/unknown\n\tMaximum pool size: undefined/unknown"}
{"@timestamp":"2025-10-22T00:52:01.8067971+03:00","level":"INFO","thread_name":"Test worker","message":"HHH000489: No JTA platform available (set 'hibernate.transaction.jta.platform' to enable JTA platform integration)"}
{"@timestamp":"2025-10-22T00:52:01.8656736+03:00","level":"INFO","thread_name":"Test worker","message":"Initialized JPA EntityManagerFactory for persistence unit 'default'"}
{"@timestamp":"2025-10-22T00:52:04.6006685+03:00","level":"WARN","thread_name":"Test worker","message":"spring.jpa.open-in-view is enabled by default. Therefore, database queries may be performed during view rendering. Explicitly configure spring.jpa.open-in-view to disable this warning"}
{"@timestamp":"2025-10-22T00:52:06.9775193+03:00","level":"INFO","thread_name":"Test worker","message":"Initializing Spring TestDispatcherServlet ''"}
{"@timestamp":"2025-10-22T00:52:06.9775193+03:00","level":"INFO","thread_name":"Test worker","message":"Initializing Servlet ''"}
{"@timestamp":"2025-10-22T00:52:06.9845205+03:00","level":"INFO","thread_name":"Test worker","message":"Exposing 1 endpoint beneath base path '/actuator'"}
{"@timestamp":"2025-10-22T00:52:06.9945214+03:00","level":"INFO","thread_name":"Test worker","message":"Completed initialization in 17 ms"}
{"@timestamp":"2025-10-22T00:52:08.1164545+03:00","level":"INFO","thread_name":"Test worker","message":"Cannot determine local hostname"}
{"@timestamp":"2025-10-22T00:52:08.1464817+03:00","level":"INFO","thread_name":"Test worker","message":"Eureka HTTP Client uses RestTemplate."}
{"@timestamp":"2025-10-22T00:52:08.2252239+03:00","level":"WARN","thread_name":"Test worker","message":"Spring Cloud LoadBalancer is currently working with the default cache. While this cache implementation is useful for development and tests, it's recommended to use Caffeine cache in production.You can switch to using Caffeine cache, by adding it and org.springframework.cache.caffeine.CaffeineCacheManager to the classpath."}
{"@timestamp":"2025-10-22T00:52:08.3602241+03:00","level":"INFO","thread_name":"Test worker","message":"Starting ProtocolHandler [\"http-nio-auto-1\"]"}
{"@timestamp":"2025-10-22T00:52:08.3682213+03:00","level":"INFO","thread_name":"Test worker","message":"Tomcat started on port 49483 (http) with context path '/'"}
{"@timestamp":"2025-10-22T00:52:09.4804194+03:00","level":"INFO","thread_name":"Test worker","message":"Cannot determine local hostname"}
{"@timestamp":"2025-10-22T00:52:09.4942399+03:00","level":"INFO","thread_name":"Test worker","message":"Started DiscountServiceIntegrationTest in 15.123 seconds (process running for 18.226)"}
{"@timestamp":"2025-10-22T00:52:10.6263369+03:00","level":"INFO","thread_name":"SpringApplicationShutdownHook","message":"Commencing graceful shutdown. Waiting for active requests to complete"}
{"@timestamp":"2025-10-22T00:52:10.8398809+03:00","level":"INFO","thread_name":"tomcat-shutdown","message":"Graceful shutdown complete"}
{"@timestamp":"2025-10-22T00:52:10.8539176+03:00","level":"INFO","thread_name":"SpringApplicationShutdownHook","message":"Closing JPA EntityManagerFactory for persistence unit 'default'"}
{"@timestamp":"2025-10-22T00:52:10.8555321+03:00","level":"INFO","thread_name":"SpringApplicationShutdownHook","message":"HikariPool-1 - Shutdown initiated..."}
{"@timestamp":"2025-10-22T00:52:10.8582501+03:00","level":"INFO","thread_name":"SpringApplicationShutdownHook","message":"HikariPool-1 - Shutdown completed."}
{"@timestamp":"2025-10-22T00:52:29.1778531+03:00","level":"INFO","thread_name":"Test worker","message":"Starting DiscountServiceIntegrationTest using Java 17.0.10 with PID 32004 (started by kirin in C:\\Users\\kirin\\IdeaProjects\\shop\\discount-api)"}
{"@timestamp":"2025-10-22T00:52:29.1778531+03:00","level":"INFO","thread_name":"Test worker","message":"The following 1 profile is active: \"test\""}
{"@timestamp":"2025-10-22T00:52:29.3593779+03:00","level":"INFO","thread_name":"Test worker","message":"Fetching config from server at : http://localhost:8888"}
{"@timestamp":"2025-10-22T00:52:29.3593779+03:00","level":"INFO","thread_name":"Test worker","message":"Exception on Url - http://localhost:8888:org.springframework.web.client.ResourceAccessException: I/O error on GET request for \"http://localhost:8888/discount-api/test\": Connection refused: no further information. Will be trying the next url if available"}
{"@timestamp":"2025-10-22T00:52:29.3593779+03:00","level":"WARN","thread_name":"Test worker","message":"Could not locate PropertySource ([ConfigServerConfigDataResource@21274afe uris = array<String>['http://localhost:8888'], optional = true, profiles = 'test']): I/O error on GET request for \"http://localhost:8888/discount-api/test\": Connection refused: no further information"}
{"@timestamp":"2025-10-22T00:52:29.3593779+03:00","level":"INFO","thread_name":"Test worker","message":"Fetching config from server at : http://localhost:8888"}
{"@timestamp":"2025-10-22T00:52:29.3593779+03:00","level":"INFO","thread_name":"Test worker","message":"Exception on Url - http://localhost:8888:org.springframework.web.client.ResourceAccessException: I/O error on GET request for \"http://localhost:8888/discount-api/default\": Connection refused: no further information. Will be trying the next url if available"}
{"@timestamp":"2025-10-22T00:52:29.3593779+03:00","level":"WARN","thread_name":"Test worker","message":"Could not locate PropertySource ([ConfigServerConfigDataResource@76a362a4 uris = array<String>['http://localhost:8888'], optional = true, profiles = 'default']): I/O error on GET request for \"http://localhost:8888/discount-api/default\": Connection refused: no further information"}
{"@timestamp":"2025-10-22T00:52:30.3001599+03:00","level":"INFO","thread_name":"Test worker","message":"Multiple Spring Data modules found, entering strict repository configuration mode"}
{"@timestamp":"2025-10-22T00:52:30.3011641+03:00","level":"INFO","thread_name":"Test worker","message":"Bootstrapping Spring Data JPA repositories in DEFAULT mode."}
{"@timestamp":"2025-10-22T00:52:30.4296422+03:00","level":"INFO","thread_name":"Test worker","message":"Finished Spring Data repository scanning in 114 ms. Found 1 JPA repository interface."}
{"@timestamp":"2025-10-22T00:52:30.4404683+03:00","level":"INFO","thread_name":"Test worker","message":"Multiple Spring Data modules found, entering strict repository configuration mode"}
{"@timestamp":"2025-10-22T00:52:30.4414504+03:00","level":"INFO","thread_name":"Test worker","message":"Bootstrapping Spring Data Redis repositories in DEFAULT mode."}
{"@timestamp":"2025-10-22T00:52:30.4547426+03:00","level":"INFO","thread_name":"Test worker","message":"Spring Data Redis - Could not safely identify store assignment for repository candidate interface ru.innotech.discountapi.adapters.repository.DiscountRepository; If you want this repository to be a Redis repository, consider annotating your entities with one of these annotations: org.springframework.data.redis.core.RedisHash (preferred), or consider extending one of the following types with your repository: org.springframework.data.keyvalue.repository.KeyValueRepository"}
{"@timestamp":"2025-10-22T00:52:30.4547426+03:00","level":"INFO","thread_name":"Test worker","message":"Finished Spring Data repository scanning in 6 ms. Found 0 Redis repository interfaces."}
{"@timestamp":"2025-10-22T00:52:30.7743658+03:00","level":"INFO","thread_name":"Test worker","message":"BeanFactory id=f8e946c2-481d-3bb7-a934-13100b3e01c3"}
{"@timestamp":"2025-10-22T00:52:31.5919571+03:00","level":"INFO","thread_name":"Test worker","message":"Tomcat initialized with port 0 (http)"}
{"@timestamp":"2025-10-22T00:52:31.6024724+03:00","level":"INFO","thread_name":"Test worker","message":"Initializing ProtocolHandler [\"http-nio-auto-1\"]"}
{"@timestamp":"2025-10-22T00:52:31.6054728+03:00","level":"INFO","thread_name":"Test worker","message":"Starting service [Tomcat]"}
{"@timestamp":"2025-10-22T00:52:31.6064731+03:00","level":"INFO","thread_name":"Test worker","message":"Starting Servlet engine: [Apache Tomcat/10.1.44]"}
{"@timestamp":"2025-10-22T00:52:31.6843933+03:00","level":"INFO","thread_name":"Test worker","message":"Initializing Spring embedded WebApplicationContext"}
{"@timestamp":"2025-10-22T00:52:31.6843933+03:00","level":"INFO","thread_name":"Test worker","message":"Root WebApplicationContext: initialization completed in 2321 ms"}
{"@timestamp":"2025-10-22T00:52:32.4469018+03:00","level":"INFO","thread_name":"Test worker","message":"HHH000204: Processing PersistenceUnitInfo [name: default]"}
{"@timestamp":"2025-10-22T00:52:32.4919584+03:00","level":"INFO","thread_name":"Test worker","message":"HHH000412: Hibernate ORM core version 6.6.26.Final"}
{"@timestamp":"2025-10-22T00:52:32.5169679+03:00","level":"INFO","thread_name":"Test worker","message":"HHH000026: Second-level cache disabled"}
{"@timestamp":"2025-10-22T00:52:32.7591304+03:00","level":"INFO","thread_name":"Test worker","message":"No LoadTimeWeaver setup: ignoring JPA class transformer"}
{"@timestamp":"2025-10-22T00:52:32.7831299+03:00","level":"INFO","thread_name":"Test worker","message":"HikariPool-1 - Starting..."}
{"@timestamp":"2025-10-22T00:52:32.8479329+03:00","level":"INFO","thread_name":"Test worker","message":"HikariPool-1 - Added connection org.postgresql.jdbc.PgConnection@6b36ab82"}
{"@timestamp":"2025-10-22T00:52:32.8490234+03:00","level":"INFO","thread_name":"Test worker","message":"HikariPool-1 - Start completed."}
{"@timestamp":"2025-10-22T00:52:32.9127495+03:00","level":"INFO","thread_name":"Test worker","message":"HHH10001005: Database info:\n\tDatabase JDBC URL [Connecting through datasource 'HikariDataSource (HikariPool-1)']\n\tDatabase driver: undefined/unknown\n\tDatabase version: 12.3\n\tAutocommit mode: undefined/unknown\n\tIsolation level: undefined/unknown\n\tMinimum pool size: undefined/unknown\n\tMaximum pool size: undefined/unknown"}
{"@timestamp":"2025-10-22T00:52:33.5267378+03:00","level":"INFO","thread_name":"Test worker","message":"HHH000489: No JTA platform available (set 'hibernate.transaction.jta.platform' to enable JTA platform integration)"}
{"@timestamp":"2025-10-22T00:52:33.562237+03:00","level":"INFO","thread_name":"Test worker","message":"Initialized JPA EntityManagerFactory for persistence unit 'default'"}
{"@timestamp":"2025-10-22T00:52:34.5275591+03:00","level":"WARN","thread_name":"Test worker","message":"spring.jpa.open-in-view is enabled by default. Therefore, database queries may be performed during view rendering. Explicitly configure spring.jpa.open-in-view to disable this warning"}
{"@timestamp":"2025-10-22T00:52:36.2532141+03:00","level":"INFO","thread_name":"Test worker","message":"Initializing Spring TestDispatcherServlet ''"}
{"@timestamp":"2025-10-22T00:52:36.2532141+03:00","level":"INFO","thread_name":"Test worker","message":"Initializing Servlet ''"}
{"@timestamp":"2025-10-22T00:52:36.2597513+03:00","level":"INFO","thread_name":"Test worker","message":"Exposing 1 endpoint beneath base path '/actuator'"}
{"@timestamp":"2025-10-22T00:52:36.269752+03:00","level":"INFO","thread_name":"Test worker","message":"Completed initialization in 16 ms"}
{"@timestamp":"2025-10-22T00:52:37.4042065+03:00","level":"INFO","thread_name":"Test worker","message":"Cannot determine local hostname"}
{"@timestamp":"2025-10-22T00:52:37.4381813+03:00","level":"INFO","thread_name":"Test worker","message":"Eureka HTTP Client uses RestTemplate."}
{"@timestamp":"2025-10-22T00:52:37.5641669+03:00","level":"WARN","thread_name":"Test worker","message":"Spring Cloud LoadBalancer is currently working with the default cache. While this cache implementation is useful for development and tests, it's recommended to use Caffeine cache in production.You can switch to using Caffeine cache, by adding it and org.springframework.cache.caffeine.CaffeineCacheManager to the classpath."}
{"@timestamp":"2025-10-22T00:52:37.80611+03:00","level":"INFO","thread_name":"Test worker","message":"Starting ProtocolHandler [\"http-nio-auto-1\"]"}
{"@timestamp":"2025-10-22T00:52:37.8211321+03:00","level":"INFO","thread_name":"Test worker","message":"Tomcat started on port 49525 (http) with context path '/'"}
{"@timestamp":"2025-10-22T00:52:38.9589511+03:00","level":"INFO","thread_name":"Test worker","message":"Cannot determine local hostname"}
{"@timestamp":"2025-10-22T00:52:38.9833015+03:00","level":"INFO","thread_name":"Test worker","message":"Started DiscountServiceIntegrationTest in 11.627 seconds (process running for 14.772)"}
{"@timestamp":"2025-10-22T00:52:40.8035787+03:00","level":"INFO","thread_name":"SpringApplicationShutdownHook","message":"Commencing graceful shutdown. Waiting for active requests to complete"}
{"@timestamp":"2025-10-22T00:52:41.0599824+03:00","level":"INFO","thread_name":"tomcat-shutdown","message":"Graceful shutdown complete"}
{"@timestamp":"2025-10-22T00:52:41.0898204+03:00","level":"INFO","thread_name":"SpringApplicationShutdownHook","message":"Closing JPA EntityManagerFactory for persistence unit 'default'"}
{"@timestamp":"2025-10-22T00:52:41.0924529+03:00","level":"INFO","thread_name":"SpringApplicationShutdownHook","message":"HikariPool-1 - Shutdown initiated..."}
{"@timestamp":"2025-10-22T00:52:41.0948461+03:00","level":"INFO","thread_name":"SpringApplicationShutdownHook","message":"HikariPool-1 - Shutdown completed."}
{"@timestamp":"2025-10-22T00:55:37.2006186+03:00","level":"INFO","thread_name":"Test worker","message":"Starting DiscountServiceIntegrationTest using Java 17.0.10 with PID 41304 (started by kirin in C:\\Users\\kirin\\IdeaProjects\\shop\\discount-api)"}
{"@timestamp":"2025-10-22T00:55:37.2015877+03:00","level":"INFO","thread_name":"Test worker","message":"The following 1 profile is active: \"test\""}
{"@timestamp":"2025-10-22T00:55:37.3581962+03:00","level":"INFO","thread_name":"Test worker","message":"Fetching config from server at : http://localhost:8888"}
{"@timestamp":"2025-10-22T00:55:37.3581962+03:00","level":"INFO","thread_name":"Test worker","message":"Exception on Url - http://localhost:8888:org.springframework.web.client.ResourceAccessException: I/O error on GET request for \"http://localhost:8888/discount-api/test\": Connection refused: no further information. Will be trying the next url if available"}
{"@timestamp":"2025-10-22T00:55:37.359196+03:00","level":"WARN","thread_name":"Test worker","message":"Could not locate PropertySource ([ConfigServerConfigDataResource@723742b2 uris = array<String>['http://localhost:8888'], optional = true, profiles = 'test']): I/O error on GET request for \"http://localhost:8888/discount-api/test\": Connection refused: no further information"}
{"@timestamp":"2025-10-22T00:55:37.359196+03:00","level":"INFO","thread_name":"Test worker","message":"Fetching config from server at : http://localhost:8888"}
{"@timestamp":"2025-10-22T00:55:37.359196+03:00","level":"INFO","thread_name":"Test worker","message":"Exception on Url - http://localhost:8888:org.springframework.web.client.ResourceAccessException: I/O error on GET request for \"http://localhost:8888/discount-api/default\": Connection refused: no further information. Will be trying the next url if available"}
{"@timestamp":"2025-10-22T00:55:37.359196+03:00","level":"WARN","thread_name":"Test worker","message":"Could not locate PropertySource ([ConfigServerConfigDataResource@559991f5 uris = array<String>['http://localhost:8888'], optional = true, profiles = 'default']): I/O error on GET request for \"http://localhost:8888/discount-api/default\": Connection refused: no further information"}
{"@timestamp":"2025-10-22T00:55:38.3637185+03:00","level":"INFO","thread_name":"Test worker","message":"Multiple Spring Data modules found, entering strict repository configuration mode"}
{"@timestamp":"2025-10-22T00:55:38.3647494+03:00","level":"INFO","thread_name":"Test worker","message":"Bootstrapping Spring Data JPA repositories in DEFAULT mode."}
{"@timestamp":"2025-10-22T00:55:38.4999918+03:00","level":"INFO","thread_name":"Test worker","message":"Finished Spring Data repository scanning in 125 ms. Found 1 JPA repository interface."}
{"@timestamp":"2025-10-22T00:55:38.5137284+03:00","level":"INFO","thread_name":"Test worker","message":"Multiple Spring Data modules found, entering strict repository configuration mode"}
{"@timestamp":"2025-10-22T00:55:38.5151824+03:00","level":"INFO","thread_name":"Test worker","message":"Bootstrapping Spring Data Redis repositories in DEFAULT mode."}
{"@timestamp":"2025-10-22T00:55:38.5293478+03:00","level":"INFO","thread_name":"Test worker","message":"Spring Data Redis - Could not safely identify store assignment for repository candidate interface ru.innotech.discountapi.adapters.repository.DiscountRepository; If you want this repository to be a Redis repository, consider annotating your entities with one of these annotations: org.springframework.data.redis.core.RedisHash (preferred), or consider extending one of the following types with your repository: org.springframework.data.keyvalue.repository.KeyValueRepository"}
{"@timestamp":"2025-10-22T00:55:38.5293478+03:00","level":"INFO","thread_name":"Test worker","message":"Finished Spring Data repository scanning in 6 ms. Found 0 Redis repository interfaces."}
{"@timestamp":"2025-10-22T00:55:38.8652471+03:00","level":"INFO","thread_name":"Test worker","message":"BeanFactory id=f8e946c2-481d-3bb7-a934-13100b3e01c3"}
{"@timestamp":"2025-10-22T00:55:39.6186675+03:00","level":"INFO","thread_name":"Test worker","message":"Tomcat initialized with port 0 (http)"}
{"@timestamp":"2025-10-22T00:55:39.6296916+03:00","level":"INFO","thread_name":"Test worker","message":"Initializing ProtocolHandler [\"http-nio-auto-1\"]"}
{"@timestamp":"2025-10-22T00:55:39.6316957+03:00","level":"INFO","thread_name":"Test worker","message":"Starting service [Tomcat]"}
{"@timestamp":"2025-10-22T00:55:39.6316957+03:00","level":"INFO","thread_name":"Test worker","message":"Starting Servlet engine: [Apache Tomcat/10.1.44]"}
{"@timestamp":"2025-10-22T00:55:39.7087005+03:00","level":"INFO","thread_name":"Test worker","message":"Initializing Spring embedded WebApplicationContext"}
{"@timestamp":"2025-10-22T00:55:39.7087005+03:00","level":"INFO","thread_name":"Test worker","message":"Root WebApplicationContext: initialization completed in 2344 ms"}
{"@timestamp":"2025-10-22T00:55:40.3746717+03:00","level":"INFO","thread_name":"Test worker","message":"HHH000204: Processing PersistenceUnitInfo [name: default]"}
{"@timestamp":"2025-10-22T00:55:40.4266666+03:00","level":"INFO","thread_name":"Test worker","message":"HHH000412: Hibernate ORM core version 6.6.26.Final"}
{"@timestamp":"2025-10-22T00:55:40.4576627+03:00","level":"INFO","thread_name":"Test worker","message":"HHH000026: Second-level cache disabled"}
{"@timestamp":"2025-10-22T00:55:40.7020514+03:00","level":"INFO","thread_name":"Test worker","message":"No LoadTimeWeaver setup: ignoring JPA class transformer"}
{"@timestamp":"2025-10-22T00:55:40.7280508+03:00","level":"INFO","thread_name":"Test worker","message":"HikariPool-1 - Starting..."}
{"@timestamp":"2025-10-22T00:55:40.7903056+03:00","level":"INFO","thread_name":"Test worker","message":"HikariPool-1 - Added connection org.postgresql.jdbc.PgConnection@660dcd17"}
{"@timestamp":"2025-10-22T00:55:40.7913963+03:00","level":"INFO","thread_name":"Test worker","message":"HikariPool-1 - Start completed."}
{"@timestamp":"2025-10-22T00:55:40.8417048+03:00","level":"INFO","thread_name":"Test worker","message":"HHH10001005: Database info:\n\tDatabase JDBC URL [Connecting through datasource 'HikariDataSource (HikariPool-1)']\n\tDatabase driver: undefined/unknown\n\tDatabase version: 12.3\n\tAutocommit mode: undefined/unknown\n\tIsolation level: undefined/unknown\n\tMinimum pool size: undefined/unknown\n\tMaximum pool size: undefined/unknown"}
{"@timestamp":"2025-10-22T00:55:41.5777882+03:00","level":"INFO","thread_name":"Test worker","message":"HHH000489: No JTA platform available (set 'hibernate.transaction.jta.platform' to enable JTA platform integration)"}
{"@timestamp":"2025-10-22T00:55:41.6444782+03:00","level":"INFO","thread_name":"Test worker","message":"Initialized JPA EntityManagerFactory for persistence unit 'default'"}
{"@timestamp":"2025-10-22T00:55:42.5410208+03:00","level":"WARN","thread_name":"Test worker","message":"spring.jpa.open-in-view is enabled by default. Therefore, database queries may be performed during view rendering. Explicitly configure spring.jpa.open-in-view to disable this warning"}
{"@timestamp":"2025-10-22T00:55:44.1308616+03:00","level":"INFO","thread_name":"Test worker","message":"Initializing Spring TestDispatcherServlet ''"}
{"@timestamp":"2025-10-22T00:55:44.1308616+03:00","level":"INFO","thread_name":"Test worker","message":"Initializing Servlet ''"}
{"@timestamp":"2025-10-22T00:55:44.1378614+03:00","level":"INFO","thread_name":"Test worker","message":"Exposing 1 endpoint beneath base path '/actuator'"}
{"@timestamp":"2025-10-22T00:55:44.1498237+03:00","level":"INFO","thread_name":"Test worker","message":"Completed initialization in 19 ms"}
{"@timestamp":"2025-10-22T00:55:45.2806877+03:00","level":"INFO","thread_name":"Test worker","message":"Cannot determine local hostname"}
{"@timestamp":"2025-10-22T00:55:45.3153383+03:00","level":"INFO","thread_name":"Test worker","message":"Eureka HTTP Client uses RestTemplate."}
{"@timestamp":"2025-10-22T00:55:45.4041548+03:00","level":"WARN","thread_name":"Test worker","message":"Spring Cloud LoadBalancer is currently working with the default cache. While this cache implementation is useful for development and tests, it's recommended to use Caffeine cache in production.You can switch to using Caffeine cache, by adding it and org.springframework.cache.caffeine.CaffeineCacheManager to the classpath."}
{"@timestamp":"2025-10-22T00:55:45.5407072+03:00","level":"INFO","thread_name":"Test worker","message":"Starting ProtocolHandler [\"http-nio-auto-1\"]"}
{"@timestamp":"2025-10-22T00:55:45.5487069+03:00","level":"INFO","thread_name":"Test worker","message":"Tomcat started on port 49795 (http) with context path '/'"}
{"@timestamp":"2025-10-22T00:55:46.665274+03:00","level":"INFO","thread_name":"Test worker","message":"Cannot determine local hostname"}
{"@timestamp":"2025-10-22T00:55:46.6974876+03:00","level":"INFO","thread_name":"Test worker","message":"Started DiscountServiceIntegrationTest in 11.361 seconds (process running for 14.486)"}
{"@timestamp":"2025-10-22T00:55:47.9701545+03:00","level":"INFO","thread_name":"SpringApplicationShutdownHook","message":"Commencing graceful shutdown. Waiting for active requests to complete"}
{"@timestamp":"2025-10-22T00:55:48.1657686+03:00","level":"INFO","thread_name":"tomcat-shutdown","message":"Graceful shutdown complete"}
{"@timestamp":"2025-10-22T00:55:48.1871637+03:00","level":"INFO","thread_name":"SpringApplicationShutdownHook","message":"Closing JPA EntityManagerFactory for persistence unit 'default'"}
{"@timestamp":"2025-10-22T00:55:48.1881601+03:00","level":"INFO","thread_name":"SpringApplicationShutdownHook","message":"HikariPool-1 - Shutdown initiated..."}
{"@timestamp":"2025-10-22T00:55:48.1891699+03:00","level":"INFO","thread_name":"SpringApplicationShutdownHook","message":"HikariPool-1 - Shutdown completed."}
{"@timestamp":"2025-10-22T00:56:17.3059174+03:00","level":"INFO","thread_name":"Test worker","message":"Starting DiscountServiceIntegrationTest using Java 17.0.10 with PID 42072 (started by kirin in C:\\Users\\kirin\\IdeaProjects\\shop\\discount-api)"}
{"@timestamp":"2025-10-22T00:56:17.3069194+03:00","level":"INFO","thread_name":"Test worker","message":"The following 1 profile is active: \"test\""}
{"@timestamp":"2025-10-22T00:56:17.4438322+03:00","level":"INFO","thread_name":"Test worker","message":"Fetching config from server at : http://localhost:8888"}
{"@timestamp":"2025-10-22T00:56:17.4438322+03:00","level":"INFO","thread_name":"Test worker","message":"Exception on Url - http://localhost:8888:org.springframework.web.client.ResourceAccessException: I/O error on GET request for \"http://localhost:8888/discount-api/test\": Connection refused: no further information. Will be trying the next url if available"}
{"@timestamp":"2025-10-22T00:56:17.4438322+03:00","level":"WARN","thread_name":"Test worker","message":"Could not locate PropertySource ([ConfigServerConfigDataResource@559991f5 uris = array<String>['http://localhost:8888'], optional = true, profiles = 'test']): I/O error on GET request for \"http://localhost:8888/discount-api/test\": Connection refused: no further information"}
{"@timestamp":"2025-10-22T00:56:17.4438322+03:00","level":"INFO","thread_name":"Test worker","message":"Fetching config from server at : http://localhost:8888"}
{"@timestamp":"2025-10-22T00:56:17.4438322+03:00","level":"INFO","thread_name":"Test worker","message":"Exception on Url - http://localhost:8888:org.springframework.web.client.ResourceAccessException: I/O error on GET request for \"http://localhost:8888/discount-api/default\": Connection refused: no further information. Will be trying the next url if available"}
{"@timestamp":"2025-10-22T00:56:17.4438322+03:00","level":"WARN","thread_name":"Test worker","message":"Could not locate PropertySource ([ConfigServerConfigDataResource@34c76167 uris = array<String>['http://localhost:8888'], optional = true, profiles = 'default']): I/O error on GET request for \"http://localhost:8888/discount-api/default\": Connection refused: no further information"}
{"@timestamp":"2025-10-22T00:56:18.3425354+03:00","level":"INFO","thread_name":"Test worker","message":"Multiple Spring Data modules found, entering strict repository configuration mode"}
{"@timestamp":"2025-10-22T00:56:18.3434876+03:00","level":"INFO","thread_name":"Test worker","message":"Bootstrapping Spring Data JPA repositories in DEFAULT mode."}
{"@timestamp":"2025-10-22T00:56:18.4653124+03:00","level":"INFO","thread_name":"Test worker","message":"Finished Spring Data repository scanning in 109 ms. Found 1 JPA repository interface."}
{"@timestamp":"2025-10-22T00:56:18.4782565+03:00","level":"INFO","thread_name":"Test worker","message":"Multiple Spring Data modules found, entering strict repository configuration mode"}
{"@timestamp":"2025-10-22T00:56:18.4792576+03:00","level":"INFO","thread_name":"Test worker","message":"Bootstrapping Spring Data Redis repositories in DEFAULT mode."}
{"@timestamp":"2025-10-22T00:56:18.4927739+03:00","level":"INFO","thread_name":"Test worker","message":"Spring Data Redis - Could not safely identify store assignment for repository candidate interface ru.innotech.discountapi.adapters.repository.DiscountRepository; If you want this repository to be a Redis repository, consider annotating your entities with one of these annotations: org.springframework.data.redis.core.RedisHash (preferred), or consider extending one of the following types with your repository: org.springframework.data.keyvalue.repository.KeyValueRepository"}
{"@timestamp":"2025-10-22T00:56:18.4927739+03:00","level":"INFO","thread_name":"Test worker","message":"Finished Spring Data repository scanning in 5 ms. Found 0 Redis repository interfaces."}
{"@timestamp":"2025-10-22T00:56:18.8146204+03:00","level":"INFO","thread_name":"Test worker","message":"BeanFactory id=f8e946c2-481d-3bb7-a934-13100b3e01c3"}
{"@timestamp":"2025-10-22T00:56:19.5492649+03:00","level":"INFO","thread_name":"Test worker","message":"Tomcat initialized with port 0 (http)"}
{"@timestamp":"2025-10-22T00:56:19.5582615+03:00","level":"INFO","thread_name":"Test worker","message":"Initializing ProtocolHandler [\"http-nio-auto-1\"]"}
{"@timestamp":"2025-10-22T00:56:19.5605524+03:00","level":"INFO","thread_name":"Test worker","message":"Starting service [Tomcat]"}
{"@timestamp":"2025-10-22T00:56:19.5610892+03:00","level":"INFO","thread_name":"Test worker","message":"Starting Servlet engine: [Apache Tomcat/10.1.44]"}
{"@timestamp":"2025-10-22T00:56:19.6369355+03:00","level":"INFO","thread_name":"Test worker","message":"Initializing Spring embedded WebApplicationContext"}
{"@timestamp":"2025-10-22T00:56:19.6369355+03:00","level":"INFO","thread_name":"Test worker","message":"Root WebApplicationContext: initialization completed in 2189 ms"}
{"@timestamp":"2025-10-22T00:56:20.3575442+03:00","level":"INFO","thread_name":"Test worker","message":"HHH000204: Processing PersistenceUnitInfo [name: default]"}
{"@timestamp":"2025-10-22T00:56:20.4072099+03:00","level":"INFO","thread_name":"Test worker","message":"HHH000412: Hibernate ORM core version 6.6.26.Final"}
{"@timestamp":"2025-10-22T00:56:20.4358745+03:00","level":"INFO","thread_name":"Test worker","message":"HHH000026: Second-level cache disabled"}
{"@timestamp":"2025-10-22T00:56:20.6638405+03:00","level":"INFO","thread_name":"Test worker","message":"No LoadTimeWeaver setup: ignoring JPA class transformer"}
{"@timestamp":"2025-10-22T00:56:20.6858742+03:00","level":"INFO","thread_name":"Test worker","message":"HikariPool-1 - Starting..."}
{"@timestamp":"2025-10-22T00:56:20.7447011+03:00","level":"INFO","thread_name":"Test worker","message":"HikariPool-1 - Added connection org.postgresql.jdbc.PgConnection@6b36ab82"}
{"@timestamp":"2025-10-22T00:56:20.7462947+03:00","level":"INFO","thread_name":"Test worker","message":"HikariPool-1 - Start completed."}
{"@timestamp":"2025-10-22T00:56:20.7944152+03:00","level":"INFO","thread_name":"Test worker","message":"HHH10001005: Database info:\n\tDatabase JDBC URL [Connecting through datasource 'HikariDataSource (HikariPool-1)']\n\tDatabase driver: undefined/unknown\n\tDatabase version: 12.3\n\tAutocommit mode: undefined/unknown\n\tIsolation level: undefined/unknown\n\tMinimum pool size: undefined/unknown\n\tMaximum pool size: undefined/unknown"}
{"@timestamp":"2025-10-22T00:56:21.3850895+03:00","level":"INFO","thread_name":"Test worker","message":"HHH000489: No JTA platform available (set 'hibernate.transaction.jta.platform' to enable JTA platform integration)"}
{"@timestamp":"2025-10-22T00:56:21.4238043+03:00","level":"INFO","thread_name":"Test worker","message":"Initialized JPA EntityManagerFactory for persistence unit 'default'"}
{"@timestamp":"2025-10-22T00:56:22.3506779+03:00","level":"WARN","thread_name":"Test worker","message":"spring.jpa.open-in-view is enabled by default. Therefore, database queries may be performed during view rendering. Explicitly configure spring.jpa.open-in-view to disable this warning"}
{"@timestamp":"2025-10-22T00:56:23.9566094+03:00","level":"INFO","thread_name":"Test worker","message":"Initializing Spring TestDispatcherServlet ''"}
{"@timestamp":"2025-10-22T00:56:23.9566094+03:00","level":"INFO","thread_name":"Test worker","message":"Initializing Servlet ''"}
{"@timestamp":"2025-10-22T00:56:23.9661436+03:00","level":"INFO","thread_name":"Test worker","message":"Exposing 1 endpoint beneath base path '/actuator'"}
{"@timestamp":"2025-10-22T00:56:23.9787819+03:00","level":"INFO","thread_name":"Test worker","message":"Completed initialization in 22 ms"}
{"@timestamp":"2025-10-22T00:56:25.1246429+03:00","level":"INFO","thread_name":"Test worker","message":"Cannot determine local hostname"}
{"@timestamp":"2025-10-22T00:56:25.1444213+03:00","level":"INFO","thread_name":"Test worker","message":"Eureka HTTP Client uses RestTemplate."}
{"@timestamp":"2025-10-22T00:56:25.2323035+03:00","level":"WARN","thread_name":"Test worker","message":"Spring Cloud LoadBalancer is currently working with the default cache. While this cache implementation is useful for development and tests, it's recommended to use Caffeine cache in production.You can switch to using Caffeine cache, by adding it and org.springframework.cache.caffeine.CaffeineCacheManager to the classpath."}
{"@timestamp":"2025-10-22T00:56:25.3635488+03:00","level":"INFO","thread_name":"Test worker","message":"Starting ProtocolHandler [\"http-nio-auto-1\"]"}
{"@timestamp":"2025-10-22T00:56:25.3705416+03:00","level":"INFO","thread_name":"Test worker","message":"Tomcat started on port 49853 (http) with context path '/'"}
{"@timestamp":"2025-10-22T00:56:26.4826592+03:00","level":"INFO","thread_name":"Test worker","message":"Cannot determine local hostname"}
{"@timestamp":"2025-10-22T00:56:26.4966598+03:00","level":"INFO","thread_name":"Test worker","message":"Started DiscountServiceIntegrationTest in 11.03 seconds (process running for 14.106)"}
{"@timestamp":"2025-10-22T00:56:27.7009305+03:00","level":"INFO","thread_name":"SpringApplicationShutdownHook","message":"Commencing graceful shutdown. Waiting for active requests to complete"}
{"@timestamp":"2025-10-22T00:56:27.9240734+03:00","level":"INFO","thread_name":"tomcat-shutdown","message":"Graceful shutdown complete"}
{"@timestamp":"2025-10-22T00:56:27.9466009+03:00","level":"INFO","thread_name":"SpringApplicationShutdownHook","message":"Closing JPA EntityManagerFactory for persistence unit 'default'"}
{"@timestamp":"2025-10-22T00:56:27.9486024+03:00","level":"INFO","thread_name":"SpringApplicationShutdownHook","message":"HikariPool-1 - Shutdown initiated..."}
{"@timestamp":"2025-10-22T00:56:27.9506012+03:00","level":"INFO","thread_name":"SpringApplicationShutdownHook","message":"HikariPool-1 - Shutdown completed."}
{"@timestamp":"2025-10-22T00:59:47.5300259+03:00","level":"INFO","thread_name":"Test worker","message":"Starting DiscountServiceIntegrationTest using Java 17.0.10 with PID 43948 (started by kirin in C:\\Users\\kirin\\IdeaProjects\\shop\\discount-api)"}
{"@timestamp":"2025-10-22T00:59:47.5305594+03:00","level":"INFO","thread_name":"Test worker","message":"The following 1 profile is active: \"test\""}
{"@timestamp":"2025-10-22T00:59:47.6768918+03:00","level":"INFO","thread_name":"Test worker","message":"Fetching config from server at : http://localhost:8888"}
{"@timestamp":"2025-10-22T00:59:47.6768918+03:00","level":"INFO","thread_name":"Test worker","message":"Exception on Url - http://localhost:8888:org.springframework.web.client.ResourceAccessException: I/O error on GET request for \"http://localhost:8888/discount-api/test\": Connection refused: no further information. Will be trying the next url if available"}
{"@timestamp":"2025-10-22T00:59:47.6768918+03:00","level":"WARN","thread_name":"Test worker","message":"Could not locate PropertySource ([ConfigServerConfigDataResource@723742b2 uris = array<String>['http://localhost:8888'], optional = true, profiles = 'test']): I/O error on GET request for \"http://localhost:8888/discount-api/test\": Connection refused: no further information"}
{"@timestamp":"2025-10-22T00:59:47.6778912+03:00","level":"INFO","thread_name":"Test worker","message":"Fetching config from server at : http://localhost:8888"}
{"@timestamp":"2025-10-22T00:59:47.6778912+03:00","level":"INFO","thread_name":"Test worker","message":"Exception on Url - http://localhost:8888:org.springframework.web.client.ResourceAccessException: I/O error on GET request for \"http://localhost:8888/discount-api/default\": Connection refused: no further information. Will be trying the next url if available"}
{"@timestamp":"2025-10-22T00:59:47.6778912+03:00","level":"WARN","thread_name":"Test worker","message":"Could not locate PropertySource ([ConfigServerConfigDataResource@559991f5 uris = array<String>['http://localhost:8888'], optional = true, profiles = 'default']): I/O error on GET request for \"http://localhost:8888/discount-api/default\": Connection refused: no further information"}
{"@timestamp":"2025-10-22T00:59:48.6303574+03:00","level":"INFO","thread_name":"Test worker","message":"Multiple Spring Data modules found, entering strict repository configuration mode"}
{"@timestamp":"2025-10-22T00:59:48.6323448+03:00","level":"INFO","thread_name":"Test worker","message":"Bootstrapping Spring Data JPA repositories in DEFAULT mode."}
{"@timestamp":"2025-10-22T00:59:48.7764595+03:00","level":"INFO","thread_name":"Test worker","message":"Finished Spring Data repository scanning in 132 ms. Found 1 JPA repository interface."}
{"@timestamp":"2025-10-22T00:59:48.78848+03:00","level":"INFO","thread_name":"Test worker","message":"Multiple Spring Data modules found, entering strict repository configuration mode"}
{"@timestamp":"2025-10-22T00:59:48.79248+03:00","level":"INFO","thread_name":"Test worker","message":"Bootstrapping Spring Data Redis repositories in DEFAULT mode."}
{"@timestamp":"2025-10-22T00:59:48.8074402+03:00","level":"INFO","thread_name":"Test worker","message":"Spring Data Redis - Could not safely identify store assignment for repository candidate interface ru.innotech.discountapi.adapters.repository.DiscountRepository; If you want this repository to be a Redis repository, consider annotating your entities with one of these annotations: org.springframework.data.redis.core.RedisHash (preferred), or consider extending one of the following types with your repository: org.springframework.data.keyvalue.repository.KeyValueRepository"}
{"@timestamp":"2025-10-22T00:59:48.8074402+03:00","level":"INFO","thread_name":"Test worker","message":"Finished Spring Data repository scanning in 5 ms. Found 0 Redis repository interfaces."}
{"@timestamp":"2025-10-22T00:59:49.1147328+03:00","level":"INFO","thread_name":"Test worker","message":"BeanFactory id=f8e946c2-481d-3bb7-a934-13100b3e01c3"}
{"@timestamp":"2025-10-22T00:59:49.9510436+03:00","level":"INFO","thread_name":"Test worker","message":"Tomcat initialized with port 0 (http)"}
{"@timestamp":"2025-10-22T00:59:49.9620477+03:00","level":"INFO","thread_name":"Test worker","message":"Initializing ProtocolHandler [\"http-nio-auto-1\"]"}
{"@timestamp":"2025-10-22T00:59:49.9630434+03:00","level":"INFO","thread_name":"Test worker","message":"Starting service [Tomcat]"}
{"@timestamp":"2025-10-22T00:59:49.9640695+03:00","level":"INFO","thread_name":"Test worker","message":"Starting Servlet engine: [Apache Tomcat/10.1.44]"}
{"@timestamp":"2025-10-22T00:59:50.0404991+03:00","level":"INFO","thread_name":"Test worker","message":"Initializing Spring embedded WebApplicationContext"}
{"@timestamp":"2025-10-22T00:59:50.0404991+03:00","level":"INFO","thread_name":"Test worker","message":"Root WebApplicationContext: initialization completed in 2359 ms"}
{"@timestamp":"2025-10-22T00:59:50.8250156+03:00","level":"INFO","thread_name":"Test worker","message":"HHH000204: Processing PersistenceUnitInfo [name: default]"}
{"@timestamp":"2025-10-22T00:59:50.8740222+03:00","level":"INFO","thread_name":"Test worker","message":"HHH000412: Hibernate ORM core version 6.6.26.Final"}
{"@timestamp":"2025-10-22T00:59:50.9000296+03:00","level":"INFO","thread_name":"Test worker","message":"HHH000026: Second-level cache disabled"}
{"@timestamp":"2025-10-22T00:59:51.1250206+03:00","level":"INFO","thread_name":"Test worker","message":"No LoadTimeWeaver setup: ignoring JPA class transformer"}
{"@timestamp":"2025-10-22T00:59:51.1470207+03:00","level":"INFO","thread_name":"Test worker","message":"HikariPool-1 - Starting..."}
{"@timestamp":"2025-10-22T00:59:51.211549+03:00","level":"INFO","thread_name":"Test worker","message":"HikariPool-1 - Added connection org.postgresql.jdbc.PgConnection@23591a2c"}
{"@timestamp":"2025-10-22T00:59:51.213199+03:00","level":"INFO","thread_name":"Test worker","message":"HikariPool-1 - Start completed."}
{"@timestamp":"2025-10-22T00:59:51.2616185+03:00","level":"INFO","thread_name":"Test worker","message":"HHH10001005: Database info:\n\tDatabase JDBC URL [Connecting through datasource 'HikariDataSource (HikariPool-1)']\n\tDatabase driver: undefined/unknown\n\tDatabase version: 12.3\n\tAutocommit mode: undefined/unknown\n\tIsolation level: undefined/unknown\n\tMinimum pool size: undefined/unknown\n\tMaximum pool size: undefined/unknown"}
{"@timestamp":"2025-10-22T00:59:51.8349813+03:00","level":"INFO","thread_name":"Test worker","message":"HHH000489: No JTA platform available (set 'hibernate.transaction.jta.platform' to enable JTA platform integration)"}
{"@timestamp":"2025-10-22T00:59:51.8721252+03:00","level":"INFO","thread_name":"Test worker","message":"Initialized JPA EntityManagerFactory for persistence unit 'default'"}
{"@timestamp":"2025-10-22T00:59:52.7688334+03:00","level":"WARN","thread_name":"Test worker","message":"spring.jpa.open-in-view is enabled by default. Therefore, database queries may be performed during view rendering. Explicitly configure spring.jpa.open-in-view to disable this warning"}
{"@timestamp":"2025-10-22T00:59:54.4904479+03:00","level":"INFO","thread_name":"Test worker","message":"Initializing Spring TestDispatcherServlet ''"}
{"@timestamp":"2025-10-22T00:59:54.4904479+03:00","level":"INFO","thread_name":"Test worker","message":"Initializing Servlet ''"}
{"@timestamp":"2025-10-22T00:59:54.4982362+03:00","level":"INFO","thread_name":"Test worker","message":"Exposing 1 endpoint beneath base path '/actuator'"}
{"@timestamp":"2025-10-22T00:59:54.5102356+03:00","level":"INFO","thread_name":"Test worker","message":"Completed initialization in 20 ms"}
{"@timestamp":"2025-10-22T00:59:55.6605861+03:00","level":"INFO","thread_name":"Test worker","message":"Cannot determine local hostname"}
{"@timestamp":"2025-10-22T00:59:55.7025874+03:00","level":"INFO","thread_name":"Test worker","message":"Eureka HTTP Client uses RestTemplate."}
{"@timestamp":"2025-10-22T00:59:55.8645861+03:00","level":"WARN","thread_name":"Test worker","message":"Spring Cloud LoadBalancer is currently working with the default cache. While this cache implementation is useful for development and tests, it's recommended to use Caffeine cache in production.You can switch to using Caffeine cache, by adding it and org.springframework.cache.caffeine.CaffeineCacheManager to the classpath."}
{"@timestamp":"2025-10-22T00:59:56.1187968+03:00","level":"INFO","thread_name":"Test worker","message":"Starting ProtocolHandler [\"http-nio-auto-1\"]"}
{"@timestamp":"2025-10-22T00:59:56.1307978+03:00","level":"INFO","thread_name":"Test worker","message":"Tomcat started on port 49988 (http) with context path '/'"}
{"@timestamp":"2025-10-22T00:59:57.2684135+03:00","level":"INFO","thread_name":"Test worker","message":"Cannot determine local hostname"}
{"@timestamp":"2025-10-22T00:59:57.2974057+03:00","level":"INFO","thread_name":"Test worker","message":"Started DiscountServiceIntegrationTest in 11.614 seconds (process running for 14.628)"}
{"@timestamp":"2025-10-22T00:59:58.9368545+03:00","level":"INFO","thread_name":"SpringApplicationShutdownHook","message":"Commencing graceful shutdown. Waiting for active requests to complete"}
{"@timestamp":"2025-10-22T00:59:59.2153852+03:00","level":"INFO","thread_name":"tomcat-shutdown","message":"Graceful shutdown complete"}
{"@timestamp":"2025-10-22T00:59:59.2439976+03:00","level":"INFO","thread_name":"SpringApplicationShutdownHook","message":"Closing JPA EntityManagerFactory for persistence unit 'default'"}
{"@timestamp":"2025-10-22T00:59:59.2466213+03:00","level":"INFO","thread_name":"SpringApplicationShutdownHook","message":"HikariPool-1 - Shutdown initiated..."}
{"@timestamp":"2025-10-22T00:59:59.2492884+03:00","level":"INFO","thread_name":"SpringApplicationShutdownHook","message":"HikariPool-1 - Shutdown completed."}
{"@timestamp":"2025-10-22T01:00:34.4929869+03:00","level":"INFO","thread_name":"Test worker","message":"Starting DiscountServiceIntegrationTest using Java 17.0.10 with PID 39900 (started by kirin in C:\\Users\\kirin\\IdeaProjects\\shop\\discount-api)"}
{"@timestamp":"2025-10-22T01:00:34.4929869+03:00","level":"INFO","thread_name":"Test worker","message":"The following 1 profile is active: \"test\""}
{"@timestamp":"2025-10-22T01:00:34.6260252+03:00","level":"INFO","thread_name":"Test worker","message":"Fetching config from server at : http://localhost:8888"}
{"@timestamp":"2025-10-22T01:00:34.6260252+03:00","level":"INFO","thread_name":"Test worker","message":"Exception on Url - http://localhost:8888:org.springframework.web.client.ResourceAccessException: I/O error on GET request for \"http://localhost:8888/discount-api/test\": Connection refused: no further information. Will be trying the next url if available"}
{"@timestamp":"2025-10-22T01:00:34.6260252+03:00","level":"WARN","thread_name":"Test worker","message":"Could not locate PropertySource ([ConfigServerConfigDataResource@6f3bd37f uris = array<String>['http://localhost:8888'], optional = true, profiles = 'test']): I/O error on GET request for \"http://localhost:8888/discount-api/test\": Connection refused: no further information"}
{"@timestamp":"2025-10-22T01:00:34.6260252+03:00","level":"INFO","thread_name":"Test worker","message":"Fetching config from server at : http://localhost:8888"}
{"@timestamp":"2025-10-22T01:00:34.6260252+03:00","level":"INFO","thread_name":"Test worker","message":"Exception on Url - http://localhost:8888:org.springframework.web.client.ResourceAccessException: I/O error on GET request for \"http://localhost:8888/discount-api/default\": Connection refused: no further information. Will be trying the next url if available"}
{"@timestamp":"2025-10-22T01:00:34.6260252+03:00","level":"WARN","thread_name":"Test worker","message":"Could not locate PropertySource ([ConfigServerConfigDataResource@403364e9 uris = array<String>['http://localhost:8888'], optional = true, profiles = 'default']): I/O error on GET request for \"http://localhost:8888/discount-api/default\": Connection refused: no further information"}
{"@timestamp":"2025-10-22T01:00:35.5721355+03:00","level":"INFO","thread_name":"Test worker","message":"Multiple Spring Data modules found, entering strict repository configuration mode"}
{"@timestamp":"2025-10-22T01:00:35.5731347+03:00","level":"INFO","thread_name":"Test worker","message":"Bootstrapping Spring Data JPA repositories in DEFAULT mode."}
{"@timestamp":"2025-10-22T01:00:35.6941325+03:00","level":"INFO","thread_name":"Test worker","message":"Finished Spring Data repository scanning in 109 ms. Found 1 JPA repository interface."}
{"@timestamp":"2025-10-22T01:00:35.7100645+03:00","level":"INFO","thread_name":"Test worker","message":"Multiple Spring Data modules found, entering strict repository configuration mode"}
{"@timestamp":"2025-10-22T01:00:35.7120637+03:00","level":"INFO","thread_name":"Test worker","message":"Bootstrapping Spring Data Redis repositories in DEFAULT mode."}
{"@timestamp":"2025-10-22T01:00:35.7270635+03:00","level":"INFO","thread_name":"Test worker","message":"Spring Data Redis - Could not safely identify store assignment for repository candidate interface ru.innotech.discountapi.adapters.repository.DiscountRepository; If you want this repository to be a Redis repository, consider annotating your entities with one of these annotations: org.springframework.data.redis.core.RedisHash (preferred), or consider extending one of the following types with your repository: org.springframework.data.keyvalue.repository.KeyValueRepository"}
{"@timestamp":"2025-10-22T01:00:35.7280624+03:00","level":"INFO","thread_name":"Test worker","message":"Finished Spring Data repository scanning in 5 ms. Found 0 Redis repository interfaces."}
{"@timestamp":"2025-10-22T01:00:36.0265404+03:00","level":"INFO","thread_name":"Test worker","message":"BeanFactory id=f8e946c2-481d-3bb7-a934-13100b3e01c3"}
{"@timestamp":"2025-10-22T01:00:36.7340263+03:00","level":"INFO","thread_name":"Test worker","message":"Tomcat initialized with port 0 (http)"}
{"@timestamp":"2025-10-22T01:00:36.7450307+03:00","level":"INFO","thread_name":"Test worker","message":"Initializing ProtocolHandler [\"http-nio-auto-1\"]"}
{"@timestamp":"2025-10-22T01:00:36.7470498+03:00","level":"INFO","thread_name":"Test worker","message":"Starting service [Tomcat]"}
{"@timestamp":"2025-10-22T01:00:36.7470498+03:00","level":"INFO","thread_name":"Test worker","message":"Starting Servlet engine: [Apache Tomcat/10.1.44]"}
{"@timestamp":"2025-10-22T01:00:36.8290439+03:00","level":"INFO","thread_name":"Test worker","message":"Initializing Spring embedded WebApplicationContext"}
{"@timestamp":"2025-10-22T01:00:36.8300502+03:00","level":"INFO","thread_name":"Test worker","message":"Root WebApplicationContext: initialization completed in 2198 ms"}
{"@timestamp":"2025-10-22T01:00:37.606569+03:00","level":"INFO","thread_name":"Test worker","message":"HHH000204: Processing PersistenceUnitInfo [name: default]"}
{"@timestamp":"2025-10-22T01:00:37.6605035+03:00","level":"INFO","thread_name":"Test worker","message":"HHH000412: Hibernate ORM core version 6.6.26.Final"}
{"@timestamp":"2025-10-22T01:00:37.6921722+03:00","level":"INFO","thread_name":"Test worker","message":"HHH000026: Second-level cache disabled"}
{"@timestamp":"2025-10-22T01:00:37.916532+03:00","level":"INFO","thread_name":"Test worker","message":"No LoadTimeWeaver setup: ignoring JPA class transformer"}
{"@timestamp":"2025-10-22T01:00:37.9518376+03:00","level":"INFO","thread_name":"Test worker","message":"HikariPool-1 - Starting..."}
{"@timestamp":"2025-10-22T01:00:38.0142327+03:00","level":"INFO","thread_name":"Test worker","message":"HikariPool-1 - Added connection org.postgresql.jdbc.PgConnection@4655e059"}
{"@timestamp":"2025-10-22T01:00:38.0152796+03:00","level":"INFO","thread_name":"Test worker","message":"HikariPool-1 - Start completed."}
{"@timestamp":"2025-10-22T01:00:38.0654905+03:00","level":"INFO","thread_name":"Test worker","message":"HHH10001005: Database info:\n\tDatabase JDBC URL [Connecting through datasource 'HikariDataSource (HikariPool-1)']\n\tDatabase driver: undefined/unknown\n\tDatabase version: 12.3\n\tAutocommit mode: undefined/unknown\n\tIsolation level: undefined/unknown\n\tMinimum pool size: undefined/unknown\n\tMaximum pool size: undefined/unknown"}
{"@timestamp":"2025-10-22T01:00:38.6483194+03:00","level":"INFO","thread_name":"Test worker","message":"HHH000489: No JTA platform available (set 'hibernate.transaction.jta.platform' to enable JTA platform integration)"}
{"@timestamp":"2025-10-22T01:00:38.6848899+03:00","level":"INFO","thread_name":"Test worker","message":"Initialized JPA EntityManagerFactory for persistence unit 'default'"}
{"@timestamp":"2025-10-22T01:00:39.6002594+03:00","level":"WARN","thread_name":"Test worker","message":"spring.jpa.open-in-view is enabled by default. Therefore, database queries may be performed during view rendering. Explicitly configure spring.jpa.open-in-view to disable this warning"}
{"@timestamp":"2025-10-22T01:00:41.2206528+03:00","level":"INFO","thread_name":"Test worker","message":"Initializing Spring TestDispatcherServlet ''"}
{"@timestamp":"2025-10-22T01:00:41.2206528+03:00","level":"INFO","thread_name":"Test worker","message":"Initializing Servlet ''"}
{"@timestamp":"2025-10-22T01:00:41.2286536+03:00","level":"INFO","thread_name":"Test worker","message":"Exposing 1 endpoint beneath base path '/actuator'"}
{"@timestamp":"2025-10-22T01:00:41.2416533+03:00","level":"INFO","thread_name":"Test worker","message":"Completed initialization in 21 ms"}
{"@timestamp":"2025-10-22T01:00:42.3713301+03:00","level":"INFO","thread_name":"Test worker","message":"Cannot determine local hostname"}
{"@timestamp":"2025-10-22T01:00:42.4036686+03:00","level":"INFO","thread_name":"Test worker","message":"Eureka HTTP Client uses RestTemplate."}
{"@timestamp":"2025-10-22T01:00:42.4796776+03:00","level":"WARN","thread_name":"Test worker","message":"Spring Cloud LoadBalancer is currently working with the default cache. While this cache implementation is useful for development and tests, it's recommended to use Caffeine cache in production.You can switch to using Caffeine cache, by adding it and org.springframework.cache.caffeine.CaffeineCacheManager to the classpath."}
{"@timestamp":"2025-10-22T01:00:42.6124101+03:00","level":"INFO","thread_name":"Test worker","message":"Starting ProtocolHandler [\"http-nio-auto-1\"]"}
{"@timestamp":"2025-10-22T01:00:42.621374+03:00","level":"INFO","thread_name":"Test worker","message":"Tomcat started on port 50131 (http) with context path '/'"}
{"@timestamp":"2025-10-22T01:00:43.7234481+03:00","level":"INFO","thread_name":"Test worker","message":"Cannot determine local hostname"}
{"@timestamp":"2025-10-22T01:00:43.7536236+03:00","level":"INFO","thread_name":"Test worker","message":"Started DiscountServiceIntegrationTest in 11.079 seconds (process running for 17.627)"}
{"@timestamp":"2025-10-22T01:00:44.9245849+03:00","level":"INFO","thread_name":"SpringApplicationShutdownHook","message":"Commencing graceful shutdown. Waiting for active requests to complete"}
{"@timestamp":"2025-10-22T01:00:45.1466349+03:00","level":"INFO","thread_name":"tomcat-shutdown","message":"Graceful shutdown complete"}
{"@timestamp":"2025-10-22T01:00:45.1603796+03:00","level":"INFO","thread_name":"SpringApplicationShutdownHook","message":"Closing JPA EntityManagerFactory for persistence unit 'default'"}
{"@timestamp":"2025-10-22T01:00:45.161462+03:00","level":"INFO","thread_name":"SpringApplicationShutdownHook","message":"HikariPool-1 - Shutdown initiated..."}
{"@timestamp":"2025-10-22T01:00:45.1629891+03:00","level":"INFO","thread_name":"SpringApplicationShutdownHook","message":"HikariPool-1 - Shutdown completed."}
{"@timestamp":"2025-10-22T01:00:59.4392537+03:00","level":"INFO","thread_name":"Test worker","message":"Starting DiscountServiceIntegrationTest using Java 17.0.10 with PID 43112 (started by kirin in C:\\Users\\kirin\\IdeaProjects\\shop\\discount-api)"}
{"@timestamp":"2025-10-22T01:00:59.4392537+03:00","level":"INFO","thread_name":"Test worker","message":"The following 1 profile is active: \"test\""}
{"@timestamp":"2025-10-22T01:00:59.5682985+03:00","level":"INFO","thread_name":"Test worker","message":"Fetching config from server at : http://localhost:8888"}
{"@timestamp":"2025-10-22T01:00:59.5682985+03:00","level":"INFO","thread_name":"Test worker","message":"Exception on Url - http://localhost:8888:org.springframework.web.client.ResourceAccessException: I/O error on GET request for \"http://localhost:8888/discount-api/test\": Connection refused: no further information. Will be trying the next url if available"}
{"@timestamp":"2025-10-22T01:00:59.5682985+03:00","level":"WARN","thread_name":"Test worker","message":"Could not locate PropertySource ([ConfigServerConfigDataResource@561f9d92 uris = array<String>['http://localhost:8888'], optional = true, profiles = 'test']): I/O error on GET request for \"http://localhost:8888/discount-api/test\": Connection refused: no further information"}
{"@timestamp":"2025-10-22T01:00:59.5682985+03:00","level":"INFO","thread_name":"Test worker","message":"Fetching config from server at : http://localhost:8888"}
{"@timestamp":"2025-10-22T01:00:59.5682985+03:00","level":"INFO","thread_name":"Test worker","message":"Exception on Url - http://localhost:8888:org.springframework.web.client.ResourceAccessException: I/O error on GET request for \"http://localhost:8888/discount-api/default\": Connection refused: no further information. Will be trying the next url if available"}
{"@timestamp":"2025-10-22T01:00:59.5682985+03:00","level":"WARN","thread_name":"Test worker","message":"Could not locate PropertySource ([ConfigServerConfigDataResource@1c84d80a uris = array<String>['http://localhost:8888'], optional = true, profiles = 'default']): I/O error on GET request for \"http://localhost:8888/discount-api/default\": Connection refused: no further information"}
{"@timestamp":"2025-10-22T01:01:00.4668264+03:00","level":"INFO","thread_name":"Test worker","message":"Multiple Spring Data modules found, entering strict repository configuration mode"}
{"@timestamp":"2025-10-22T01:01:00.4688301+03:00","level":"INFO","thread_name":"Test worker","message":"Bootstrapping Spring Data JPA repositories in DEFAULT mode."}
{"@timestamp":"2025-10-22T01:01:00.6073411+03:00","level":"INFO","thread_name":"Test worker","message":"Finished Spring Data repository scanning in 129 ms. Found 1 JPA repository interface."}
{"@timestamp":"2025-10-22T01:01:00.620342+03:00","level":"INFO","thread_name":"Test worker","message":"Multiple Spring Data modules found, entering strict repository configuration mode"}
{"@timestamp":"2025-10-22T01:01:00.6223137+03:00","level":"INFO","thread_name":"Test worker","message":"Bootstrapping Spring Data Redis repositories in DEFAULT mode."}
{"@timestamp":"2025-10-22T01:01:00.6363087+03:00","level":"INFO","thread_name":"Test worker","message":"Spring Data Redis - Could not safely identify store assignment for repository candidate interface ru.innotech.discountapi.adapters.repository.DiscountRepository; If you want this repository to be a Redis repository, consider annotating your entities with one of these annotations: org.springframework.data.redis.core.RedisHash (preferred), or consider extending one of the following types with your repository: org.springframework.data.keyvalue.repository.KeyValueRepository"}
{"@timestamp":"2025-10-22T01:01:00.6363087+03:00","level":"INFO","thread_name":"Test worker","message":"Finished Spring Data repository scanning in 5 ms. Found 0 Redis repository interfaces."}
{"@timestamp":"2025-10-22T01:01:00.929642+03:00","level":"INFO","thread_name":"Test worker","message":"BeanFactory id=f8e946c2-481d-3bb7-a934-13100b3e01c3"}
{"@timestamp":"2025-10-22T01:01:01.6846261+03:00","level":"INFO","thread_name":"Test worker","message":"Tomcat initialized with port 0 (http)"}
{"@timestamp":"2025-10-22T01:01:01.696067+03:00","level":"INFO","thread_name":"Test worker","message":"Initializing ProtocolHandler [\"http-nio-auto-1\"]"}
{"@timestamp":"2025-10-22T01:01:01.6980641+03:00","level":"INFO","thread_name":"Test worker","message":"Starting service [Tomcat]"}
{"@timestamp":"2025-10-22T01:01:01.6980641+03:00","level":"INFO","thread_name":"Test worker","message":"Starting Servlet engine: [Apache Tomcat/10.1.44]"}
{"@timestamp":"2025-10-22T01:01:01.7740605+03:00","level":"INFO","thread_name":"Test worker","message":"Initializing Spring embedded WebApplicationContext"}
{"@timestamp":"2025-10-22T01:01:01.7740605+03:00","level":"INFO","thread_name":"Test worker","message":"Root WebApplicationContext: initialization completed in 2201 ms"}
{"@timestamp":"2025-10-22T01:01:02.5154574+03:00","level":"INFO","thread_name":"Test worker","message":"HHH000204: Processing PersistenceUnitInfo [name: default]"}
{"@timestamp":"2025-10-22T01:01:02.5574533+03:00","level":"INFO","thread_name":"Test worker","message":"HHH000412: Hibernate ORM core version 6.6.26.Final"}
{"@timestamp":"2025-10-22T01:01:02.582448+03:00","level":"INFO","thread_name":"Test worker","message":"HHH000026: Second-level cache disabled"}
{"@timestamp":"2025-10-22T01:01:02.8135753+03:00","level":"INFO","thread_name":"Test worker","message":"No LoadTimeWeaver setup: ignoring JPA class transformer"}
{"@timestamp":"2025-10-22T01:01:02.8362882+03:00","level":"INFO","thread_name":"Test worker","message":"HikariPool-1 - Starting..."}
{"@timestamp":"2025-10-22T01:01:02.8988182+03:00","level":"INFO","thread_name":"Test worker","message":"HikariPool-1 - Added connection org.postgresql.jdbc.PgConnection@4992e34f"}
{"@timestamp":"2025-10-22T01:01:02.9009314+03:00","level":"INFO","thread_name":"Test worker","message":"HikariPool-1 - Start completed."}
{"@timestamp":"2025-10-22T01:01:02.9492763+03:00","level":"INFO","thread_name":"Test worker","message":"HHH10001005: Database info:\n\tDatabase JDBC URL [Connecting through datasource 'HikariDataSource (HikariPool-1)']\n\tDatabase driver: undefined/unknown\n\tDatabase version: 12.3\n\tAutocommit mode: undefined/unknown\n\tIsolation level: undefined/unknown\n\tMinimum pool size: undefined/unknown\n\tMaximum pool size: undefined/unknown"}
{"@timestamp":"2025-10-22T01:01:03.5315584+03:00","level":"INFO","thread_name":"Test worker","message":"HHH000489: No JTA platform available (set 'hibernate.transaction.jta.platform' to enable JTA platform integration)"}
{"@timestamp":"2025-10-22T01:01:03.5658729+03:00","level":"INFO","thread_name":"Test worker","message":"Initialized JPA EntityManagerFactory for persistence unit 'default'"}
{"@timestamp":"2025-10-22T01:01:04.4300872+03:00","level":"WARN","thread_name":"Test worker","message":"spring.jpa.open-in-view is enabled by default. Therefore, database queries may be performed during view rendering. Explicitly configure spring.jpa.open-in-view to disable this warning"}
{"@timestamp":"2025-10-22T01:01:06.1960628+03:00","level":"INFO","thread_name":"Test worker","message":"Initializing Spring TestDispatcherServlet ''"}
{"@timestamp":"2025-10-22T01:01:06.1960628+03:00","level":"INFO","thread_name":"Test worker","message":"Initializing Servlet ''"}
{"@timestamp":"2025-10-22T01:01:06.2072841+03:00","level":"INFO","thread_name":"Test worker","message":"Exposing 1 endpoint beneath base path '/actuator'"}
{"@timestamp":"2025-10-22T01:01:06.2196031+03:00","level":"INFO","thread_name":"Test worker","message":"Completed initialization in 23 ms"}
{"@timestamp":"2025-10-22T01:01:07.3621045+03:00","level":"INFO","thread_name":"Test worker","message":"Cannot determine local hostname"}
{"@timestamp":"2025-10-22T01:01:07.383928+03:00","level":"INFO","thread_name":"Test worker","message":"Eureka HTTP Client uses RestTemplate."}
{"@timestamp":"2025-10-22T01:01:07.5149643+03:00","level":"WARN","thread_name":"Test worker","message":"Spring Cloud LoadBalancer is currently working with the default cache. While this cache implementation is useful for development and tests, it's recommended to use Caffeine cache in production.You can switch to using Caffeine cache, by adding it and org.springframework.cache.caffeine.CaffeineCacheManager to the classpath."}
{"@timestamp":"2025-10-22T01:01:07.661988+03:00","level":"INFO","thread_name":"Test worker","message":"Starting ProtocolHandler [\"http-nio-auto-1\"]"}
{"@timestamp":"2025-10-22T01:01:07.6709877+03:00","level":"INFO","thread_name":"Test worker","message":"Tomcat started on port 50171 (http) with context path '/'"}
{"@timestamp":"2025-10-22T01:01:08.8096939+03:00","level":"INFO","thread_name":"Test worker","message":"Cannot determine local hostname"}
{"@timestamp":"2025-10-22T01:01:08.8236814+03:00","level":"INFO","thread_name":"Test worker","message":"Started DiscountServiceIntegrationTest in 11.178 seconds (process running for 14.297)"}
{"@timestamp":"2025-10-22T01:01:09.9816591+03:00","level":"INFO","thread_name":"SpringApplicationShutdownHook","message":"Commencing graceful shutdown. Waiting for active requests to complete"}
{"@timestamp":"2025-10-22T01:01:10.2124304+03:00","level":"INFO","thread_name":"tomcat-shutdown","message":"Graceful shutdown complete"}
{"@timestamp":"2025-10-22T01:01:10.3150469+03:00","level":"INFO","thread_name":"SpringApplicationShutdownHook","message":"Closing JPA EntityManagerFactory for persistence unit 'default'"}
{"@timestamp":"2025-10-22T01:01:10.3170473+03:00","level":"INFO","thread_name":"SpringApplicationShutdownHook","message":"HikariPool-1 - Shutdown initiated..."}
{"@timestamp":"2025-10-22T01:01:10.3220438+03:00","level":"INFO","thread_name":"SpringApplicationShutdownHook","message":"HikariPool-1 - Shutdown completed."}
{"@timestamp":"2025-10-22T18:14:01.2211737+03:00","level":"INFO","thread_name":"Test worker","message":"Starting DiscountServiceIntegrationTest using Java 17.0.10 with PID 40044 (started by kirin in C:\\Users\\kirin\\IdeaProjects\\shop\\discount-api)"}
{"@timestamp":"2025-10-22T18:14:01.2221709+03:00","level":"INFO","thread_name":"Test worker","message":"The following 1 profile is active: \"test\""}
{"@timestamp":"2025-10-22T18:14:01.3771029+03:00","level":"INFO","thread_name":"Test worker","message":"Fetching config from server at : http://localhost:8888"}
{"@timestamp":"2025-10-22T18:14:01.3781025+03:00","level":"INFO","thread_name":"Test worker","message":"Exception on Url - http://localhost:8888:org.springframework.web.client.ResourceAccessException: I/O error on GET request for \"http://localhost:8888/discount-api/test\": Connection refused: no further information. Will be trying the next url if available"}
{"@timestamp":"2025-10-22T18:14:01.3781025+03:00","level":"WARN","thread_name":"Test worker","message":"Could not locate PropertySource ([ConfigServerConfigDataResource@1c84d80a uris = array<String>['http://localhost:8888'], optional = true, profiles = 'test']): I/O error on GET request for \"http://localhost:8888/discount-api/test\": Connection refused: no further information"}
{"@timestamp":"2025-10-22T18:14:01.3781025+03:00","level":"INFO","thread_name":"Test worker","message":"Fetching config from server at : http://localhost:8888"}
{"@timestamp":"2025-10-22T18:14:01.3781025+03:00","level":"INFO","thread_name":"Test worker","message":"Exception on Url - http://localhost:8888:org.springframework.web.client.ResourceAccessException: I/O error on GET request for \"http://localhost:8888/discount-api/default\": Connection refused: no further information. Will be trying the next url if available"}
{"@timestamp":"2025-10-22T18:14:01.3781025+03:00","level":"WARN","thread_name":"Test worker","message":"Could not locate PropertySource ([ConfigServerConfigDataResource@7ceb6c45 uris = array<String>['http://localhost:8888'], optional = true, profiles = 'default']): I/O error on GET request for \"http://localhost:8888/discount-api/default\": Connection refused: no further information"}
{"@timestamp":"2025-10-22T18:14:02.4213781+03:00","level":"INFO","thread_name":"Test worker","message":"Multiple Spring Data modules found, entering strict repository configuration mode"}
{"@timestamp":"2025-10-22T18:14:02.4233516+03:00","level":"INFO","thread_name":"Test worker","message":"Bootstrapping Spring Data JPA repositories in DEFAULT mode."}
{"@timestamp":"2025-10-22T18:14:02.5605935+03:00","level":"INFO","thread_name":"Test worker","message":"Finished Spring Data repository scanning in 127 ms. Found 1 JPA repository interface."}
{"@timestamp":"2025-10-22T18:14:02.5727507+03:00","level":"INFO","thread_name":"Test worker","message":"Multiple Spring Data modules found, entering strict repository configuration mode"}
{"@timestamp":"2025-10-22T18:14:02.5738255+03:00","level":"INFO","thread_name":"Test worker","message":"Bootstrapping Spring Data Redis repositories in DEFAULT mode."}
{"@timestamp":"2025-10-22T18:14:02.5858618+03:00","level":"INFO","thread_name":"Test worker","message":"Spring Data Redis - Could not safely identify store assignment for repository candidate interface ru.innotech.discountapi.adapters.repository.DiscountRepository; If you want this repository to be a Redis repository, consider annotating your entities with one of these annotations: org.springframework.data.redis.core.RedisHash (preferred), or consider extending one of the following types with your repository: org.springframework.data.keyvalue.repository.KeyValueRepository"}
{"@timestamp":"2025-10-22T18:14:02.5858618+03:00","level":"INFO","thread_name":"Test worker","message":"Finished Spring Data repository scanning in 4 ms. Found 0 Redis repository interfaces."}
{"@timestamp":"2025-10-22T18:14:02.8861118+03:00","level":"INFO","thread_name":"Test worker","message":"BeanFactory id=f8e946c2-481d-3bb7-a934-13100b3e01c3"}
{"@timestamp":"2025-10-22T18:14:03.6950108+03:00","level":"INFO","thread_name":"Test worker","message":"Tomcat initialized with port 0 (http)"}
{"@timestamp":"2025-10-22T18:14:03.7066569+03:00","level":"INFO","thread_name":"Test worker","message":"Initializing ProtocolHandler [\"http-nio-auto-1\"]"}
{"@timestamp":"2025-10-22T18:14:03.7106056+03:00","level":"INFO","thread_name":"Test worker","message":"Starting service [Tomcat]"}
{"@timestamp":"2025-10-22T18:14:03.7106056+03:00","level":"INFO","thread_name":"Test worker","message":"Starting Servlet engine: [Apache Tomcat/10.1.44]"}
{"@timestamp":"2025-10-22T18:14:03.8024926+03:00","level":"INFO","thread_name":"Test worker","message":"Initializing Spring embedded WebApplicationContext"}
{"@timestamp":"2025-10-22T18:14:03.8024926+03:00","level":"INFO","thread_name":"Test worker","message":"Root WebApplicationContext: initialization completed in 2420 ms"}
{"@timestamp":"2025-10-22T18:14:04.5928066+03:00","level":"INFO","thread_name":"Test worker","message":"HHH000204: Processing PersistenceUnitInfo [name: default]"}
{"@timestamp":"2025-10-22T18:14:04.6457956+03:00","level":"INFO","thread_name":"Test worker","message":"HHH000412: Hibernate ORM core version 6.6.26.Final"}
{"@timestamp":"2025-10-22T18:14:04.6804646+03:00","level":"INFO","thread_name":"Test worker","message":"HHH000026: Second-level cache disabled"}
{"@timestamp":"2025-10-22T18:14:04.9271844+03:00","level":"INFO","thread_name":"Test worker","message":"No LoadTimeWeaver setup: ignoring JPA class transformer"}
{"@timestamp":"2025-10-22T18:14:04.9668016+03:00","level":"INFO","thread_name":"Test worker","message":"HikariPool-1 - Starting..."}
{"@timestamp":"2025-10-22T18:14:05.0394351+03:00","level":"INFO","thread_name":"Test worker","message":"HikariPool-1 - Added connection org.postgresql.jdbc.PgConnection@15beb40b"}
{"@timestamp":"2025-10-22T18:14:05.0413792+03:00","level":"INFO","thread_name":"Test worker","message":"HikariPool-1 - Start completed."}
{"@timestamp":"2025-10-22T18:14:05.0935471+03:00","level":"INFO","thread_name":"Test worker","message":"HHH10001005: Database info:\n\tDatabase JDBC URL [Connecting through datasource 'HikariDataSource (HikariPool-1)']\n\tDatabase driver: undefined/unknown\n\tDatabase version: 12.3\n\tAutocommit mode: undefined/unknown\n\tIsolation level: undefined/unknown\n\tMinimum pool size: undefined/unknown\n\tMaximum pool size: undefined/unknown"}
{"@timestamp":"2025-10-22T18:14:05.7091904+03:00","level":"INFO","thread_name":"Test worker","message":"HHH000489: No JTA platform available (set 'hibernate.transaction.jta.platform' to enable JTA platform integration)"}
{"@timestamp":"2025-10-22T18:14:05.7448043+03:00","level":"INFO","thread_name":"Test worker","message":"Initialized JPA EntityManagerFactory for persistence unit 'default'"}
{"@timestamp":"2025-10-22T18:14:06.7366438+03:00","level":"WARN","thread_name":"Test worker","message":"spring.jpa.open-in-view is enabled by default. Therefore, database queries may be performed during view rendering. Explicitly configure spring.jpa.open-in-view to disable this warning"}
{"@timestamp":"2025-10-22T18:14:09.2569972+03:00","level":"INFO","thread_name":"Test worker","message":"Initializing Spring TestDispatcherServlet ''"}
{"@timestamp":"2025-10-22T18:14:09.2569972+03:00","level":"INFO","thread_name":"Test worker","message":"Initializing Servlet ''"}
{"@timestamp":"2025-10-22T18:14:09.2713631+03:00","level":"INFO","thread_name":"Test worker","message":"Exposing 1 endpoint beneath base path '/actuator'"}
{"@timestamp":"2025-10-22T18:14:09.2933649+03:00","level":"INFO","thread_name":"Test worker","message":"Completed initialization in 37 ms"}
{"@timestamp":"2025-10-22T18:14:10.4662596+03:00","level":"INFO","thread_name":"Test worker","message":"Cannot determine local hostname"}
{"@timestamp":"2025-10-22T18:14:10.5058627+03:00","level":"INFO","thread_name":"Test worker","message":"Eureka HTTP Client uses RestTemplate."}
{"@timestamp":"2025-10-22T18:14:10.6595902+03:00","level":"WARN","thread_name":"Test worker","message":"Spring Cloud LoadBalancer is currently working with the default cache. While this cache implementation is useful for development and tests, it's recommended to use Caffeine cache in production.You can switch to using Caffeine cache, by adding it and org.springframework.cache.caffeine.CaffeineCacheManager to the classpath."}
{"@timestamp":"2025-10-22T18:14:10.9088577+03:00","level":"INFO","thread_name":"Test worker","message":"Starting ProtocolHandler [\"http-nio-auto-1\"]"}
{"@timestamp":"2025-10-22T18:14:10.9208564+03:00","level":"INFO","thread_name":"Test worker","message":"Tomcat started on port 50464 (http) with context path '/'"}
{"@timestamp":"2025-10-22T18:14:12.0545937+03:00","level":"INFO","thread_name":"Test worker","message":"Cannot determine local hostname"}
{"@timestamp":"2025-10-22T18:14:12.0833085+03:00","level":"INFO","thread_name":"Test worker","message":"Started DiscountServiceIntegrationTest in 12.703 seconds (process running for 15.982)"}
{"@timestamp":"2025-10-22T18:14:13.7897066+03:00","level":"INFO","thread_name":"SpringApplicationShutdownHook","message":"Commencing graceful shutdown. Waiting for active requests to complete"}
{"@timestamp":"2025-10-22T18:14:14.0687535+03:00","level":"INFO","thread_name":"tomcat-shutdown","message":"Graceful shutdown complete"}
{"@timestamp":"2025-10-22T18:14:14.1017569+03:00","level":"INFO","thread_name":"SpringApplicationShutdownHook","message":"Closing JPA EntityManagerFactory for persistence unit 'default'"}
{"@timestamp":"2025-10-22T18:14:14.1047567+03:00","level":"INFO","thread_name":"SpringApplicationShutdownHook","message":"HikariPool-1 - Shutdown initiated..."}
{"@timestamp":"2025-10-22T18:14:14.1077573+03:00","level":"INFO","thread_name":"SpringApplicationShutdownHook","message":"HikariPool-1 - Shutdown completed."}
{"@timestamp":"2025-10-22T18:15:12.8430819+03:00","level":"INFO","thread_name":"Test worker","message":"Starting DiscountServiceIntegrationTest using Java 17.0.10 with PID 46648 (started by kirin in C:\\Users\\kirin\\IdeaProjects\\shop\\discount-api)"}
{"@timestamp":"2025-10-22T18:15:12.8430819+03:00","level":"INFO","thread_name":"Test worker","message":"The following 1 profile is active: \"test\""}
{"@timestamp":"2025-10-22T18:15:12.9739208+03:00","level":"INFO","thread_name":"Test worker","message":"Fetching config from server at : http://localhost:8888"}
{"@timestamp":"2025-10-22T18:15:12.9739208+03:00","level":"INFO","thread_name":"Test worker","message":"Exception on Url - http://localhost:8888:org.springframework.web.client.ResourceAccessException: I/O error on GET request for \"http://localhost:8888/discount-api/test\": Connection refused: no further information. Will be trying the next url if available"}
{"@timestamp":"2025-10-22T18:15:12.9739208+03:00","level":"WARN","thread_name":"Test worker","message":"Could not locate PropertySource ([ConfigServerConfigDataResource@477523ba uris = array<String>['http://localhost:8888'], optional = true, profiles = 'test']): I/O error on GET request for \"http://localhost:8888/discount-api/test\": Connection refused: no further information"}
{"@timestamp":"2025-10-22T18:15:12.9739208+03:00","level":"INFO","thread_name":"Test worker","message":"Fetching config from server at : http://localhost:8888"}
{"@timestamp":"2025-10-22T18:15:12.9739208+03:00","level":"INFO","thread_name":"Test worker","message":"Exception on Url - http://localhost:8888:org.springframework.web.client.ResourceAccessException: I/O error on GET request for \"http://localhost:8888/discount-api/default\": Connection refused: no further information. Will be trying the next url if available"}
{"@timestamp":"2025-10-22T18:15:12.9739208+03:00","level":"WARN","thread_name":"Test worker","message":"Could not locate PropertySource ([ConfigServerConfigDataResource@203e705e uris = array<String>['http://localhost:8888'], optional = true, profiles = 'default']): I/O error on GET request for \"http://localhost:8888/discount-api/default\": Connection refused: no further information"}
{"@timestamp":"2025-10-22T18:15:14.0035928+03:00","level":"INFO","thread_name":"Test worker","message":"Multiple Spring Data modules found, entering strict repository configuration mode"}
{"@timestamp":"2025-10-22T18:15:14.0055925+03:00","level":"INFO","thread_name":"Test worker","message":"Bootstrapping Spring Data JPA repositories in DEFAULT mode."}
{"@timestamp":"2025-10-22T18:15:14.1278539+03:00","level":"INFO","thread_name":"Test worker","message":"Finished Spring Data repository scanning in 110 ms. Found 1 JPA repository interface."}
{"@timestamp":"2025-10-22T18:15:14.1398542+03:00","level":"INFO","thread_name":"Test worker","message":"Multiple Spring Data modules found, entering strict repository configuration mode"}
{"@timestamp":"2025-10-22T18:15:14.1408537+03:00","level":"INFO","thread_name":"Test worker","message":"Bootstrapping Spring Data Redis repositories in DEFAULT mode."}
{"@timestamp":"2025-10-22T18:15:14.1548538+03:00","level":"INFO","thread_name":"Test worker","message":"Spring Data Redis - Could not safely identify store assignment for repository candidate interface ru.innotech.discountapi.adapters.repository.DiscountRepository; If you want this repository to be a Redis repository, consider annotating your entities with one of these annotations: org.springframework.data.redis.core.RedisHash (preferred), or consider extending one of the following types with your repository: org.springframework.data.keyvalue.repository.KeyValueRepository"}
{"@timestamp":"2025-10-22T18:15:14.155854+03:00","level":"INFO","thread_name":"Test worker","message":"Finished Spring Data repository scanning in 7 ms. Found 0 Redis repository interfaces."}
{"@timestamp":"2025-10-22T18:15:14.4412162+03:00","level":"INFO","thread_name":"Test worker","message":"BeanFactory id=f8e946c2-481d-3bb7-a934-13100b3e01c3"}
{"@timestamp":"2025-10-22T18:15:15.1991189+03:00","level":"INFO","thread_name":"Test worker","message":"Tomcat initialized with port 0 (http)"}
{"@timestamp":"2025-10-22T18:15:15.2101197+03:00","level":"INFO","thread_name":"Test worker","message":"Initializing ProtocolHandler [\"http-nio-auto-1\"]"}
{"@timestamp":"2025-10-22T18:15:15.2121192+03:00","level":"INFO","thread_name":"Test worker","message":"Starting service [Tomcat]"}
{"@timestamp":"2025-10-22T18:15:15.2121192+03:00","level":"INFO","thread_name":"Test worker","message":"Starting Servlet engine: [Apache Tomcat/10.1.44]"}
{"@timestamp":"2025-10-22T18:15:15.2936792+03:00","level":"INFO","thread_name":"Test worker","message":"Initializing Spring embedded WebApplicationContext"}
{"@timestamp":"2025-10-22T18:15:15.2936792+03:00","level":"INFO","thread_name":"Test worker","message":"Root WebApplicationContext: initialization completed in 2315 ms"}
{"@timestamp":"2025-10-22T18:15:16.0606013+03:00","level":"INFO","thread_name":"Test worker","message":"HHH000204: Processing PersistenceUnitInfo [name: default]"}
{"@timestamp":"2025-10-22T18:15:16.1056001+03:00","level":"INFO","thread_name":"Test worker","message":"HHH000412: Hibernate ORM core version 6.6.26.Final"}
{"@timestamp":"2025-10-22T18:15:16.1332503+03:00","level":"INFO","thread_name":"Test worker","message":"HHH000026: Second-level cache disabled"}
{"@timestamp":"2025-10-22T18:15:16.3497047+03:00","level":"INFO","thread_name":"Test worker","message":"No LoadTimeWeaver setup: ignoring JPA class transformer"}
{"@timestamp":"2025-10-22T18:15:16.3737749+03:00","level":"INFO","thread_name":"Test worker","message":"HikariPool-1 - Starting..."}
{"@timestamp":"2025-10-22T18:15:16.4333637+03:00","level":"INFO","thread_name":"Test worker","message":"HikariPool-1 - Added connection org.postgresql.jdbc.PgConnection@49a6b730"}
{"@timestamp":"2025-10-22T18:15:16.4345992+03:00","level":"INFO","thread_name":"Test worker","message":"HikariPool-1 - Start completed."}
{"@timestamp":"2025-10-22T18:15:16.4959068+03:00","level":"INFO","thread_name":"Test worker","message":"HHH10001005: Database info:\n\tDatabase JDBC URL [Connecting through datasource 'HikariDataSource (HikariPool-1)']\n\tDatabase driver: undefined/unknown\n\tDatabase version: 12.3\n\tAutocommit mode: undefined/unknown\n\tIsolation level: undefined/unknown\n\tMinimum pool size: undefined/unknown\n\tMaximum pool size: undefined/unknown"}
{"@timestamp":"2025-10-22T18:15:17.0813958+03:00","level":"INFO","thread_name":"Test worker","message":"HHH000489: No JTA platform available (set 'hibernate.transaction.jta.platform' to enable JTA platform integration)"}
{"@timestamp":"2025-10-22T18:15:17.1179314+03:00","level":"INFO","thread_name":"Test worker","message":"Initialized JPA EntityManagerFactory for persistence unit 'default'"}
{"@timestamp":"2025-10-22T18:15:17.9407453+03:00","level":"WARN","thread_name":"Test worker","message":"spring.jpa.open-in-view is enabled by default. Therefore, database queries may be performed during view rendering. Explicitly configure spring.jpa.open-in-view to disable this warning"}
{"@timestamp":"2025-10-22T18:15:19.5639439+03:00","level":"INFO","thread_name":"Test worker","message":"Initializing Spring TestDispatcherServlet ''"}
{"@timestamp":"2025-10-22T18:15:19.5639439+03:00","level":"INFO","thread_name":"Test worker","message":"Initializing Servlet ''"}
{"@timestamp":"2025-10-22T18:15:19.5717807+03:00","level":"INFO","thread_name":"Test worker","message":"Exposing 1 endpoint beneath base path '/actuator'"}
{"@timestamp":"2025-10-22T18:15:19.5849235+03:00","level":"INFO","thread_name":"Test worker","message":"Completed initialization in 20 ms"}
{"@timestamp":"2025-10-22T18:15:20.7110634+03:00","level":"INFO","thread_name":"Test worker","message":"Cannot determine local hostname"}
{"@timestamp":"2025-10-22T18:15:20.7473977+03:00","level":"INFO","thread_name":"Test worker","message":"Eureka HTTP Client uses RestTemplate."}
{"@timestamp":"2025-10-22T18:15:20.8237966+03:00","level":"WARN","thread_name":"Test worker","message":"Spring Cloud LoadBalancer is currently working with the default cache. While this cache implementation is useful for development and tests, it's recommended to use Caffeine cache in production.You can switch to using Caffeine cache, by adding it and org.springframework.cache.caffeine.CaffeineCacheManager to the classpath."}
{"@timestamp":"2025-10-22T18:15:20.9772847+03:00","level":"INFO","thread_name":"Test worker","message":"Starting ProtocolHandler [\"http-nio-auto-1\"]"}
{"@timestamp":"2025-10-22T18:15:20.9852851+03:00","level":"INFO","thread_name":"Test worker","message":"Tomcat started on port 50510 (http) with context path '/'"}
{"@timestamp":"2025-10-22T18:15:22.089174+03:00","level":"INFO","thread_name":"Test worker","message":"Cannot determine local hostname"}
{"@timestamp":"2025-10-22T18:15:22.1092575+03:00","level":"INFO","thread_name":"Test worker","message":"Started DiscountServiceIntegrationTest in 11.104 seconds (process running for 14.087)"}
{"@timestamp":"2025-10-22T18:15:23.2506001+03:00","level":"INFO","thread_name":"SpringApplicationShutdownHook","message":"Commencing graceful shutdown. Waiting for active requests to complete"}
{"@timestamp":"2025-10-22T18:15:23.4899283+03:00","level":"INFO","thread_name":"tomcat-shutdown","message":"Graceful shutdown complete"}
{"@timestamp":"2025-10-22T18:15:23.5049291+03:00","level":"INFO","thread_name":"SpringApplicationShutdownHook","message":"Closing JPA EntityManagerFactory for persistence unit 'default'"}
{"@timestamp":"2025-10-22T18:15:23.5059296+03:00","level":"INFO","thread_name":"SpringApplicationShutdownHook","message":"HikariPool-1 - Shutdown initiated..."}
{"@timestamp":"2025-10-22T18:15:23.5079287+03:00","level":"INFO","thread_name":"SpringApplicationShutdownHook","message":"HikariPool-1 - Shutdown completed."}
{"@timestamp":"2025-10-22T18:17:05.570416+03:00","level":"INFO","thread_name":"Test worker","message":"Starting DiscountControllerTest using Java 17.0.10 with PID 44672 (started by kirin in C:\\Users\\kirin\\IdeaProjects\\shop\\discount-api)"}
{"@timestamp":"2025-10-22T18:17:05.5709487+03:00","level":"INFO","thread_name":"Test worker","message":"The following 1 profile is active: \"test\""}
{"@timestamp":"2025-10-22T18:17:05.7050331+03:00","level":"INFO","thread_name":"Test worker","message":"Fetching config from server at : http://localhost:8888"}
{"@timestamp":"2025-10-22T18:17:05.7050331+03:00","level":"INFO","thread_name":"Test worker","message":"Exception on Url - http://localhost:8888:org.springframework.web.client.ResourceAccessException: I/O error on GET request for \"http://localhost:8888/discount-api/test\": Connection refused: no further information. Will be trying the next url if available"}
{"@timestamp":"2025-10-22T18:17:05.7050331+03:00","level":"WARN","thread_name":"Test worker","message":"Could not locate PropertySource ([ConfigServerConfigDataResource@78c74647 uris = array<String>['http://localhost:8888'], optional = true, profiles = 'test']): I/O error on GET request for \"http://localhost:8888/discount-api/test\": Connection refused: no further information"}
{"@timestamp":"2025-10-22T18:17:05.7050331+03:00","level":"INFO","thread_name":"Test worker","message":"Fetching config from server at : http://localhost:8888"}
{"@timestamp":"2025-10-22T18:17:05.7050331+03:00","level":"INFO","thread_name":"Test worker","message":"Exception on Url - http://localhost:8888:org.springframework.web.client.ResourceAccessException: I/O error on GET request for \"http://localhost:8888/discount-api/default\": Connection refused: no further information. Will be trying the next url if available"}
{"@timestamp":"2025-10-22T18:17:05.7050331+03:00","level":"WARN","thread_name":"Test worker","message":"Could not locate PropertySource ([ConfigServerConfigDataResource@39652a30 uris = array<String>['http://localhost:8888'], optional = true, profiles = 'default']): I/O error on GET request for \"http://localhost:8888/discount-api/default\": Connection refused: no further information"}
{"@timestamp":"2025-10-22T18:17:06.6667256+03:00","level":"INFO","thread_name":"Test worker","message":"Multiple Spring Data modules found, entering strict repository configuration mode"}
{"@timestamp":"2025-10-22T18:17:06.6677018+03:00","level":"INFO","thread_name":"Test worker","message":"Bootstrapping Spring Data JPA repositories in DEFAULT mode."}
{"@timestamp":"2025-10-22T18:17:06.7977279+03:00","level":"INFO","thread_name":"Test worker","message":"Finished Spring Data repository scanning in 119 ms. Found 1 JPA repository interface."}
{"@timestamp":"2025-10-22T18:17:06.8086728+03:00","level":"INFO","thread_name":"Test worker","message":"Multiple Spring Data modules found, entering strict repository configuration mode"}
{"@timestamp":"2025-10-22T18:17:06.8096918+03:00","level":"INFO","thread_name":"Test worker","message":"Bootstrapping Spring Data Redis repositories in DEFAULT mode."}
{"@timestamp":"2025-10-22T18:17:06.8227282+03:00","level":"INFO","thread_name":"Test worker","message":"Spring Data Redis - Could not safely identify store assignment for repository candidate interface ru.innotech.discountapi.adapters.repository.DiscountRepository; If you want this repository to be a Redis repository, consider annotating your entities with one of these annotations: org.springframework.data.redis.core.RedisHash (preferred), or consider extending one of the following types with your repository: org.springframework.data.keyvalue.repository.KeyValueRepository"}
{"@timestamp":"2025-10-22T18:17:06.8227282+03:00","level":"INFO","thread_name":"Test worker","message":"Finished Spring Data repository scanning in 5 ms. Found 0 Redis repository interfaces."}
{"@timestamp":"2025-10-22T18:17:07.1388927+03:00","level":"INFO","thread_name":"Test worker","message":"BeanFactory id=f8e946c2-481d-3bb7-a934-13100b3e01c3"}
{"@timestamp":"2025-10-22T18:17:07.8825782+03:00","level":"INFO","thread_name":"Test worker","message":"Tomcat initialized with port 0 (http)"}
{"@timestamp":"2025-10-22T18:17:07.8945778+03:00","level":"INFO","thread_name":"Test worker","message":"Initializing ProtocolHandler [\"http-nio-auto-1\"]"}
{"@timestamp":"2025-10-22T18:17:07.8965761+03:00","level":"INFO","thread_name":"Test worker","message":"Starting service [Tomcat]"}
{"@timestamp":"2025-10-22T18:17:07.8965761+03:00","level":"INFO","thread_name":"Test worker","message":"Starting Servlet engine: [Apache Tomcat/10.1.44]"}
{"@timestamp":"2025-10-22T18:17:07.9722477+03:00","level":"INFO","thread_name":"Test worker","message":"Initializing Spring embedded WebApplicationContext"}
{"@timestamp":"2025-10-22T18:17:07.9732437+03:00","level":"INFO","thread_name":"Test worker","message":"Root WebApplicationContext: initialization completed in 2263 ms"}
{"@timestamp":"2025-10-22T18:17:08.5981006+03:00","level":"INFO","thread_name":"Test worker","message":"HHH000204: Processing PersistenceUnitInfo [name: default]"}
{"@timestamp":"2025-10-22T18:17:08.6451322+03:00","level":"INFO","thread_name":"Test worker","message":"HHH000412: Hibernate ORM core version 6.6.26.Final"}
{"@timestamp":"2025-10-22T18:17:08.6721018+03:00","level":"INFO","thread_name":"Test worker","message":"HHH000026: Second-level cache disabled"}
{"@timestamp":"2025-10-22T18:17:08.9045661+03:00","level":"INFO","thread_name":"Test worker","message":"No LoadTimeWeaver setup: ignoring JPA class transformer"}
{"@timestamp":"2025-10-22T18:17:08.9265035+03:00","level":"INFO","thread_name":"Test worker","message":"HikariPool-1 - Starting..."}
{"@timestamp":"2025-10-22T18:17:08.9903821+03:00","level":"INFO","thread_name":"Test worker","message":"HikariPool-1 - Added connection org.postgresql.jdbc.PgConnection@6258ea84"}
{"@timestamp":"2025-10-22T18:17:08.9914811+03:00","level":"INFO","thread_name":"Test worker","message":"HikariPool-1 - Start completed."}
{"@timestamp":"2025-10-22T18:17:09.0432453+03:00","level":"INFO","thread_name":"Test worker","message":"HHH10001005: Database info:\n\tDatabase JDBC URL [Connecting through datasource 'HikariDataSource (HikariPool-1)']\n\tDatabase driver: undefined/unknown\n\tDatabase version: 12.3\n\tAutocommit mode: undefined/unknown\n\tIsolation level: undefined/unknown\n\tMinimum pool size: undefined/unknown\n\tMaximum pool size: undefined/unknown"}
{"@timestamp":"2025-10-22T18:17:09.6559215+03:00","level":"INFO","thread_name":"Test worker","message":"HHH000489: No JTA platform available (set 'hibernate.transaction.jta.platform' to enable JTA platform integration)"}
{"@timestamp":"2025-10-22T18:17:09.6917868+03:00","level":"INFO","thread_name":"Test worker","message":"Initialized JPA EntityManagerFactory for persistence unit 'default'"}
{"@timestamp":"2025-10-22T18:17:10.6278304+03:00","level":"WARN","thread_name":"Test worker","message":"spring.jpa.open-in-view is enabled by default. Therefore, database queries may be performed during view rendering. Explicitly configure spring.jpa.open-in-view to disable this warning"}
{"@timestamp":"2025-10-22T18:17:12.3362205+03:00","level":"INFO","thread_name":"Test worker","message":"Initializing Spring TestDispatcherServlet ''"}
{"@timestamp":"2025-10-22T18:17:12.3362205+03:00","level":"INFO","thread_name":"Test worker","message":"Initializing Servlet ''"}
{"@timestamp":"2025-10-22T18:17:12.3449165+03:00","level":"INFO","thread_name":"Test worker","message":"Exposing 1 endpoint beneath base path '/actuator'"}
{"@timestamp":"2025-10-22T18:17:12.3565327+03:00","level":"INFO","thread_name":"Test worker","message":"Completed initialization in 20 ms"}
{"@timestamp":"2025-10-22T18:17:13.4889266+03:00","level":"INFO","thread_name":"Test worker","message":"Cannot determine local hostname"}
{"@timestamp":"2025-10-22T18:17:13.5287847+03:00","level":"INFO","thread_name":"Test worker","message":"Eureka HTTP Client uses RestTemplate."}
{"@timestamp":"2025-10-22T18:17:13.5968182+03:00","level":"WARN","thread_name":"Test worker","message":"Spring Cloud LoadBalancer is currently working with the default cache. While this cache implementation is useful for development and tests, it's recommended to use Caffeine cache in production.You can switch to using Caffeine cache, by adding it and org.springframework.cache.caffeine.CaffeineCacheManager to the classpath."}
{"@timestamp":"2025-10-22T18:17:13.7432936+03:00","level":"INFO","thread_name":"Test worker","message":"Starting ProtocolHandler [\"http-nio-auto-1\"]"}
{"@timestamp":"2025-10-22T18:17:13.7512928+03:00","level":"INFO","thread_name":"Test worker","message":"Tomcat started on port 50570 (http) with context path '/'"}
{"@timestamp":"2025-10-22T18:17:14.8603217+03:00","level":"INFO","thread_name":"Test worker","message":"Cannot determine local hostname"}
{"@timestamp":"2025-10-22T18:17:14.8852629+03:00","level":"INFO","thread_name":"Test worker","message":"Started DiscountControllerTest in 11.153 seconds (process running for 14.058)"}
{"@timestamp":"2025-10-22T18:17:15.4117381+03:00","level":"INFO","thread_name":"Test worker","traceId":"9b473b271c68547278ee89130d73eb14","spanId":"257c3663d9571a82","op":"getDiscounts","batchSize":"2","message":"Get discounts: returned 2"}
{"@timestamp":"2025-10-22T18:17:15.9215173+03:00","level":"INFO","thread_name":"SpringApplicationShutdownHook","message":"Commencing graceful shutdown. Waiting for active requests to complete"}
{"@timestamp":"2025-10-22T18:17:16.1412928+03:00","level":"INFO","thread_name":"tomcat-shutdown","message":"Graceful shutdown complete"}
{"@timestamp":"2025-10-22T18:17:16.1542948+03:00","level":"INFO","thread_name":"SpringApplicationShutdownHook","message":"Closing JPA EntityManagerFactory for persistence unit 'default'"}
{"@timestamp":"2025-10-22T18:17:16.155885+03:00","level":"INFO","thread_name":"SpringApplicationShutdownHook","message":"HikariPool-1 - Shutdown initiated..."}
{"@timestamp":"2025-10-22T18:17:16.1578838+03:00","level":"INFO","thread_name":"SpringApplicationShutdownHook","message":"HikariPool-1 - Shutdown completed."}
{"@timestamp":"2025-10-22T18:18:57.7769327+03:00","level":"INFO","thread_name":"Test worker","message":"Starting DiscountControllerTest using Java 17.0.10 with PID 43708 (started by kirin in C:\\Users\\kirin\\IdeaProjects\\shop\\discount-api)"}
{"@timestamp":"2025-10-22T18:18:57.7769327+03:00","level":"INFO","thread_name":"Test worker","message":"The following 1 profile is active: \"test\""}
{"@timestamp":"2025-10-22T18:18:57.9192991+03:00","level":"INFO","thread_name":"Test worker","message":"Fetching config from server at : http://localhost:8888"}
{"@timestamp":"2025-10-22T18:18:57.9192991+03:00","level":"INFO","thread_name":"Test worker","message":"Exception on Url - http://localhost:8888:org.springframework.web.client.ResourceAccessException: I/O error on GET request for \"http://localhost:8888/discount-api/test\": Connection refused: no further information. Will be trying the next url if available"}
{"@timestamp":"2025-10-22T18:18:57.9192991+03:00","level":"WARN","thread_name":"Test worker","message":"Could not locate PropertySource ([ConfigServerConfigDataResource@1c84d80a uris = array<String>['http://localhost:8888'], optional = true, profiles = 'test']): I/O error on GET request for \"http://localhost:8888/discount-api/test\": Connection refused: no further information"}
{"@timestamp":"2025-10-22T18:18:57.9192991+03:00","level":"INFO","thread_name":"Test worker","message":"Fetching config from server at : http://localhost:8888"}
{"@timestamp":"2025-10-22T18:18:57.9192991+03:00","level":"INFO","thread_name":"Test worker","message":"Exception on Url - http://localhost:8888:org.springframework.web.client.ResourceAccessException: I/O error on GET request for \"http://localhost:8888/discount-api/default\": Connection refused: no further information. Will be trying the next url if available"}
{"@timestamp":"2025-10-22T18:18:57.9202989+03:00","level":"WARN","thread_name":"Test worker","message":"Could not locate PropertySource ([ConfigServerConfigDataResource@7ceb6c45 uris = array<String>['http://localhost:8888'], optional = true, profiles = 'default']): I/O error on GET request for \"http://localhost:8888/discount-api/default\": Connection refused: no further information"}
{"@timestamp":"2025-10-22T18:18:58.9449107+03:00","level":"INFO","thread_name":"Test worker","message":"Multiple Spring Data modules found, entering strict repository configuration mode"}
{"@timestamp":"2025-10-22T18:18:58.9459124+03:00","level":"INFO","thread_name":"Test worker","message":"Bootstrapping Spring Data JPA repositories in DEFAULT mode."}
{"@timestamp":"2025-10-22T18:18:59.0752782+03:00","level":"INFO","thread_name":"Test worker","message":"Finished Spring Data repository scanning in 118 ms. Found 1 JPA repository interface."}
{"@timestamp":"2025-10-22T18:18:59.0922329+03:00","level":"INFO","thread_name":"Test worker","message":"Multiple Spring Data modules found, entering strict repository configuration mode"}
{"@timestamp":"2025-10-22T18:18:59.0942335+03:00","level":"INFO","thread_name":"Test worker","message":"Bootstrapping Spring Data Redis repositories in DEFAULT mode."}
{"@timestamp":"2025-10-22T18:18:59.1112328+03:00","level":"INFO","thread_name":"Test worker","message":"Spring Data Redis - Could not safely identify store assignment for repository candidate interface ru.innotech.discountapi.adapters.repository.DiscountRepository; If you want this repository to be a Redis repository, consider annotating your entities with one of these annotations: org.springframework.data.redis.core.RedisHash (preferred), or consider extending one of the following types with your repository: org.springframework.data.keyvalue.repository.KeyValueRepository"}
{"@timestamp":"2025-10-22T18:18:59.1112328+03:00","level":"INFO","thread_name":"Test worker","message":"Finished Spring Data repository scanning in 8 ms. Found 0 Redis repository interfaces."}
{"@timestamp":"2025-10-22T18:18:59.4114766+03:00","level":"INFO","thread_name":"Test worker","message":"BeanFactory id=f8e946c2-481d-3bb7-a934-13100b3e01c3"}
{"@timestamp":"2025-10-22T18:19:00.1713619+03:00","level":"INFO","thread_name":"Test worker","message":"Tomcat initialized with port 0 (http)"}
{"@timestamp":"2025-10-22T18:19:00.1823425+03:00","level":"INFO","thread_name":"Test worker","message":"Initializing ProtocolHandler [\"http-nio-auto-1\"]"}
{"@timestamp":"2025-10-22T18:19:00.1833622+03:00","level":"INFO","thread_name":"Test worker","message":"Starting service [Tomcat]"}
{"@timestamp":"2025-10-22T18:19:00.1843262+03:00","level":"INFO","thread_name":"Test worker","message":"Starting Servlet engine: [Apache Tomcat/10.1.44]"}
{"@timestamp":"2025-10-22T18:19:00.2553921+03:00","level":"INFO","thread_name":"Test worker","message":"Initializing Spring embedded WebApplicationContext"}
{"@timestamp":"2025-10-22T18:19:00.2553921+03:00","level":"INFO","thread_name":"Test worker","message":"Root WebApplicationContext: initialization completed in 2331 ms"}
{"@timestamp":"2025-10-22T18:19:01.6922357+03:00","level":"INFO","thread_name":"Test worker","message":"HHH000204: Processing PersistenceUnitInfo [name: default]"}
{"@timestamp":"2025-10-22T18:19:01.7778841+03:00","level":"INFO","thread_name":"Test worker","message":"HHH000412: Hibernate ORM core version 6.6.26.Final"}
{"@timestamp":"2025-10-22T18:19:01.8234905+03:00","level":"INFO","thread_name":"Test worker","message":"HHH000026: Second-level cache disabled"}
{"@timestamp":"2025-10-22T18:19:02.222953+03:00","level":"INFO","thread_name":"Test worker","message":"No LoadTimeWeaver setup: ignoring JPA class transformer"}
{"@timestamp":"2025-10-22T18:19:02.2619529+03:00","level":"INFO","thread_name":"Test worker","message":"HikariPool-1 - Starting..."}
{"@timestamp":"2025-10-22T18:19:02.3560555+03:00","level":"INFO","thread_name":"Test worker","message":"HikariPool-1 - Added connection org.postgresql.jdbc.PgConnection@660dcd17"}
{"@timestamp":"2025-10-22T18:19:02.3581683+03:00","level":"INFO","thread_name":"Test worker","message":"HikariPool-1 - Start completed."}
{"@timestamp":"2025-10-22T18:19:02.4393434+03:00","level":"INFO","thread_name":"Test worker","message":"HHH10001005: Database info:\n\tDatabase JDBC URL [Connecting through datasource 'HikariDataSource (HikariPool-1)']\n\tDatabase driver: undefined/unknown\n\tDatabase version: 12.3\n\tAutocommit mode: undefined/unknown\n\tIsolation level: undefined/unknown\n\tMinimum pool size: undefined/unknown\n\tMaximum pool size: undefined/unknown"}
{"@timestamp":"2025-10-22T18:19:03.5275726+03:00","level":"INFO","thread_name":"Test worker","message":"HHH000489: No JTA platform available (set 'hibernate.transaction.jta.platform' to enable JTA platform integration)"}
{"@timestamp":"2025-10-22T18:19:03.5794672+03:00","level":"INFO","thread_name":"Test worker","message":"Initialized JPA EntityManagerFactory for persistence unit 'default'"}
{"@timestamp":"2025-10-22T18:19:05.8618473+03:00","level":"WARN","thread_name":"Test worker","message":"spring.jpa.open-in-view is enabled by default. Therefore, database queries may be performed during view rendering. Explicitly configure spring.jpa.open-in-view to disable this warning"}
{"@timestamp":"2025-10-22T18:19:09.201578+03:00","level":"INFO","thread_name":"Test worker","message":"Initializing Spring TestDispatcherServlet ''"}
{"@timestamp":"2025-10-22T18:19:09.2025771+03:00","level":"INFO","thread_name":"Test worker","message":"Initializing Servlet ''"}
{"@timestamp":"2025-10-22T18:19:09.2145782+03:00","level":"INFO","thread_name":"Test worker","message":"Exposing 1 endpoint beneath base path '/actuator'"}
{"@timestamp":"2025-10-22T18:19:09.2701446+03:00","level":"INFO","thread_name":"Test worker","message":"Completed initialization in 68 ms"}
{"@timestamp":"2025-10-22T18:19:10.4468879+03:00","level":"INFO","thread_name":"Test worker","message":"Cannot determine local hostname"}
{"@timestamp":"2025-10-22T18:19:10.4777128+03:00","level":"INFO","thread_name":"Test worker","message":"Eureka HTTP Client uses RestTemplate."}
{"@timestamp":"2025-10-22T18:19:10.5904294+03:00","level":"WARN","thread_name":"Test worker","message":"Spring Cloud LoadBalancer is currently working with the default cache. While this cache implementation is useful for development and tests, it's recommended to use Caffeine cache in production.You can switch to using Caffeine cache, by adding it and org.springframework.cache.caffeine.CaffeineCacheManager to the classpath."}
{"@timestamp":"2025-10-22T18:19:10.8618457+03:00","level":"INFO","thread_name":"Test worker","message":"Starting ProtocolHandler [\"http-nio-auto-1\"]"}
{"@timestamp":"2025-10-22T18:19:10.8748444+03:00","level":"INFO","thread_name":"Test worker","message":"Tomcat started on port 50605 (http) with context path '/'"}
{"@timestamp":"2025-10-22T18:19:12.0145712+03:00","level":"INFO","thread_name":"Test worker","message":"Cannot determine local hostname"}
{"@timestamp":"2025-10-22T18:19:12.0365618+03:00","level":"INFO","thread_name":"Test worker","message":"Started DiscountControllerTest in 16.107 seconds (process running for 19.305)"}
{"@timestamp":"2025-10-22T18:19:12.8882302+03:00","level":"INFO","thread_name":"Test worker","traceId":"06da929560c431612d70408f9d1527a3","spanId":"fc0567b2132d3007","op":"getDiscounts","batchSize":"2","message":"Get discounts: returned 2"}
{"@timestamp":"2025-10-22T18:19:13.6113754+03:00","level":"INFO","thread_name":"SpringApplicationShutdownHook","message":"Commencing graceful shutdown. Waiting for active requests to complete"}
{"@timestamp":"2025-10-22T18:19:13.8830366+03:00","level":"INFO","thread_name":"tomcat-shutdown","message":"Graceful shutdown complete"}
{"@timestamp":"2025-10-22T18:19:13.9100349+03:00","level":"INFO","thread_name":"SpringApplicationShutdownHook","message":"Closing JPA EntityManagerFactory for persistence unit 'default'"}
{"@timestamp":"2025-10-22T18:19:13.9120348+03:00","level":"INFO","thread_name":"SpringApplicationShutdownHook","message":"HikariPool-1 - Shutdown initiated..."}
{"@timestamp":"2025-10-22T18:19:13.9150341+03:00","level":"INFO","thread_name":"SpringApplicationShutdownHook","message":"HikariPool-1 - Shutdown completed."}
{"@timestamp":"2025-10-22T18:21:10.502363+03:00","level":"INFO","thread_name":"Test worker","message":"Starting DiscountServiceIntegrationTest using Java 17.0.10 with PID 43184 (started by kirin in C:\\Users\\kirin\\IdeaProjects\\shop\\discount-api)"}
{"@timestamp":"2025-10-22T18:21:10.502363+03:00","level":"INFO","thread_name":"Test worker","message":"The following 1 profile is active: \"test\""}
{"@timestamp":"2025-10-22T18:21:10.6650423+03:00","level":"INFO","thread_name":"Test worker","message":"Fetching config from server at : http://localhost:8888"}
{"@timestamp":"2025-10-22T18:21:10.6650423+03:00","level":"INFO","thread_name":"Test worker","message":"Exception on Url - http://localhost:8888:org.springframework.web.client.ResourceAccessException: I/O error on GET request for \"http://localhost:8888/discount-api/test\": Connection refused: no further information. Will be trying the next url if available"}
{"@timestamp":"2025-10-22T18:21:10.6650423+03:00","level":"WARN","thread_name":"Test worker","message":"Could not locate PropertySource ([ConfigServerConfigDataResource@723742b2 uris = array<String>['http://localhost:8888'], optional = true, profiles = 'test']): I/O error on GET request for \"http://localhost:8888/discount-api/test\": Connection refused: no further information"}
{"@timestamp":"2025-10-22T18:21:10.6650423+03:00","level":"INFO","thread_name":"Test worker","message":"Fetching config from server at : http://localhost:8888"}
{"@timestamp":"2025-10-22T18:21:10.6650423+03:00","level":"INFO","thread_name":"Test worker","message":"Exception on Url - http://localhost:8888:org.springframework.web.client.ResourceAccessException: I/O error on GET request for \"http://localhost:8888/discount-api/default\": Connection refused: no further information. Will be trying the next url if available"}
{"@timestamp":"2025-10-22T18:21:10.6650423+03:00","level":"WARN","thread_name":"Test worker","message":"Could not locate PropertySource ([ConfigServerConfigDataResource@559991f5 uris = array<String>['http://localhost:8888'], optional = true, profiles = 'default']): I/O error on GET request for \"http://localhost:8888/discount-api/default\": Connection refused: no further information"}
{"@timestamp":"2025-10-22T18:21:11.7129938+03:00","level":"INFO","thread_name":"Test worker","message":"Multiple Spring Data modules found, entering strict repository configuration mode"}
{"@timestamp":"2025-10-22T18:21:11.7149542+03:00","level":"INFO","thread_name":"Test worker","message":"Bootstrapping Spring Data JPA repositories in DEFAULT mode."}
{"@timestamp":"2025-10-22T18:21:11.8469934+03:00","level":"INFO","thread_name":"Test worker","message":"Finished Spring Data repository scanning in 116 ms. Found 1 JPA repository interface."}
{"@timestamp":"2025-10-22T18:21:11.8629475+03:00","level":"INFO","thread_name":"Test worker","message":"Multiple Spring Data modules found, entering strict repository configuration mode"}
{"@timestamp":"2025-10-22T18:21:11.864947+03:00","level":"INFO","thread_name":"Test worker","message":"Bootstrapping Spring Data Redis repositories in DEFAULT mode."}
{"@timestamp":"2025-10-22T18:21:11.880948+03:00","level":"INFO","thread_name":"Test worker","message":"Spring Data Redis - Could not safely identify store assignment for repository candidate interface ru.innotech.discountapi.adapters.repository.DiscountRepository; If you want this repository to be a Redis repository, consider annotating your entities with one of these annotations: org.springframework.data.redis.core.RedisHash (preferred), or consider extending one of the following types with your repository: org.springframework.data.keyvalue.repository.KeyValueRepository"}
{"@timestamp":"2025-10-22T18:21:11.880948+03:00","level":"INFO","thread_name":"Test worker","message":"Finished Spring Data repository scanning in 7 ms. Found 0 Redis repository interfaces."}
{"@timestamp":"2025-10-22T18:21:12.1758289+03:00","level":"INFO","thread_name":"Test worker","message":"BeanFactory id=f8e946c2-481d-3bb7-a934-13100b3e01c3"}
{"@timestamp":"2025-10-22T18:21:12.862991+03:00","level":"INFO","thread_name":"Test worker","message":"Tomcat initialized with port 0 (http)"}
{"@timestamp":"2025-10-22T18:21:12.8719984+03:00","level":"INFO","thread_name":"Test worker","message":"Initializing ProtocolHandler [\"http-nio-auto-1\"]"}
{"@timestamp":"2025-10-22T18:21:12.8739927+03:00","level":"INFO","thread_name":"Test worker","message":"Starting service [Tomcat]"}
{"@timestamp":"2025-10-22T18:21:12.8739927+03:00","level":"INFO","thread_name":"Test worker","message":"Starting Servlet engine: [Apache Tomcat/10.1.44]"}
{"@timestamp":"2025-10-22T18:21:12.9415989+03:00","level":"INFO","thread_name":"Test worker","message":"Initializing Spring embedded WebApplicationContext"}
{"@timestamp":"2025-10-22T18:21:12.9415989+03:00","level":"INFO","thread_name":"Test worker","message":"Root WebApplicationContext: initialization completed in 2272 ms"}
{"@timestamp":"2025-10-22T18:21:13.759868+03:00","level":"INFO","thread_name":"Test worker","message":"HHH000204: Processing PersistenceUnitInfo [name: default]"}
{"@timestamp":"2025-10-22T18:21:13.8097435+03:00","level":"INFO","thread_name":"Test worker","message":"HHH000412: Hibernate ORM core version 6.6.26.Final"}
{"@timestamp":"2025-10-22T18:21:13.8387455+03:00","level":"INFO","thread_name":"Test worker","message":"HHH000026: Second-level cache disabled"}
{"@timestamp":"2025-10-22T18:21:14.0683646+03:00","level":"INFO","thread_name":"Test worker","message":"No LoadTimeWeaver setup: ignoring JPA class transformer"}
{"@timestamp":"2025-10-22T18:21:14.0912117+03:00","level":"INFO","thread_name":"Test worker","message":"HikariPool-1 - Starting..."}
{"@timestamp":"2025-10-22T18:21:14.1481327+03:00","level":"INFO","thread_name":"Test worker","message":"HikariPool-1 - Added connection org.postgresql.jdbc.PgConnection@718aa49a"}
{"@timestamp":"2025-10-22T18:21:14.1494669+03:00","level":"INFO","thread_name":"Test worker","message":"HikariPool-1 - Start completed."}
{"@timestamp":"2025-10-22T18:21:14.2020832+03:00","level":"INFO","thread_name":"Test worker","message":"HHH10001005: Database info:\n\tDatabase JDBC URL [Connecting through datasource 'HikariDataSource (HikariPool-1)']\n\tDatabase driver: undefined/unknown\n\tDatabase version: 12.3\n\tAutocommit mode: undefined/unknown\n\tIsolation level: undefined/unknown\n\tMinimum pool size: undefined/unknown\n\tMaximum pool size: undefined/unknown"}
{"@timestamp":"2025-10-22T18:21:14.8403383+03:00","level":"INFO","thread_name":"Test worker","message":"HHH000489: No JTA platform available (set 'hibernate.transaction.jta.platform' to enable JTA platform integration)"}
{"@timestamp":"2025-10-22T18:21:14.8761101+03:00","level":"INFO","thread_name":"Test worker","message":"Initialized JPA EntityManagerFactory for persistence unit 'default'"}
{"@timestamp":"2025-10-22T18:21:15.7855836+03:00","level":"WARN","thread_name":"Test worker","message":"spring.jpa.open-in-view is enabled by default. Therefore, database queries may be performed during view rendering. Explicitly configure spring.jpa.open-in-view to disable this warning"}
{"@timestamp":"2025-10-22T18:21:17.4144973+03:00","level":"INFO","thread_name":"Test worker","message":"Initializing Spring TestDispatcherServlet ''"}
{"@timestamp":"2025-10-22T18:21:17.4150151+03:00","level":"INFO","thread_name":"Test worker","message":"Initializing Servlet ''"}
{"@timestamp":"2025-10-22T18:21:17.4230522+03:00","level":"INFO","thread_name":"Test worker","message":"Exposing 1 endpoint beneath base path '/actuator'"}
{"@timestamp":"2025-10-22T18:21:17.4349303+03:00","level":"INFO","thread_name":"Test worker","message":"Completed initialization in 19 ms"}
{"@timestamp":"2025-10-22T18:21:18.5629138+03:00","level":"INFO","thread_name":"Test worker","message":"Cannot determine local hostname"}
{"@timestamp":"2025-10-22T18:21:18.5859542+03:00","level":"INFO","thread_name":"Test worker","message":"Eureka HTTP Client uses RestTemplate."}
{"@timestamp":"2025-10-22T18:21:18.6653127+03:00","level":"WARN","thread_name":"Test worker","message":"Spring Cloud LoadBalancer is currently working with the default cache. While this cache implementation is useful for development and tests, it's recommended to use Caffeine cache in production.You can switch to using Caffeine cache, by adding it and org.springframework.cache.caffeine.CaffeineCacheManager to the classpath."}
{"@timestamp":"2025-10-22T18:21:18.8103734+03:00","level":"INFO","thread_name":"Test worker","message":"Starting ProtocolHandler [\"http-nio-auto-1\"]"}
{"@timestamp":"2025-10-22T18:21:18.8235355+03:00","level":"INFO","thread_name":"Test worker","message":"Tomcat started on port 50675 (http) with context path '/'"}
{"@timestamp":"2025-10-22T18:21:19.9292475+03:00","level":"INFO","thread_name":"Test worker","message":"Cannot determine local hostname"}
{"@timestamp":"2025-10-22T18:21:19.95322+03:00","level":"INFO","thread_name":"Test worker","message":"Started DiscountServiceIntegrationTest in 11.297 seconds (process running for 14.297)"}
{"@timestamp":"2025-10-22T18:21:21.2581251+03:00","level":"INFO","thread_name":"SpringApplicationShutdownHook","message":"Commencing graceful shutdown. Waiting for active requests to complete"}
{"@timestamp":"2025-10-22T18:21:21.4501326+03:00","level":"INFO","thread_name":"tomcat-shutdown","message":"Graceful shutdown complete"}
{"@timestamp":"2025-10-22T18:21:21.4637639+03:00","level":"INFO","thread_name":"SpringApplicationShutdownHook","message":"Closing JPA EntityManagerFactory for persistence unit 'default'"}
{"@timestamp":"2025-10-22T18:21:21.4647642+03:00","level":"INFO","thread_name":"SpringApplicationShutdownHook","message":"HikariPool-1 - Shutdown initiated..."}
{"@timestamp":"2025-10-22T18:21:21.4657636+03:00","level":"INFO","thread_name":"SpringApplicationShutdownHook","message":"HikariPool-1 - Shutdown completed."}
{"@timestamp":"2025-10-22T18:27:05.8775469+03:00","level":"INFO","thread_name":"Test worker","message":"Starting DiscountServiceIntegrationTest using Java 17.0.10 with PID 24804 (started by kirin in C:\\Users\\kirin\\IdeaProjects\\shop\\discount-api)"}
{"@timestamp":"2025-10-22T18:27:05.8785509+03:00","level":"INFO","thread_name":"Test worker","message":"The following 1 profile is active: \"test\""}
{"@timestamp":"2025-10-22T18:27:06.0172248+03:00","level":"INFO","thread_name":"Test worker","message":"Fetching config from server at : http://localhost:8888"}
{"@timestamp":"2025-10-22T18:27:06.0172248+03:00","level":"INFO","thread_name":"Test worker","message":"Exception on Url - http://localhost:8888:org.springframework.web.client.ResourceAccessException: I/O error on GET request for \"http://localhost:8888/discount-api/test\": Connection refused: no further information. Will be trying the next url if available"}
{"@timestamp":"2025-10-22T18:27:06.0172248+03:00","level":"WARN","thread_name":"Test worker","message":"Could not locate PropertySource ([ConfigServerConfigDataResource@629075f4 uris = array<String>['http://localhost:8888'], optional = true, profiles = 'test']): I/O error on GET request for \"http://localhost:8888/discount-api/test\": Connection refused: no further information"}
{"@timestamp":"2025-10-22T18:27:06.0172248+03:00","level":"INFO","thread_name":"Test worker","message":"Fetching config from server at : http://localhost:8888"}
{"@timestamp":"2025-10-22T18:27:06.0172248+03:00","level":"INFO","thread_name":"Test worker","message":"Exception on Url - http://localhost:8888:org.springframework.web.client.ResourceAccessException: I/O error on GET request for \"http://localhost:8888/discount-api/default\": Connection refused: no further information. Will be trying the next url if available"}
{"@timestamp":"2025-10-22T18:27:06.0172248+03:00","level":"WARN","thread_name":"Test worker","message":"Could not locate PropertySource ([ConfigServerConfigDataResource@48499739 uris = array<String>['http://localhost:8888'], optional = true, profiles = 'default']): I/O error on GET request for \"http://localhost:8888/discount-api/default\": Connection refused: no further information"}
{"@timestamp":"2025-10-22T18:27:06.971706+03:00","level":"INFO","thread_name":"Test worker","message":"Multiple Spring Data modules found, entering strict repository configuration mode"}
{"@timestamp":"2025-10-22T18:27:06.9732244+03:00","level":"INFO","thread_name":"Test worker","message":"Bootstrapping Spring Data JPA repositories in DEFAULT mode."}
{"@timestamp":"2025-10-22T18:27:07.1158332+03:00","level":"INFO","thread_name":"Test worker","message":"Finished Spring Data repository scanning in 131 ms. Found 1 JPA repository interface."}
{"@timestamp":"2025-10-22T18:27:07.1299032+03:00","level":"INFO","thread_name":"Test worker","message":"Multiple Spring Data modules found, entering strict repository configuration mode"}
{"@timestamp":"2025-10-22T18:27:07.1308713+03:00","level":"INFO","thread_name":"Test worker","message":"Bootstrapping Spring Data Redis repositories in DEFAULT mode."}
{"@timestamp":"2025-10-22T18:27:07.1448337+03:00","level":"INFO","thread_name":"Test worker","message":"Spring Data Redis - Could not safely identify store assignment for repository candidate interface ru.innotech.discountapi.adapters.repository.DiscountRepository; If you want this repository to be a Redis repository, consider annotating your entities with one of these annotations: org.springframework.data.redis.core.RedisHash (preferred), or consider extending one of the following types with your repository: org.springframework.data.keyvalue.repository.KeyValueRepository"}
{"@timestamp":"2025-10-22T18:27:07.1448337+03:00","level":"INFO","thread_name":"Test worker","message":"Finished Spring Data repository scanning in 6 ms. Found 0 Redis repository interfaces."}
{"@timestamp":"2025-10-22T18:27:07.5695868+03:00","level":"INFO","thread_name":"Test worker","message":"BeanFactory id=f8e946c2-481d-3bb7-a934-13100b3e01c3"}
{"@timestamp":"2025-10-22T18:27:08.4273391+03:00","level":"INFO","thread_name":"Test worker","message":"Tomcat initialized with port 0 (http)"}
{"@timestamp":"2025-10-22T18:27:08.4417139+03:00","level":"INFO","thread_name":"Test worker","message":"Initializing ProtocolHandler [\"http-nio-auto-1\"]"}
{"@timestamp":"2025-10-22T18:27:08.443715+03:00","level":"INFO","thread_name":"Test worker","message":"Starting service [Tomcat]"}
{"@timestamp":"2025-10-22T18:27:08.443715+03:00","level":"INFO","thread_name":"Test worker","message":"Starting Servlet engine: [Apache Tomcat/10.1.44]"}
{"@timestamp":"2025-10-22T18:27:08.5216154+03:00","level":"INFO","thread_name":"Test worker","message":"Initializing Spring embedded WebApplicationContext"}
{"@timestamp":"2025-10-22T18:27:08.5216154+03:00","level":"INFO","thread_name":"Test worker","message":"Root WebApplicationContext: initialization completed in 2500 ms"}
{"@timestamp":"2025-10-22T18:27:09.3400001+03:00","level":"INFO","thread_name":"Test worker","message":"HHH000204: Processing PersistenceUnitInfo [name: default]"}
{"@timestamp":"2025-10-22T18:27:09.398044+03:00","level":"INFO","thread_name":"Test worker","message":"HHH000412: Hibernate ORM core version 6.6.26.Final"}
{"@timestamp":"2025-10-22T18:27:09.4304486+03:00","level":"INFO","thread_name":"Test worker","message":"HHH000026: Second-level cache disabled"}
{"@timestamp":"2025-10-22T18:27:09.6906165+03:00","level":"INFO","thread_name":"Test worker","message":"No LoadTimeWeaver setup: ignoring JPA class transformer"}
{"@timestamp":"2025-10-22T18:27:09.715615+03:00","level":"INFO","thread_name":"Test worker","message":"HikariPool-1 - Starting..."}
{"@timestamp":"2025-10-22T18:27:09.7853265+03:00","level":"INFO","thread_name":"Test worker","message":"HikariPool-1 - Added connection org.postgresql.jdbc.PgConnection@6eef7af3"}
{"@timestamp":"2025-10-22T18:27:09.7871797+03:00","level":"INFO","thread_name":"Test worker","message":"HikariPool-1 - Start completed."}
{"@timestamp":"2025-10-22T18:27:09.8487235+03:00","level":"INFO","thread_name":"Test worker","message":"HHH10001005: Database info:\n\tDatabase JDBC URL [Connecting through datasource 'HikariDataSource (HikariPool-1)']\n\tDatabase driver: undefined/unknown\n\tDatabase version: 12.3\n\tAutocommit mode: undefined/unknown\n\tIsolation level: undefined/unknown\n\tMinimum pool size: undefined/unknown\n\tMaximum pool size: undefined/unknown"}
{"@timestamp":"2025-10-22T18:27:10.5360556+03:00","level":"INFO","thread_name":"Test worker","message":"HHH000489: No JTA platform available (set 'hibernate.transaction.jta.platform' to enable JTA platform integration)"}
{"@timestamp":"2025-10-22T18:27:10.5795806+03:00","level":"INFO","thread_name":"Test worker","message":"Initialized JPA EntityManagerFactory for persistence unit 'default'"}
{"@timestamp":"2025-10-22T18:27:11.5067099+03:00","level":"WARN","thread_name":"Test worker","message":"spring.jpa.open-in-view is enabled by default. Therefore, database queries may be performed during view rendering. Explicitly configure spring.jpa.open-in-view to disable this warning"}
{"@timestamp":"2025-10-22T18:27:13.3429016+03:00","level":"INFO","thread_name":"Test worker","message":"Initializing Spring TestDispatcherServlet ''"}
{"@timestamp":"2025-10-22T18:27:13.3429016+03:00","level":"INFO","thread_name":"Test worker","message":"Initializing Servlet ''"}
{"@timestamp":"2025-10-22T18:27:13.3548802+03:00","level":"INFO","thread_name":"Test worker","message":"Exposing 1 endpoint beneath base path '/actuator'"}
{"@timestamp":"2025-10-22T18:27:13.3715428+03:00","level":"INFO","thread_name":"Test worker","message":"Completed initialization in 29 ms"}
{"@timestamp":"2025-10-22T18:27:14.5113587+03:00","level":"INFO","thread_name":"Test worker","message":"Cannot determine local hostname"}
{"@timestamp":"2025-10-22T18:27:14.5307582+03:00","level":"INFO","thread_name":"Test worker","message":"Eureka HTTP Client uses RestTemplate."}
{"@timestamp":"2025-10-22T18:27:14.6130523+03:00","level":"WARN","thread_name":"Test worker","message":"Spring Cloud LoadBalancer is currently working with the default cache. While this cache implementation is useful for development and tests, it's recommended to use Caffeine cache in production.You can switch to using Caffeine cache, by adding it and org.springframework.cache.caffeine.CaffeineCacheManager to the classpath."}
{"@timestamp":"2025-10-22T18:27:14.7815119+03:00","level":"INFO","thread_name":"Test worker","message":"Starting ProtocolHandler [\"http-nio-auto-1\"]"}
{"@timestamp":"2025-10-22T18:27:14.7913585+03:00","level":"INFO","thread_name":"Test worker","message":"Tomcat started on port 50899 (http) with context path '/'"}
{"@timestamp":"2025-10-22T18:27:15.9051096+03:00","level":"INFO","thread_name":"Test worker","message":"Cannot determine local hostname"}
{"@timestamp":"2025-10-22T18:27:15.9409486+03:00","level":"INFO","thread_name":"Test worker","message":"Started DiscountServiceIntegrationTest in 11.938 seconds (process running for 15.06)"}
{"@timestamp":"2025-10-22T18:27:15.9789745+03:00","level":"WARN","thread_name":"Test worker","message":"Caught exception while allowing TestExecutionListener [org.springframework.test.context.support.DependencyInjectionTestExecutionListener] to prepare test instance [ru.innotech.discountapi.core.service.DiscountServiceIntegrationTest@2dad9e6a]"}
{"@timestamp":"2025-10-22T18:27:16.5510742+03:00","level":"INFO","thread_name":"SpringApplicationShutdownHook","message":"Commencing graceful shutdown. Waiting for active requests to complete"}
{"@timestamp":"2025-10-22T18:27:16.7572562+03:00","level":"INFO","thread_name":"tomcat-shutdown","message":"Graceful shutdown complete"}
{"@timestamp":"2025-10-22T18:27:16.7722578+03:00","level":"INFO","thread_name":"SpringApplicationShutdownHook","message":"Closing JPA EntityManagerFactory for persistence unit 'default'"}
{"@timestamp":"2025-10-22T18:27:16.7732573+03:00","level":"INFO","thread_name":"SpringApplicationShutdownHook","message":"HikariPool-1 - Shutdown initiated..."}
{"@timestamp":"2025-10-22T18:27:16.7752563+03:00","level":"INFO","thread_name":"SpringApplicationShutdownHook","message":"HikariPool-1 - Shutdown completed."}
{"@timestamp":"2025-10-22T18:28:21.7586566+03:00","level":"INFO","thread_name":"Test worker","message":"Starting DiscountServiceIntegrationTest using Java 17.0.10 with PID 12272 (started by kirin in C:\\Users\\kirin\\IdeaProjects\\shop\\discount-api)"}
{"@timestamp":"2025-10-22T18:28:21.7596577+03:00","level":"INFO","thread_name":"Test worker","message":"The following 1 profile is active: \"test\""}
{"@timestamp":"2025-10-22T18:28:21.8872989+03:00","level":"INFO","thread_name":"Test worker","message":"Fetching config from server at : http://localhost:8888"}
{"@timestamp":"2025-10-22T18:28:21.8872989+03:00","level":"INFO","thread_name":"Test worker","message":"Exception on Url - http://localhost:8888:org.springframework.web.client.ResourceAccessException: I/O error on GET request for \"http://localhost:8888/discount-api/test\": Connection refused: no further information. Will be trying the next url if available"}
{"@timestamp":"2025-10-22T18:28:21.8872989+03:00","level":"WARN","thread_name":"Test worker","message":"Could not locate PropertySource ([ConfigServerConfigDataResource@5763a655 uris = array<String>['http://localhost:8888'], optional = true, profiles = 'test']): I/O error on GET request for \"http://localhost:8888/discount-api/test\": Connection refused: no further information"}
{"@timestamp":"2025-10-22T18:28:21.8872989+03:00","level":"INFO","thread_name":"Test worker","message":"Fetching config from server at : http://localhost:8888"}
{"@timestamp":"2025-10-22T18:28:21.8872989+03:00","level":"INFO","thread_name":"Test worker","message":"Exception on Url - http://localhost:8888:org.springframework.web.client.ResourceAccessException: I/O error on GET request for \"http://localhost:8888/discount-api/default\": Connection refused: no further information. Will be trying the next url if available"}
{"@timestamp":"2025-10-22T18:28:21.8872989+03:00","level":"WARN","thread_name":"Test worker","message":"Could not locate PropertySource ([ConfigServerConfigDataResource@40c8067 uris = array<String>['http://localhost:8888'], optional = true, profiles = 'default']): I/O error on GET request for \"http://localhost:8888/discount-api/default\": Connection refused: no further information"}
{"@timestamp":"2025-10-22T18:28:22.8085667+03:00","level":"INFO","thread_name":"Test worker","message":"Multiple Spring Data modules found, entering strict repository configuration mode"}
{"@timestamp":"2025-10-22T18:28:22.8105062+03:00","level":"INFO","thread_name":"Test worker","message":"Bootstrapping Spring Data JPA repositories in DEFAULT mode."}
{"@timestamp":"2025-10-22T18:28:22.9420098+03:00","level":"INFO","thread_name":"Test worker","message":"Finished Spring Data repository scanning in 122 ms. Found 1 JPA repository interface."}
{"@timestamp":"2025-10-22T18:28:22.9560018+03:00","level":"INFO","thread_name":"Test worker","message":"Multiple Spring Data modules found, entering strict repository configuration mode"}
{"@timestamp":"2025-10-22T18:28:22.9569809+03:00","level":"INFO","thread_name":"Test worker","message":"Bootstrapping Spring Data Redis repositories in DEFAULT mode."}
{"@timestamp":"2025-10-22T18:28:22.9719671+03:00","level":"INFO","thread_name":"Test worker","message":"Spring Data Redis - Could not safely identify store assignment for repository candidate interface ru.innotech.discountapi.adapters.repository.DiscountRepository; If you want this repository to be a Redis repository, consider annotating your entities with one of these annotations: org.springframework.data.redis.core.RedisHash (preferred), or consider extending one of the following types with your repository: org.springframework.data.keyvalue.repository.KeyValueRepository"}
{"@timestamp":"2025-10-22T18:28:22.9719671+03:00","level":"INFO","thread_name":"Test worker","message":"Finished Spring Data repository scanning in 5 ms. Found 0 Redis repository interfaces."}
{"@timestamp":"2025-10-22T18:28:23.2883606+03:00","level":"INFO","thread_name":"Test worker","message":"BeanFactory id=5f65a9f4-bb1b-3dad-b83f-2546f0139140"}
{"@timestamp":"2025-10-22T18:28:24.1377172+03:00","level":"INFO","thread_name":"Test worker","message":"Tomcat initialized with port 0 (http)"}
{"@timestamp":"2025-10-22T18:28:24.1513052+03:00","level":"INFO","thread_name":"Test worker","message":"Initializing ProtocolHandler [\"http-nio-auto-1\"]"}
{"@timestamp":"2025-10-22T18:28:24.1523056+03:00","level":"INFO","thread_name":"Test worker","message":"Starting service [Tomcat]"}
{"@timestamp":"2025-10-22T18:28:24.1523056+03:00","level":"INFO","thread_name":"Test worker","message":"Starting Servlet engine: [Apache Tomcat/10.1.44]"}
{"@timestamp":"2025-10-22T18:28:24.2398227+03:00","level":"INFO","thread_name":"Test worker","message":"Initializing Spring embedded WebApplicationContext"}
{"@timestamp":"2025-10-22T18:28:24.2398227+03:00","level":"INFO","thread_name":"Test worker","message":"Root WebApplicationContext: initialization completed in 2348 ms"}
{"@timestamp":"2025-10-22T18:28:24.9502161+03:00","level":"INFO","thread_name":"Test worker","message":"HHH000204: Processing PersistenceUnitInfo [name: default]"}
{"@timestamp":"2025-10-22T18:28:24.9956311+03:00","level":"INFO","thread_name":"Test worker","message":"HHH000412: Hibernate ORM core version 6.6.26.Final"}
{"@timestamp":"2025-10-22T18:28:25.0276185+03:00","level":"INFO","thread_name":"Test worker","message":"HHH000026: Second-level cache disabled"}
{"@timestamp":"2025-10-22T18:28:25.2368853+03:00","level":"INFO","thread_name":"Test worker","message":"No LoadTimeWeaver setup: ignoring JPA class transformer"}
{"@timestamp":"2025-10-22T18:28:25.2591639+03:00","level":"INFO","thread_name":"Test worker","message":"HikariPool-1 - Starting..."}
{"@timestamp":"2025-10-22T18:28:25.3304875+03:00","level":"INFO","thread_name":"Test worker","message":"HikariPool-1 - Added connection org.postgresql.jdbc.PgConnection@2d8a45a"}
{"@timestamp":"2025-10-22T18:28:25.3315298+03:00","level":"INFO","thread_name":"Test worker","message":"HikariPool-1 - Start completed."}
{"@timestamp":"2025-10-22T18:28:25.3787545+03:00","level":"INFO","thread_name":"Test worker","message":"HHH10001005: Database info:\n\tDatabase JDBC URL [Connecting through datasource 'HikariDataSource (HikariPool-1)']\n\tDatabase driver: undefined/unknown\n\tDatabase version: 12.3\n\tAutocommit mode: undefined/unknown\n\tIsolation level: undefined/unknown\n\tMinimum pool size: undefined/unknown\n\tMaximum pool size: undefined/unknown"}
{"@timestamp":"2025-10-22T18:28:25.9449103+03:00","level":"INFO","thread_name":"Test worker","message":"HHH000489: No JTA platform available (set 'hibernate.transaction.jta.platform' to enable JTA platform integration)"}
{"@timestamp":"2025-10-22T18:28:25.9804926+03:00","level":"INFO","thread_name":"Test worker","message":"Initialized JPA EntityManagerFactory for persistence unit 'default'"}
{"@timestamp":"2025-10-22T18:28:27.2181208+03:00","level":"WARN","thread_name":"Test worker","message":"spring.jpa.open-in-view is enabled by default. Therefore, database queries may be performed during view rendering. Explicitly configure spring.jpa.open-in-view to disable this warning"}
{"@timestamp":"2025-10-22T18:28:28.5383324+03:00","level":"INFO","thread_name":"Test worker","message":"Initializing Spring TestDispatcherServlet ''"}
{"@timestamp":"2025-10-22T18:28:28.5383324+03:00","level":"INFO","thread_name":"Test worker","message":"Initializing Servlet ''"}
{"@timestamp":"2025-10-22T18:28:28.5457451+03:00","level":"INFO","thread_name":"Test worker","message":"Exposing 1 endpoint beneath base path '/actuator'"}
{"@timestamp":"2025-10-22T18:28:28.5592974+03:00","level":"INFO","thread_name":"Test worker","message":"Completed initialization in 21 ms"}
{"@timestamp":"2025-10-22T18:28:29.6917161+03:00","level":"INFO","thread_name":"Test worker","message":"Cannot determine local hostname"}
{"@timestamp":"2025-10-22T18:28:29.7382454+03:00","level":"INFO","thread_name":"Test worker","message":"Eureka HTTP Client uses RestTemplate."}
{"@timestamp":"2025-10-22T18:28:29.8061119+03:00","level":"WARN","thread_name":"Test worker","message":"Spring Cloud LoadBalancer is currently working with the default cache. While this cache implementation is useful for development and tests, it's recommended to use Caffeine cache in production.You can switch to using Caffeine cache, by adding it and org.springframework.cache.caffeine.CaffeineCacheManager to the classpath."}
{"@timestamp":"2025-10-22T18:28:29.9514754+03:00","level":"INFO","thread_name":"Test worker","message":"Starting ProtocolHandler [\"http-nio-auto-1\"]"}
{"@timestamp":"2025-10-22T18:28:29.9594889+03:00","level":"INFO","thread_name":"Test worker","message":"Tomcat started on port 50936 (http) with context path '/'"}
{"@timestamp":"2025-10-22T18:28:31.0621217+03:00","level":"INFO","thread_name":"Test worker","message":"Cannot determine local hostname"}
{"@timestamp":"2025-10-22T18:28:31.0750926+03:00","level":"INFO","thread_name":"Test worker","message":"Started DiscountServiceIntegrationTest in 11.143 seconds (process running for 14.282)"}
{"@timestamp":"2025-10-22T18:28:31.1123313+03:00","level":"WARN","thread_name":"Test worker","message":"Caught exception while allowing TestExecutionListener [org.springframework.test.context.support.DependencyInjectionTestExecutionListener] to prepare test instance [ru.innotech.discountapi.core.service.DiscountServiceIntegrationTest@71c28a5e]"}
{"@timestamp":"2025-10-22T18:28:31.6131328+03:00","level":"INFO","thread_name":"SpringApplicationShutdownHook","message":"Commencing graceful shutdown. Waiting for active requests to complete"}
{"@timestamp":"2025-10-22T18:28:31.8036454+03:00","level":"INFO","thread_name":"tomcat-shutdown","message":"Graceful shutdown complete"}
{"@timestamp":"2025-10-22T18:28:31.818113+03:00","level":"INFO","thread_name":"SpringApplicationShutdownHook","message":"Closing JPA EntityManagerFactory for persistence unit 'default'"}
{"@timestamp":"2025-10-22T18:28:31.8198145+03:00","level":"INFO","thread_name":"SpringApplicationShutdownHook","message":"HikariPool-1 - Shutdown initiated..."}
{"@timestamp":"2025-10-22T18:28:31.8219988+03:00","level":"INFO","thread_name":"SpringApplicationShutdownHook","message":"HikariPool-1 - Shutdown completed."}
{"@timestamp":"2025-10-22T18:29:08.5150282+03:00","level":"INFO","thread_name":"Test worker","message":"Starting DiscountServiceIntegrationTest using Java 17.0.10 with PID 28752 (started by kirin in C:\\Users\\kirin\\IdeaProjects\\shop\\discount-api)"}
{"@timestamp":"2025-10-22T18:29:08.5150282+03:00","level":"INFO","thread_name":"Test worker","message":"The following 1 profile is active: \"test\""}
{"@timestamp":"2025-10-22T18:29:08.6773678+03:00","level":"INFO","thread_name":"Test worker","message":"Fetching config from server at : http://localhost:8888"}
{"@timestamp":"2025-10-22T18:29:08.6773678+03:00","level":"INFO","thread_name":"Test worker","message":"Exception on Url - http://localhost:8888:org.springframework.web.client.ResourceAccessException: I/O error on GET request for \"http://localhost:8888/discount-api/test\": Connection refused: no further information. Will be trying the next url if available"}
{"@timestamp":"2025-10-22T18:29:08.6773678+03:00","level":"WARN","thread_name":"Test worker","message":"Could not locate PropertySource ([ConfigServerConfigDataResource@7ea42c82 uris = array<String>['http://localhost:8888'], optional = true, profiles = 'test']): I/O error on GET request for \"http://localhost:8888/discount-api/test\": Connection refused: no further information"}
{"@timestamp":"2025-10-22T18:29:08.6773678+03:00","level":"INFO","thread_name":"Test worker","message":"Fetching config from server at : http://localhost:8888"}
{"@timestamp":"2025-10-22T18:29:08.6773678+03:00","level":"INFO","thread_name":"Test worker","message":"Exception on Url - http://localhost:8888:org.springframework.web.client.ResourceAccessException: I/O error on GET request for \"http://localhost:8888/discount-api/default\": Connection refused: no further information. Will be trying the next url if available"}
{"@timestamp":"2025-10-22T18:29:08.6773678+03:00","level":"WARN","thread_name":"Test worker","message":"Could not locate PropertySource ([ConfigServerConfigDataResource@39133244 uris = array<String>['http://localhost:8888'], optional = true, profiles = 'default']): I/O error on GET request for \"http://localhost:8888/discount-api/default\": Connection refused: no further information"}
{"@timestamp":"2025-10-22T18:29:09.5998755+03:00","level":"INFO","thread_name":"Test worker","message":"Multiple Spring Data modules found, entering strict repository configuration mode"}
{"@timestamp":"2025-10-22T18:29:09.6030413+03:00","level":"INFO","thread_name":"Test worker","message":"Bootstrapping Spring Data JPA repositories in DEFAULT mode."}
{"@timestamp":"2025-10-22T18:29:09.7396121+03:00","level":"INFO","thread_name":"Test worker","message":"Finished Spring Data repository scanning in 126 ms. Found 1 JPA repository interface."}
{"@timestamp":"2025-10-22T18:29:09.7516032+03:00","level":"INFO","thread_name":"Test worker","message":"Multiple Spring Data modules found, entering strict repository configuration mode"}
{"@timestamp":"2025-10-22T18:29:09.7525687+03:00","level":"INFO","thread_name":"Test worker","message":"Bootstrapping Spring Data Redis repositories in DEFAULT mode."}
{"@timestamp":"2025-10-22T18:29:09.7686112+03:00","level":"INFO","thread_name":"Test worker","message":"Spring Data Redis - Could not safely identify store assignment for repository candidate interface ru.innotech.discountapi.adapters.repository.DiscountRepository; If you want this repository to be a Redis repository, consider annotating your entities with one of these annotations: org.springframework.data.redis.core.RedisHash (preferred), or consider extending one of the following types with your repository: org.springframework.data.keyvalue.repository.KeyValueRepository"}
{"@timestamp":"2025-10-22T18:29:09.7695655+03:00","level":"INFO","thread_name":"Test worker","message":"Finished Spring Data repository scanning in 8 ms. Found 0 Redis repository interfaces."}
{"@timestamp":"2025-10-22T18:29:10.1045827+03:00","level":"INFO","thread_name":"Test worker","message":"BeanFactory id=5f65a9f4-bb1b-3dad-b83f-2546f0139140"}
{"@timestamp":"2025-10-22T18:29:11.0004337+03:00","level":"INFO","thread_name":"Test worker","message":"Tomcat initialized with port 0 (http)"}
{"@timestamp":"2025-10-22T18:29:11.0134335+03:00","level":"INFO","thread_name":"Test worker","message":"Initializing ProtocolHandler [\"http-nio-auto-1\"]"}
{"@timestamp":"2025-10-22T18:29:11.0164328+03:00","level":"INFO","thread_name":"Test worker","message":"Starting service [Tomcat]"}
{"@timestamp":"2025-10-22T18:29:11.0164328+03:00","level":"INFO","thread_name":"Test worker","message":"Starting Servlet engine: [Apache Tomcat/10.1.44]"}
{"@timestamp":"2025-10-22T18:29:11.1115677+03:00","level":"INFO","thread_name":"Test worker","message":"Initializing Spring embedded WebApplicationContext"}
{"@timestamp":"2025-10-22T18:29:11.1115677+03:00","level":"INFO","thread_name":"Test worker","message":"Root WebApplicationContext: initialization completed in 2429 ms"}
{"@timestamp":"2025-10-22T18:29:11.8168023+03:00","level":"INFO","thread_name":"Test worker","message":"HHH000204: Processing PersistenceUnitInfo [name: default]"}
{"@timestamp":"2025-10-22T18:29:11.8648442+03:00","level":"INFO","thread_name":"Test worker","message":"HHH000412: Hibernate ORM core version 6.6.26.Final"}
{"@timestamp":"2025-10-22T18:29:11.8948465+03:00","level":"INFO","thread_name":"Test worker","message":"HHH000026: Second-level cache disabled"}
{"@timestamp":"2025-10-22T18:29:12.1338451+03:00","level":"INFO","thread_name":"Test worker","message":"No LoadTimeWeaver setup: ignoring JPA class transformer"}
{"@timestamp":"2025-10-22T18:29:12.1589025+03:00","level":"INFO","thread_name":"Test worker","message":"HikariPool-1 - Starting..."}
{"@timestamp":"2025-10-22T18:29:12.2318242+03:00","level":"INFO","thread_name":"Test worker","message":"HikariPool-1 - Added connection org.postgresql.jdbc.PgConnection@71c16f67"}
{"@timestamp":"2025-10-22T18:29:12.2331291+03:00","level":"INFO","thread_name":"Test worker","message":"HikariPool-1 - Start completed."}
{"@timestamp":"2025-10-22T18:29:12.2855935+03:00","level":"INFO","thread_name":"Test worker","message":"HHH10001005: Database info:\n\tDatabase JDBC URL [Connecting through datasource 'HikariDataSource (HikariPool-1)']\n\tDatabase driver: undefined/unknown\n\tDatabase version: 12.3\n\tAutocommit mode: undefined/unknown\n\tIsolation level: undefined/unknown\n\tMinimum pool size: undefined/unknown\n\tMaximum pool size: undefined/unknown"}
{"@timestamp":"2025-10-22T18:29:12.8735347+03:00","level":"INFO","thread_name":"Test worker","message":"HHH000489: No JTA platform available (set 'hibernate.transaction.jta.platform' to enable JTA platform integration)"}
{"@timestamp":"2025-10-22T18:29:12.9133087+03:00","level":"INFO","thread_name":"Test worker","message":"Initialized JPA EntityManagerFactory for persistence unit 'default'"}
{"@timestamp":"2025-10-22T18:29:14.2047803+03:00","level":"WARN","thread_name":"Test worker","message":"spring.jpa.open-in-view is enabled by default. Therefore, database queries may be performed during view rendering. Explicitly configure spring.jpa.open-in-view to disable this warning"}
{"@timestamp":"2025-10-22T18:29:15.5057344+03:00","level":"INFO","thread_name":"Test worker","message":"Initializing Spring TestDispatcherServlet ''"}
{"@timestamp":"2025-10-22T18:29:15.5057344+03:00","level":"INFO","thread_name":"Test worker","message":"Initializing Servlet ''"}
{"@timestamp":"2025-10-22T18:29:15.513729+03:00","level":"INFO","thread_name":"Test worker","message":"Exposing 1 endpoint beneath base path '/actuator'"}
{"@timestamp":"2025-10-22T18:29:15.5294436+03:00","level":"INFO","thread_name":"Test worker","message":"Completed initialization in 24 ms"}
{"@timestamp":"2025-10-22T18:29:16.6566526+03:00","level":"INFO","thread_name":"Test worker","message":"Cannot determine local hostname"}
{"@timestamp":"2025-10-22T18:29:16.7038309+03:00","level":"INFO","thread_name":"Test worker","message":"Eureka HTTP Client uses RestTemplate."}
{"@timestamp":"2025-10-22T18:29:16.7865793+03:00","level":"WARN","thread_name":"Test worker","message":"Spring Cloud LoadBalancer is currently working with the default cache. While this cache implementation is useful for development and tests, it's recommended to use Caffeine cache in production.You can switch to using Caffeine cache, by adding it and org.springframework.cache.caffeine.CaffeineCacheManager to the classpath."}
{"@timestamp":"2025-10-22T18:29:16.9425056+03:00","level":"INFO","thread_name":"Test worker","message":"Starting ProtocolHandler [\"http-nio-auto-1\"]"}
{"@timestamp":"2025-10-22T18:29:16.9654734+03:00","level":"INFO","thread_name":"Test worker","message":"Tomcat started on port 50972 (http) with context path '/'"}
{"@timestamp":"2025-10-22T18:29:18.0703136+03:00","level":"INFO","thread_name":"Test worker","message":"Cannot determine local hostname"}
{"@timestamp":"2025-10-22T18:29:18.0970506+03:00","level":"INFO","thread_name":"Test worker","message":"Started DiscountServiceIntegrationTest in 11.461 seconds (process running for 14.594)"}
{"@timestamp":"2025-10-22T18:29:18.1344345+03:00","level":"WARN","thread_name":"Test worker","message":"Caught exception while allowing TestExecutionListener [org.springframework.test.context.support.DependencyInjectionTestExecutionListener] to prepare test instance [ru.innotech.discountapi.core.service.DiscountServiceIntegrationTest@717a02a2]"}
{"@timestamp":"2025-10-22T18:29:18.6382695+03:00","level":"INFO","thread_name":"SpringApplicationShutdownHook","message":"Commencing graceful shutdown. Waiting for active requests to complete"}
{"@timestamp":"2025-10-22T18:29:18.8406407+03:00","level":"INFO","thread_name":"tomcat-shutdown","message":"Graceful shutdown complete"}
{"@timestamp":"2025-10-22T18:29:18.8556404+03:00","level":"INFO","thread_name":"SpringApplicationShutdownHook","message":"Closing JPA EntityManagerFactory for persistence unit 'default'"}
{"@timestamp":"2025-10-22T18:29:18.8566419+03:00","level":"INFO","thread_name":"SpringApplicationShutdownHook","message":"HikariPool-1 - Shutdown initiated..."}
{"@timestamp":"2025-10-22T18:29:18.8586423+03:00","level":"INFO","thread_name":"SpringApplicationShutdownHook","message":"HikariPool-1 - Shutdown completed."}
{"@timestamp":"2025-10-22T18:30:00.0769316+03:00","level":"WARN","thread_name":"Test worker","message":"\r\n\r\nFound multiple occurrences of org.json.JSONObject on the class path:\r\n\r\n\tjar:file:/C:/Users/kirin/.gradle/caches/modules-2/files-2.1/org.json/json/20250107/a1b5f0b5a1ce018b93a691c57ffc7d141b3a10f1/json-20250107.jar!/org/json/JSONObject.class\r\n\tjar:file:/C:/Users/kirin/.gradle/caches/modules-2/files-2.1/com.vaadin.external.google/android-json/0.0.20131108.vaadin1/fa26d351fe62a6a17f5cda1287c1c6110dec413f/android-json-0.0.20131108.vaadin1.jar!/org/json/JSONObject.class\r\n\r\nYou may wish to exclude one of them to ensure predictable runtime behavior\r\n"}
{"@timestamp":"2025-10-22T18:30:00.0906327+03:00","level":"INFO","thread_name":"Test worker","message":"Starting DiscountServiceIntegrationTest using Java 17.0.10 with PID 44200 (started by kirin in C:\\Users\\kirin\\IdeaProjects\\shop\\discount-api)"}
{"@timestamp":"2025-10-22T18:30:00.0911506+03:00","level":"INFO","thread_name":"Test worker","message":"The following 1 profile is active: \"test\""}
{"@timestamp":"2025-10-22T18:30:00.2173622+03:00","level":"INFO","thread_name":"Test worker","message":"Fetching config from server at : http://localhost:8888"}
{"@timestamp":"2025-10-22T18:30:00.2173622+03:00","level":"INFO","thread_name":"Test worker","message":"Exception on Url - http://localhost:8888:org.springframework.web.client.ResourceAccessException: I/O error on GET request for \"http://localhost:8888/discount-api/test\": Connection refused: no further information. Will be trying the next url if available"}
{"@timestamp":"2025-10-22T18:30:00.2173622+03:00","level":"WARN","thread_name":"Test worker","message":"Could not locate PropertySource ([ConfigServerConfigDataResource@76a362a4 uris = array<String>['http://localhost:8888'], optional = true, profiles = 'test']): I/O error on GET request for \"http://localhost:8888/discount-api/test\": Connection refused: no further information"}
{"@timestamp":"2025-10-22T18:30:00.2173622+03:00","level":"INFO","thread_name":"Test worker","message":"Fetching config from server at : http://localhost:8888"}
{"@timestamp":"2025-10-22T18:30:00.2173622+03:00","level":"INFO","thread_name":"Test worker","message":"Exception on Url - http://localhost:8888:org.springframework.web.client.ResourceAccessException: I/O error on GET request for \"http://localhost:8888/discount-api/default\": Connection refused: no further information. Will be trying the next url if available"}
{"@timestamp":"2025-10-22T18:30:00.2173622+03:00","level":"WARN","thread_name":"Test worker","message":"Could not locate PropertySource ([ConfigServerConfigDataResource@61da0413 uris = array<String>['http://localhost:8888'], optional = true, profiles = 'default']): I/O error on GET request for \"http://localhost:8888/discount-api/default\": Connection refused: no further information"}
{"@timestamp":"2025-10-22T18:30:01.1802808+03:00","level":"INFO","thread_name":"Test worker","message":"Multiple Spring Data modules found, entering strict repository configuration mode"}
{"@timestamp":"2025-10-22T18:30:01.1822828+03:00","level":"INFO","thread_name":"Test worker","message":"Bootstrapping Spring Data JPA repositories in DEFAULT mode."}
{"@timestamp":"2025-10-22T18:30:01.3145998+03:00","level":"INFO","thread_name":"Test worker","message":"Finished Spring Data repository scanning in 122 ms. Found 1 JPA repository interface."}
{"@timestamp":"2025-10-22T18:30:01.3285742+03:00","level":"INFO","thread_name":"Test worker","message":"Multiple Spring Data modules found, entering strict repository configuration mode"}
{"@timestamp":"2025-10-22T18:30:01.3295739+03:00","level":"INFO","thread_name":"Test worker","message":"Bootstrapping Spring Data Redis repositories in DEFAULT mode."}
{"@timestamp":"2025-10-22T18:30:01.3415745+03:00","level":"INFO","thread_name":"Test worker","message":"Spring Data Redis - Could not safely identify store assignment for repository candidate interface ru.innotech.discountapi.adapters.repository.DiscountRepository; If you want this repository to be a Redis repository, consider annotating your entities with one of these annotations: org.springframework.data.redis.core.RedisHash (preferred), or consider extending one of the following types with your repository: org.springframework.data.keyvalue.repository.KeyValueRepository"}
{"@timestamp":"2025-10-22T18:30:01.3415745+03:00","level":"INFO","thread_name":"Test worker","message":"Finished Spring Data repository scanning in 5 ms. Found 0 Redis repository interfaces."}
{"@timestamp":"2025-10-22T18:30:01.6383469+03:00","level":"INFO","thread_name":"Test worker","message":"BeanFactory id=5f65a9f4-bb1b-3dad-b83f-2546f0139140"}
{"@timestamp":"2025-10-22T18:30:02.379342+03:00","level":"INFO","thread_name":"Test worker","message":"Tomcat initialized with port 0 (http)"}
{"@timestamp":"2025-10-22T18:30:02.3903449+03:00","level":"INFO","thread_name":"Test worker","message":"Initializing ProtocolHandler [\"http-nio-auto-1\"]"}
{"@timestamp":"2025-10-22T18:30:02.3923417+03:00","level":"INFO","thread_name":"Test worker","message":"Starting service [Tomcat]"}
{"@timestamp":"2025-10-22T18:30:02.3923417+03:00","level":"INFO","thread_name":"Test worker","message":"Starting Servlet engine: [Apache Tomcat/10.1.44]"}
{"@timestamp":"2025-10-22T18:30:02.4733614+03:00","level":"INFO","thread_name":"Test worker","message":"Initializing Spring embedded WebApplicationContext"}
{"@timestamp":"2025-10-22T18:30:02.4733614+03:00","level":"INFO","thread_name":"Test worker","message":"Root WebApplicationContext: initialization completed in 2252 ms"}
{"@timestamp":"2025-10-22T18:30:03.1805332+03:00","level":"INFO","thread_name":"Test worker","message":"HHH000204: Processing PersistenceUnitInfo [name: default]"}
{"@timestamp":"2025-10-22T18:30:03.2272796+03:00","level":"INFO","thread_name":"Test worker","message":"HHH000412: Hibernate ORM core version 6.6.26.Final"}
{"@timestamp":"2025-10-22T18:30:03.2522465+03:00","level":"INFO","thread_name":"Test worker","message":"HHH000026: Second-level cache disabled"}
{"@timestamp":"2025-10-22T18:30:03.4662201+03:00","level":"INFO","thread_name":"Test worker","message":"No LoadTimeWeaver setup: ignoring JPA class transformer"}
{"@timestamp":"2025-10-22T18:30:03.5082552+03:00","level":"INFO","thread_name":"Test worker","message":"HikariPool-1 - Starting..."}
{"@timestamp":"2025-10-22T18:30:03.5745876+03:00","level":"INFO","thread_name":"Test worker","message":"HikariPool-1 - Added connection org.postgresql.jdbc.PgConnection@7e4f42c0"}
{"@timestamp":"2025-10-22T18:30:03.5756438+03:00","level":"INFO","thread_name":"Test worker","message":"HikariPool-1 - Start completed."}
{"@timestamp":"2025-10-22T18:30:03.6225624+03:00","level":"INFO","thread_name":"Test worker","message":"HHH10001005: Database info:\n\tDatabase JDBC URL [Connecting through datasource 'HikariDataSource (HikariPool-1)']\n\tDatabase driver: undefined/unknown\n\tDatabase version: 12.3\n\tAutocommit mode: undefined/unknown\n\tIsolation level: undefined/unknown\n\tMinimum pool size: undefined/unknown\n\tMaximum pool size: undefined/unknown"}
{"@timestamp":"2025-10-22T18:30:04.2073371+03:00","level":"INFO","thread_name":"Test worker","message":"HHH000489: No JTA platform available (set 'hibernate.transaction.jta.platform' to enable JTA platform integration)"}
{"@timestamp":"2025-10-22T18:30:04.2452863+03:00","level":"INFO","thread_name":"Test worker","message":"Initialized JPA EntityManagerFactory for persistence unit 'default'"}
{"@timestamp":"2025-10-22T18:30:05.4934931+03:00","level":"WARN","thread_name":"Test worker","message":"spring.jpa.open-in-view is enabled by default. Therefore, database queries may be performed during view rendering. Explicitly configure spring.jpa.open-in-view to disable this warning"}
{"@timestamp":"2025-10-22T18:30:06.9535948+03:00","level":"INFO","thread_name":"Test worker","message":"Initializing Spring TestDispatcherServlet ''"}
{"@timestamp":"2025-10-22T18:30:06.9535948+03:00","level":"INFO","thread_name":"Test worker","message":"Initializing Servlet ''"}
{"@timestamp":"2025-10-22T18:30:06.9603768+03:00","level":"INFO","thread_name":"Test worker","message":"Exposing 1 endpoint beneath base path '/actuator'"}
{"@timestamp":"2025-10-22T18:30:06.9743247+03:00","level":"INFO","thread_name":"Test worker","message":"Completed initialization in 20 ms"}
{"@timestamp":"2025-10-22T18:30:08.1187458+03:00","level":"INFO","thread_name":"Test worker","message":"Cannot determine local hostname"}
{"@timestamp":"2025-10-22T18:30:08.1547369+03:00","level":"INFO","thread_name":"Test worker","message":"Eureka HTTP Client uses RestTemplate."}
{"@timestamp":"2025-10-22T18:30:08.2438685+03:00","level":"WARN","thread_name":"Test worker","message":"Spring Cloud LoadBalancer is currently working with the default cache. While this cache implementation is useful for development and tests, it's recommended to use Caffeine cache in production.You can switch to using Caffeine cache, by adding it and org.springframework.cache.caffeine.CaffeineCacheManager to the classpath."}
{"@timestamp":"2025-10-22T18:30:08.4001048+03:00","level":"INFO","thread_name":"Test worker","message":"Starting ProtocolHandler [\"http-nio-auto-1\"]"}
{"@timestamp":"2025-10-22T18:30:08.4080693+03:00","level":"INFO","thread_name":"Test worker","message":"Tomcat started on port 51010 (http) with context path '/'"}
{"@timestamp":"2025-10-22T18:30:09.5025153+03:00","level":"INFO","thread_name":"Test worker","message":"Cannot determine local hostname"}
{"@timestamp":"2025-10-22T18:30:09.5255174+03:00","level":"INFO","thread_name":"Test worker","message":"Started DiscountServiceIntegrationTest in 11.269 seconds (process running for 14.255)"}
{"@timestamp":"2025-10-22T18:30:09.557993+03:00","level":"WARN","thread_name":"Test worker","message":"Caught exception while allowing TestExecutionListener [org.springframework.test.context.support.DependencyInjectionTestExecutionListener] to prepare test instance [ru.innotech.discountapi.core.service.DiscountServiceIntegrationTest@127f5c43]"}
{"@timestamp":"2025-10-22T18:30:10.0488363+03:00","level":"INFO","thread_name":"SpringApplicationShutdownHook","message":"Commencing graceful shutdown. Waiting for active requests to complete"}
{"@timestamp":"2025-10-22T18:30:10.235923+03:00","level":"INFO","thread_name":"tomcat-shutdown","message":"Graceful shutdown complete"}
{"@timestamp":"2025-10-22T18:30:10.2605479+03:00","level":"INFO","thread_name":"SpringApplicationShutdownHook","message":"Closing JPA EntityManagerFactory for persistence unit 'default'"}
{"@timestamp":"2025-10-22T18:30:10.2622162+03:00","level":"INFO","thread_name":"SpringApplicationShutdownHook","message":"HikariPool-1 - Shutdown initiated..."}
{"@timestamp":"2025-10-22T18:30:10.2637952+03:00","level":"INFO","thread_name":"SpringApplicationShutdownHook","message":"HikariPool-1 - Shutdown completed."}
{"@timestamp":"2025-10-22T18:33:53.8154552+03:00","level":"INFO","thread_name":"Test worker","message":"Starting DiscountServiceIntegrationTest using Java 17.0.10 with PID 48320 (started by kirin in C:\\Users\\kirin\\IdeaProjects\\shop\\discount-api)"}
{"@timestamp":"2025-10-22T18:33:53.8164538+03:00","level":"INFO","thread_name":"Test worker","message":"The following 1 profile is active: \"test\""}
{"@timestamp":"2025-10-22T18:33:53.9608431+03:00","level":"INFO","thread_name":"Test worker","message":"Fetching config from server at : http://localhost:8888"}
{"@timestamp":"2025-10-22T18:33:53.9608431+03:00","level":"INFO","thread_name":"Test worker","message":"Exception on Url - http://localhost:8888:org.springframework.web.client.ResourceAccessException: I/O error on GET request for \"http://localhost:8888/discount-api/test\": Connection refused: no further information. Will be trying the next url if available"}
{"@timestamp":"2025-10-22T18:33:53.9608431+03:00","level":"WARN","thread_name":"Test worker","message":"Could not locate PropertySource ([ConfigServerConfigDataResource@7ea42c82 uris = array<String>['http://localhost:8888'], optional = true, profiles = 'test']): I/O error on GET request for \"http://localhost:8888/discount-api/test\": Connection refused: no further information"}
{"@timestamp":"2025-10-22T18:33:53.9608431+03:00","level":"INFO","thread_name":"Test worker","message":"Fetching config from server at : http://localhost:8888"}
{"@timestamp":"2025-10-22T18:33:53.9608431+03:00","level":"INFO","thread_name":"Test worker","message":"Exception on Url - http://localhost:8888:org.springframework.web.client.ResourceAccessException: I/O error on GET request for \"http://localhost:8888/discount-api/default\": Connection refused: no further information. Will be trying the next url if available"}
{"@timestamp":"2025-10-22T18:33:53.9608431+03:00","level":"WARN","thread_name":"Test worker","message":"Could not locate PropertySource ([ConfigServerConfigDataResource@39133244 uris = array<String>['http://localhost:8888'], optional = true, profiles = 'default']): I/O error on GET request for \"http://localhost:8888/discount-api/default\": Connection refused: no further information"}
{"@timestamp":"2025-10-22T18:33:54.9081682+03:00","level":"INFO","thread_name":"Test worker","message":"Multiple Spring Data modules found, entering strict repository configuration mode"}
{"@timestamp":"2025-10-22T18:33:54.9111675+03:00","level":"INFO","thread_name":"Test worker","message":"Bootstrapping Spring Data JPA repositories in DEFAULT mode."}
{"@timestamp":"2025-10-22T18:33:55.0384353+03:00","level":"INFO","thread_name":"Test worker","message":"Finished Spring Data repository scanning in 115 ms. Found 1 JPA repository interface."}
{"@timestamp":"2025-10-22T18:33:55.0500064+03:00","level":"INFO","thread_name":"Test worker","message":"Multiple Spring Data modules found, entering strict repository configuration mode"}
{"@timestamp":"2025-10-22T18:33:55.0510139+03:00","level":"INFO","thread_name":"Test worker","message":"Bootstrapping Spring Data Redis repositories in DEFAULT mode."}
{"@timestamp":"2025-10-22T18:33:55.0692205+03:00","level":"INFO","thread_name":"Test worker","message":"Spring Data Redis - Could not safely identify store assignment for repository candidate interface ru.innotech.discountapi.adapters.repository.DiscountRepository; If you want this repository to be a Redis repository, consider annotating your entities with one of these annotations: org.springframework.data.redis.core.RedisHash (preferred), or consider extending one of the following types with your repository: org.springframework.data.keyvalue.repository.KeyValueRepository"}
{"@timestamp":"2025-10-22T18:33:55.0692205+03:00","level":"INFO","thread_name":"Test worker","message":"Finished Spring Data repository scanning in 7 ms. Found 0 Redis repository interfaces."}
{"@timestamp":"2025-10-22T18:33:55.3538606+03:00","level":"INFO","thread_name":"Test worker","message":"BeanFactory id=5f65a9f4-bb1b-3dad-b83f-2546f0139140"}
{"@timestamp":"2025-10-22T18:33:56.0669658+03:00","level":"INFO","thread_name":"Test worker","message":"Tomcat initialized with port 0 (http)"}
{"@timestamp":"2025-10-22T18:33:56.0810031+03:00","level":"INFO","thread_name":"Test worker","message":"Initializing ProtocolHandler [\"http-nio-auto-1\"]"}
{"@timestamp":"2025-10-22T18:33:56.0829335+03:00","level":"INFO","thread_name":"Test worker","message":"Starting service [Tomcat]"}
{"@timestamp":"2025-10-22T18:33:56.0829335+03:00","level":"INFO","thread_name":"Test worker","message":"Starting Servlet engine: [Apache Tomcat/10.1.44]"}
{"@timestamp":"2025-10-22T18:33:56.1574752+03:00","level":"INFO","thread_name":"Test worker","message":"Initializing Spring embedded WebApplicationContext"}
{"@timestamp":"2025-10-22T18:33:56.1574752+03:00","level":"INFO","thread_name":"Test worker","message":"Root WebApplicationContext: initialization completed in 2193 ms"}
{"@timestamp":"2025-10-22T18:33:56.8357528+03:00","level":"INFO","thread_name":"Test worker","message":"HHH000204: Processing PersistenceUnitInfo [name: default]"}
{"@timestamp":"2025-10-22T18:33:56.8747588+03:00","level":"INFO","thread_name":"Test worker","message":"HHH000412: Hibernate ORM core version 6.6.26.Final"}
{"@timestamp":"2025-10-22T18:33:56.9095638+03:00","level":"INFO","thread_name":"Test worker","message":"HHH000026: Second-level cache disabled"}
{"@timestamp":"2025-10-22T18:33:57.1327909+03:00","level":"INFO","thread_name":"Test worker","message":"No LoadTimeWeaver setup: ignoring JPA class transformer"}
{"@timestamp":"2025-10-22T18:33:57.1648172+03:00","level":"INFO","thread_name":"Test worker","message":"HikariPool-1 - Starting..."}
{"@timestamp":"2025-10-22T18:33:57.231107+03:00","level":"INFO","thread_name":"Test worker","message":"HikariPool-1 - Added connection org.postgresql.jdbc.PgConnection@384d0e1f"}
{"@timestamp":"2025-10-22T18:33:57.2322252+03:00","level":"INFO","thread_name":"Test worker","message":"HikariPool-1 - Start completed."}
{"@timestamp":"2025-10-22T18:33:57.2889298+03:00","level":"INFO","thread_name":"Test worker","message":"HHH10001005: Database info:\n\tDatabase JDBC URL [Connecting through datasource 'HikariDataSource (HikariPool-1)']\n\tDatabase driver: undefined/unknown\n\tDatabase version: 12.3\n\tAutocommit mode: undefined/unknown\n\tIsolation level: undefined/unknown\n\tMinimum pool size: undefined/unknown\n\tMaximum pool size: undefined/unknown"}
{"@timestamp":"2025-10-22T18:33:57.9378638+03:00","level":"INFO","thread_name":"Test worker","message":"HHH000489: No JTA platform available (set 'hibernate.transaction.jta.platform' to enable JTA platform integration)"}
{"@timestamp":"2025-10-22T18:33:57.9788988+03:00","level":"INFO","thread_name":"Test worker","message":"Initialized JPA EntityManagerFactory for persistence unit 'default'"}
{"@timestamp":"2025-10-22T18:33:59.4468406+03:00","level":"WARN","thread_name":"Test worker","message":"spring.jpa.open-in-view is enabled by default. Therefore, database queries may be performed during view rendering. Explicitly configure spring.jpa.open-in-view to disable this warning"}
{"@timestamp":"2025-10-22T18:34:00.8452564+03:00","level":"INFO","thread_name":"Test worker","message":"Initializing Spring TestDispatcherServlet ''"}
{"@timestamp":"2025-10-22T18:34:00.8452564+03:00","level":"INFO","thread_name":"Test worker","message":"Initializing Servlet ''"}
{"@timestamp":"2025-10-22T18:34:00.8535059+03:00","level":"INFO","thread_name":"Test worker","message":"Exposing 1 endpoint beneath base path '/actuator'"}
{"@timestamp":"2025-10-22T18:34:00.8711922+03:00","level":"INFO","thread_name":"Test worker","message":"Completed initialization in 26 ms"}
{"@timestamp":"2025-10-22T18:34:02.0013837+03:00","level":"INFO","thread_name":"Test worker","message":"Cannot determine local hostname"}
{"@timestamp":"2025-10-22T18:34:02.035776+03:00","level":"INFO","thread_name":"Test worker","message":"Eureka HTTP Client uses RestTemplate."}
{"@timestamp":"2025-10-22T18:34:02.1101426+03:00","level":"WARN","thread_name":"Test worker","message":"Spring Cloud LoadBalancer is currently working with the default cache. While this cache implementation is useful for development and tests, it's recommended to use Caffeine cache in production.You can switch to using Caffeine cache, by adding it and org.springframework.cache.caffeine.CaffeineCacheManager to the classpath."}
{"@timestamp":"2025-10-22T18:34:02.2576028+03:00","level":"INFO","thread_name":"Test worker","message":"Starting ProtocolHandler [\"http-nio-auto-1\"]"}
{"@timestamp":"2025-10-22T18:34:02.2676044+03:00","level":"INFO","thread_name":"Test worker","message":"Tomcat started on port 51099 (http) with context path '/'"}
{"@timestamp":"2025-10-22T18:34:03.3670272+03:00","level":"INFO","thread_name":"Test worker","message":"Cannot determine local hostname"}
{"@timestamp":"2025-10-22T18:34:03.3980179+03:00","level":"INFO","thread_name":"Test worker","message":"Started DiscountServiceIntegrationTest in 11.404 seconds (process running for 14.524)"}
{"@timestamp":"2025-10-22T18:34:04.5820005+03:00","level":"INFO","thread_name":"SpringApplicationShutdownHook","message":"Commencing graceful shutdown. Waiting for active requests to complete"}
{"@timestamp":"2025-10-22T18:34:04.786086+03:00","level":"INFO","thread_name":"tomcat-shutdown","message":"Graceful shutdown complete"}
{"@timestamp":"2025-10-22T18:34:04.805096+03:00","level":"INFO","thread_name":"SpringApplicationShutdownHook","message":"Closing JPA EntityManagerFactory for persistence unit 'default'"}
{"@timestamp":"2025-10-22T18:34:04.8066106+03:00","level":"INFO","thread_name":"SpringApplicationShutdownHook","message":"HikariPool-1 - Shutdown initiated..."}
{"@timestamp":"2025-10-22T18:34:04.8076104+03:00","level":"INFO","thread_name":"SpringApplicationShutdownHook","message":"HikariPool-1 - Shutdown completed."}
{"@timestamp":"2025-10-22T18:37:10.8698767+03:00","level":"INFO","thread_name":"Test worker","message":"Starting DiscountServiceIntegrationTest using Java 17.0.10 with PID 46184 (started by kirin in C:\\Users\\kirin\\IdeaProjects\\shop\\discount-api)"}
{"@timestamp":"2025-10-22T18:37:10.8708835+03:00","level":"INFO","thread_name":"Test worker","message":"The following 1 profile is active: \"test\""}
{"@timestamp":"2025-10-22T18:37:11.0140637+03:00","level":"INFO","thread_name":"Test worker","message":"Fetching config from server at : http://localhost:8888"}
{"@timestamp":"2025-10-22T18:37:11.0140637+03:00","level":"INFO","thread_name":"Test worker","message":"Exception on Url - http://localhost:8888:org.springframework.web.client.ResourceAccessException: I/O error on GET request for \"http://localhost:8888/discount-api/test\": Connection refused: no further information. Will be trying the next url if available"}
{"@timestamp":"2025-10-22T18:37:11.0140637+03:00","level":"WARN","thread_name":"Test worker","message":"Could not locate PropertySource ([ConfigServerConfigDataResource@77324a58 uris = array<String>['http://localhost:8888'], optional = true, profiles = 'test']): I/O error on GET request for \"http://localhost:8888/discount-api/test\": Connection refused: no further information"}
{"@timestamp":"2025-10-22T18:37:11.0140637+03:00","level":"INFO","thread_name":"Test worker","message":"Fetching config from server at : http://localhost:8888"}
{"@timestamp":"2025-10-22T18:37:11.0140637+03:00","level":"INFO","thread_name":"Test worker","message":"Exception on Url - http://localhost:8888:org.springframework.web.client.ResourceAccessException: I/O error on GET request for \"http://localhost:8888/discount-api/default\": Connection refused: no further information. Will be trying the next url if available"}
{"@timestamp":"2025-10-22T18:37:11.0140637+03:00","level":"WARN","thread_name":"Test worker","message":"Could not locate PropertySource ([ConfigServerConfigDataResource@2c7c0e36 uris = array<String>['http://localhost:8888'], optional = true, profiles = 'default']): I/O error on GET request for \"http://localhost:8888/discount-api/default\": Connection refused: no further information"}
{"@timestamp":"2025-10-22T18:37:11.94125+03:00","level":"INFO","thread_name":"Test worker","message":"Multiple Spring Data modules found, entering strict repository configuration mode"}
{"@timestamp":"2025-10-22T18:37:11.9428616+03:00","level":"INFO","thread_name":"Test worker","message":"Bootstrapping Spring Data JPA repositories in DEFAULT mode."}
{"@timestamp":"2025-10-22T18:37:12.0710695+03:00","level":"INFO","thread_name":"Test worker","message":"Finished Spring Data repository scanning in 119 ms. Found 1 JPA repository interface."}
{"@timestamp":"2025-10-22T18:37:12.0837017+03:00","level":"INFO","thread_name":"Test worker","message":"Multiple Spring Data modules found, entering strict repository configuration mode"}
{"@timestamp":"2025-10-22T18:37:12.0846996+03:00","level":"INFO","thread_name":"Test worker","message":"Bootstrapping Spring Data Redis repositories in DEFAULT mode."}
{"@timestamp":"2025-10-22T18:37:12.0965089+03:00","level":"INFO","thread_name":"Test worker","message":"Spring Data Redis - Could not safely identify store assignment for repository candidate interface ru.innotech.discountapi.adapters.repository.DiscountRepository; If you want this repository to be a Redis repository, consider annotating your entities with one of these annotations: org.springframework.data.redis.core.RedisHash (preferred), or consider extending one of the following types with your repository: org.springframework.data.keyvalue.repository.KeyValueRepository"}
{"@timestamp":"2025-10-22T18:37:12.0965089+03:00","level":"INFO","thread_name":"Test worker","message":"Finished Spring Data repository scanning in 5 ms. Found 0 Redis repository interfaces."}
{"@timestamp":"2025-10-22T18:37:12.398704+03:00","level":"INFO","thread_name":"Test worker","message":"BeanFactory id=5f65a9f4-bb1b-3dad-b83f-2546f0139140"}
{"@timestamp":"2025-10-22T18:37:13.2174803+03:00","level":"INFO","thread_name":"Test worker","message":"Tomcat initialized with port 0 (http)"}
{"@timestamp":"2025-10-22T18:37:13.2314817+03:00","level":"INFO","thread_name":"Test worker","message":"Initializing ProtocolHandler [\"http-nio-auto-1\"]"}
{"@timestamp":"2025-10-22T18:37:13.2344815+03:00","level":"INFO","thread_name":"Test worker","message":"Starting service [Tomcat]"}
{"@timestamp":"2025-10-22T18:37:13.2344815+03:00","level":"INFO","thread_name":"Test worker","message":"Starting Servlet engine: [Apache Tomcat/10.1.44]"}
{"@timestamp":"2025-10-22T18:37:13.3111434+03:00","level":"INFO","thread_name":"Test worker","message":"Initializing Spring embedded WebApplicationContext"}
{"@timestamp":"2025-10-22T18:37:13.3121433+03:00","level":"INFO","thread_name":"Test worker","message":"Root WebApplicationContext: initialization completed in 2294 ms"}
{"@timestamp":"2025-10-22T18:37:14.0620324+03:00","level":"INFO","thread_name":"Test worker","message":"HHH000204: Processing PersistenceUnitInfo [name: default]"}
{"@timestamp":"2025-10-22T18:37:14.1274558+03:00","level":"INFO","thread_name":"Test worker","message":"HHH000412: Hibernate ORM core version 6.6.26.Final"}
{"@timestamp":"2025-10-22T18:37:14.1580705+03:00","level":"INFO","thread_name":"Test worker","message":"HHH000026: Second-level cache disabled"}
{"@timestamp":"2025-10-22T18:37:14.3858316+03:00","level":"INFO","thread_name":"Test worker","message":"No LoadTimeWeaver setup: ignoring JPA class transformer"}
{"@timestamp":"2025-10-22T18:37:14.4148369+03:00","level":"INFO","thread_name":"Test worker","message":"HikariPool-1 - Starting..."}
{"@timestamp":"2025-10-22T18:37:14.477567+03:00","level":"INFO","thread_name":"Test worker","message":"HikariPool-1 - Added connection org.postgresql.jdbc.PgConnection@7ec53f8f"}
{"@timestamp":"2025-10-22T18:37:14.4786401+03:00","level":"INFO","thread_name":"Test worker","message":"HikariPool-1 - Start completed."}
{"@timestamp":"2025-10-22T18:37:14.5280445+03:00","level":"INFO","thread_name":"Test worker","message":"HHH10001005: Database info:\n\tDatabase JDBC URL [Connecting through datasource 'HikariDataSource (HikariPool-1)']\n\tDatabase driver: undefined/unknown\n\tDatabase version: 12.3\n\tAutocommit mode: undefined/unknown\n\tIsolation level: undefined/unknown\n\tMinimum pool size: undefined/unknown\n\tMaximum pool size: undefined/unknown"}
{"@timestamp":"2025-10-22T18:37:15.1296826+03:00","level":"INFO","thread_name":"Test worker","message":"HHH000489: No JTA platform available (set 'hibernate.transaction.jta.platform' to enable JTA platform integration)"}
{"@timestamp":"2025-10-22T18:37:15.1641394+03:00","level":"INFO","thread_name":"Test worker","message":"Initialized JPA EntityManagerFactory for persistence unit 'default'"}
{"@timestamp":"2025-10-22T18:37:16.5377305+03:00","level":"WARN","thread_name":"Test worker","message":"spring.jpa.open-in-view is enabled by default. Therefore, database queries may be performed during view rendering. Explicitly configure spring.jpa.open-in-view to disable this warning"}
{"@timestamp":"2025-10-22T18:37:17.8981325+03:00","level":"INFO","thread_name":"Test worker","message":"Initializing Spring TestDispatcherServlet ''"}
{"@timestamp":"2025-10-22T18:37:17.8981325+03:00","level":"INFO","thread_name":"Test worker","message":"Initializing Servlet ''"}
{"@timestamp":"2025-10-22T18:37:17.9101335+03:00","level":"INFO","thread_name":"Test worker","message":"Exposing 1 endpoint beneath base path '/actuator'"}
{"@timestamp":"2025-10-22T18:37:17.9271417+03:00","level":"INFO","thread_name":"Test worker","message":"Completed initialization in 29 ms"}
{"@timestamp":"2025-10-22T18:37:19.0644244+03:00","level":"INFO","thread_name":"Test worker","message":"Cannot determine local hostname"}
{"@timestamp":"2025-10-22T18:37:19.1300176+03:00","level":"INFO","thread_name":"Test worker","message":"Eureka HTTP Client uses RestTemplate."}
{"@timestamp":"2025-10-22T18:37:19.1970027+03:00","level":"WARN","thread_name":"Test worker","message":"Spring Cloud LoadBalancer is currently working with the default cache. While this cache implementation is useful for development and tests, it's recommended to use Caffeine cache in production.You can switch to using Caffeine cache, by adding it and org.springframework.cache.caffeine.CaffeineCacheManager to the classpath."}
{"@timestamp":"2025-10-22T18:37:19.340258+03:00","level":"INFO","thread_name":"Test worker","message":"Starting ProtocolHandler [\"http-nio-auto-1\"]"}
{"@timestamp":"2025-10-22T18:37:19.3482608+03:00","level":"INFO","thread_name":"Test worker","message":"Tomcat started on port 51186 (http) with context path '/'"}
{"@timestamp":"2025-10-22T18:37:20.4580915+03:00","level":"INFO","thread_name":"Test worker","message":"Cannot determine local hostname"}
{"@timestamp":"2025-10-22T18:37:20.485691+03:00","level":"INFO","thread_name":"Test worker","message":"Started DiscountServiceIntegrationTest in 11.455 seconds (process running for 33.583)"}
{"@timestamp":"2025-10-22T18:37:21.7913388+03:00","level":"INFO","thread_name":"SpringApplicationShutdownHook","message":"Commencing graceful shutdown. Waiting for active requests to complete"}
{"@timestamp":"2025-10-22T18:37:22.0613587+03:00","level":"INFO","thread_name":"tomcat-shutdown","message":"Graceful shutdown complete"}
{"@timestamp":"2025-10-22T18:37:22.0880984+03:00","level":"INFO","thread_name":"SpringApplicationShutdownHook","message":"Closing JPA EntityManagerFactory for persistence unit 'default'"}
{"@timestamp":"2025-10-22T18:37:22.0910992+03:00","level":"INFO","thread_name":"SpringApplicationShutdownHook","message":"HikariPool-1 - Shutdown initiated..."}
{"@timestamp":"2025-10-22T18:37:22.0940977+03:00","level":"INFO","thread_name":"SpringApplicationShutdownHook","message":"HikariPool-1 - Shutdown completed."}
{"@timestamp":"2025-10-22T18:41:20.8784933+03:00","level":"INFO","thread_name":"Test worker","message":"Starting DiscountControllerTest using Java 17.0.10 with PID 37944 (started by kirin in C:\\Users\\kirin\\IdeaProjects\\shop\\discount-api)"}
{"@timestamp":"2025-10-22T18:41:20.8784933+03:00","level":"INFO","thread_name":"Test worker","message":"The following 1 profile is active: \"test\""}
{"@timestamp":"2025-10-22T18:41:21.0270383+03:00","level":"INFO","thread_name":"Test worker","message":"Fetching config from server at : http://localhost:8888"}
{"@timestamp":"2025-10-22T18:41:21.0270383+03:00","level":"INFO","thread_name":"Test worker","message":"Exception on Url - http://localhost:8888:org.springframework.web.client.ResourceAccessException: I/O error on GET request for \"http://localhost:8888/discount-api/test\": Connection refused: no further information. Will be trying the next url if available"}
{"@timestamp":"2025-10-22T18:41:21.0270383+03:00","level":"WARN","thread_name":"Test worker","message":"Could not locate PropertySource ([ConfigServerConfigDataResource@147cc940 uris = array<String>['http://localhost:8888'], optional = true, profiles = 'test']): I/O error on GET request for \"http://localhost:8888/discount-api/test\": Connection refused: no further information"}
{"@timestamp":"2025-10-22T18:41:21.0270383+03:00","level":"INFO","thread_name":"Test worker","message":"Fetching config from server at : http://localhost:8888"}
{"@timestamp":"2025-10-22T18:41:21.0270383+03:00","level":"INFO","thread_name":"Test worker","message":"Exception on Url - http://localhost:8888:org.springframework.web.client.ResourceAccessException: I/O error on GET request for \"http://localhost:8888/discount-api/default\": Connection refused: no further information. Will be trying the next url if available"}
{"@timestamp":"2025-10-22T18:41:21.0270383+03:00","level":"WARN","thread_name":"Test worker","message":"Could not locate PropertySource ([ConfigServerConfigDataResource@755a7218 uris = array<String>['http://localhost:8888'], optional = true, profiles = 'default']): I/O error on GET request for \"http://localhost:8888/discount-api/default\": Connection refused: no further information"}
{"@timestamp":"2025-10-22T18:41:21.9682711+03:00","level":"INFO","thread_name":"Test worker","message":"Multiple Spring Data modules found, entering strict repository configuration mode"}
{"@timestamp":"2025-10-22T18:41:21.9702723+03:00","level":"INFO","thread_name":"Test worker","message":"Bootstrapping Spring Data JPA repositories in DEFAULT mode."}
{"@timestamp":"2025-10-22T18:41:22.1085388+03:00","level":"INFO","thread_name":"Test worker","message":"Finished Spring Data repository scanning in 126 ms. Found 1 JPA repository interface."}
{"@timestamp":"2025-10-22T18:41:22.1205761+03:00","level":"INFO","thread_name":"Test worker","message":"Multiple Spring Data modules found, entering strict repository configuration mode"}
{"@timestamp":"2025-10-22T18:41:22.1225696+03:00","level":"INFO","thread_name":"Test worker","message":"Bootstrapping Spring Data Redis repositories in DEFAULT mode."}
{"@timestamp":"2025-10-22T18:41:22.1355279+03:00","level":"INFO","thread_name":"Test worker","message":"Spring Data Redis - Could not safely identify store assignment for repository candidate interface ru.innotech.discountapi.adapters.repository.DiscountRepository; If you want this repository to be a Redis repository, consider annotating your entities with one of these annotations: org.springframework.data.redis.core.RedisHash (preferred), or consider extending one of the following types with your repository: org.springframework.data.keyvalue.repository.KeyValueRepository"}
{"@timestamp":"2025-10-22T18:41:22.1365266+03:00","level":"INFO","thread_name":"Test worker","message":"Finished Spring Data repository scanning in 6 ms. Found 0 Redis repository interfaces."}
{"@timestamp":"2025-10-22T18:41:22.4378106+03:00","level":"INFO","thread_name":"Test worker","message":"BeanFactory id=5f65a9f4-bb1b-3dad-b83f-2546f0139140"}
{"@timestamp":"2025-10-22T18:41:23.2851542+03:00","level":"INFO","thread_name":"Test worker","message":"Tomcat initialized with port 0 (http)"}
{"@timestamp":"2025-10-22T18:41:23.2991545+03:00","level":"INFO","thread_name":"Test worker","message":"Initializing ProtocolHandler [\"http-nio-auto-1\"]"}
{"@timestamp":"2025-10-22T18:41:23.3011496+03:00","level":"INFO","thread_name":"Test worker","message":"Starting service [Tomcat]"}
{"@timestamp":"2025-10-22T18:41:23.3021514+03:00","level":"INFO","thread_name":"Test worker","message":"Starting Servlet engine: [Apache Tomcat/10.1.44]"}
{"@timestamp":"2025-10-22T18:41:23.3998748+03:00","level":"INFO","thread_name":"Test worker","message":"Initializing Spring embedded WebApplicationContext"}
{"@timestamp":"2025-10-22T18:41:23.3998748+03:00","level":"INFO","thread_name":"Test worker","message":"Root WebApplicationContext: initialization completed in 2367 ms"}
{"@timestamp":"2025-10-22T18:41:24.1399714+03:00","level":"INFO","thread_name":"Test worker","message":"HHH000204: Processing PersistenceUnitInfo [name: default]"}
{"@timestamp":"2025-10-22T18:41:24.1890277+03:00","level":"INFO","thread_name":"Test worker","message":"HHH000412: Hibernate ORM core version 6.6.26.Final"}
{"@timestamp":"2025-10-22T18:41:24.219+03:00","level":"INFO","thread_name":"Test worker","message":"HHH000026: Second-level cache disabled"}
{"@timestamp":"2025-10-22T18:41:24.4456431+03:00","level":"INFO","thread_name":"Test worker","message":"No LoadTimeWeaver setup: ignoring JPA class transformer"}
{"@timestamp":"2025-10-22T18:41:24.4676824+03:00","level":"INFO","thread_name":"Test worker","message":"HikariPool-1 - Starting..."}
{"@timestamp":"2025-10-22T18:41:24.5305476+03:00","level":"INFO","thread_name":"Test worker","message":"HikariPool-1 - Added connection org.postgresql.jdbc.PgConnection@462ccaa8"}
{"@timestamp":"2025-10-22T18:41:24.5316626+03:00","level":"INFO","thread_name":"Test worker","message":"HikariPool-1 - Start completed."}
{"@timestamp":"2025-10-22T18:41:24.5799807+03:00","level":"INFO","thread_name":"Test worker","message":"HHH10001005: Database info:\n\tDatabase JDBC URL [Connecting through datasource 'HikariDataSource (HikariPool-1)']\n\tDatabase driver: undefined/unknown\n\tDatabase version: 12.3\n\tAutocommit mode: undefined/unknown\n\tIsolation level: undefined/unknown\n\tMinimum pool size: undefined/unknown\n\tMaximum pool size: undefined/unknown"}
{"@timestamp":"2025-10-22T18:41:25.2340987+03:00","level":"INFO","thread_name":"Test worker","message":"HHH000489: No JTA platform available (set 'hibernate.transaction.jta.platform' to enable JTA platform integration)"}
{"@timestamp":"2025-10-22T18:41:25.2719383+03:00","level":"INFO","thread_name":"Test worker","message":"Initialized JPA EntityManagerFactory for persistence unit 'default'"}
{"@timestamp":"2025-10-22T18:41:26.659604+03:00","level":"WARN","thread_name":"Test worker","message":"spring.jpa.open-in-view is enabled by default. Therefore, database queries may be performed during view rendering. Explicitly configure spring.jpa.open-in-view to disable this warning"}
{"@timestamp":"2025-10-22T18:41:27.9415487+03:00","level":"INFO","thread_name":"Test worker","message":"Initializing Spring TestDispatcherServlet ''"}
{"@timestamp":"2025-10-22T18:41:27.9415487+03:00","level":"INFO","thread_name":"Test worker","message":"Initializing Servlet ''"}
{"@timestamp":"2025-10-22T18:41:27.9525262+03:00","level":"INFO","thread_name":"Test worker","message":"Exposing 1 endpoint beneath base path '/actuator'"}
{"@timestamp":"2025-10-22T18:41:27.967527+03:00","level":"INFO","thread_name":"Test worker","message":"Completed initialization in 26 ms"}
{"@timestamp":"2025-10-22T18:41:29.0837251+03:00","level":"INFO","thread_name":"Test worker","message":"Cannot determine local hostname"}
{"@timestamp":"2025-10-22T18:41:29.117638+03:00","level":"INFO","thread_name":"Test worker","message":"Eureka HTTP Client uses RestTemplate."}
{"@timestamp":"2025-10-22T18:41:29.1956513+03:00","level":"WARN","thread_name":"Test worker","message":"Spring Cloud LoadBalancer is currently working with the default cache. While this cache implementation is useful for development and tests, it's recommended to use Caffeine cache in production.You can switch to using Caffeine cache, by adding it and org.springframework.cache.caffeine.CaffeineCacheManager to the classpath."}
{"@timestamp":"2025-10-22T18:41:29.3496402+03:00","level":"INFO","thread_name":"Test worker","message":"Starting ProtocolHandler [\"http-nio-auto-1\"]"}
{"@timestamp":"2025-10-22T18:41:29.3586088+03:00","level":"INFO","thread_name":"Test worker","message":"Tomcat started on port 51411 (http) with context path '/'"}
{"@timestamp":"2025-10-22T18:41:30.4581183+03:00","level":"INFO","thread_name":"Test worker","message":"Cannot determine local hostname"}
{"@timestamp":"2025-10-22T18:41:30.4832202+03:00","level":"INFO","thread_name":"Test worker","message":"Started DiscountControllerTest in 11.466 seconds (process running for 14.674)"}
{"@timestamp":"2025-10-22T18:41:31.5430152+03:00","level":"INFO","thread_name":"SpringApplicationShutdownHook","message":"Commencing graceful shutdown. Waiting for active requests to complete"}
{"@timestamp":"2025-10-22T18:41:31.7459271+03:00","level":"INFO","thread_name":"tomcat-shutdown","message":"Graceful shutdown complete"}
{"@timestamp":"2025-10-22T18:41:31.7617021+03:00","level":"INFO","thread_name":"SpringApplicationShutdownHook","message":"Closing JPA EntityManagerFactory for persistence unit 'default'"}
{"@timestamp":"2025-10-22T18:41:31.7637128+03:00","level":"INFO","thread_name":"SpringApplicationShutdownHook","message":"HikariPool-1 - Shutdown initiated..."}
{"@timestamp":"2025-10-22T18:41:31.7647086+03:00","level":"INFO","thread_name":"SpringApplicationShutdownHook","message":"HikariPool-1 - Shutdown completed."}
{"@timestamp":"2025-10-22T18:42:44.8474906+03:00","level":"INFO","thread_name":"Test worker","message":"Starting DiscountControllerTest using Java 17.0.10 with PID 44108 (started by kirin in C:\\Users\\kirin\\IdeaProjects\\shop\\discount-api)"}
{"@timestamp":"2025-10-22T18:42:44.8484902+03:00","level":"INFO","thread_name":"Test worker","message":"The following 1 profile is active: \"test\""}
{"@timestamp":"2025-10-22T18:42:44.9852702+03:00","level":"INFO","thread_name":"Test worker","message":"Fetching config from server at : http://localhost:8888"}
{"@timestamp":"2025-10-22T18:42:44.9852702+03:00","level":"INFO","thread_name":"Test worker","message":"Exception on Url - http://localhost:8888:org.springframework.web.client.ResourceAccessException: I/O error on GET request for \"http://localhost:8888/discount-api/test\": Connection refused: no further information. Will be trying the next url if available"}
{"@timestamp":"2025-10-22T18:42:44.9852702+03:00","level":"WARN","thread_name":"Test worker","message":"Could not locate PropertySource ([ConfigServerConfigDataResource@147cc940 uris = array<String>['http://localhost:8888'], optional = true, profiles = 'test']): I/O error on GET request for \"http://localhost:8888/discount-api/test\": Connection refused: no further information"}
{"@timestamp":"2025-10-22T18:42:44.9852702+03:00","level":"INFO","thread_name":"Test worker","message":"Fetching config from server at : http://localhost:8888"}
{"@timestamp":"2025-10-22T18:42:44.9852702+03:00","level":"INFO","thread_name":"Test worker","message":"Exception on Url - http://localhost:8888:org.springframework.web.client.ResourceAccessException: I/O error on GET request for \"http://localhost:8888/discount-api/default\": Connection refused: no further information. Will be trying the next url if available"}
{"@timestamp":"2025-10-22T18:42:44.9852702+03:00","level":"WARN","thread_name":"Test worker","message":"Could not locate PropertySource ([ConfigServerConfigDataResource@755a7218 uris = array<String>['http://localhost:8888'], optional = true, profiles = 'default']): I/O error on GET request for \"http://localhost:8888/discount-api/default\": Connection refused: no further information"}
{"@timestamp":"2025-10-22T18:42:45.9053636+03:00","level":"INFO","thread_name":"Test worker","message":"Multiple Spring Data modules found, entering strict repository configuration mode"}
{"@timestamp":"2025-10-22T18:42:45.9063423+03:00","level":"INFO","thread_name":"Test worker","message":"Bootstrapping Spring Data JPA repositories in DEFAULT mode."}
{"@timestamp":"2025-10-22T18:42:46.0180582+03:00","level":"INFO","thread_name":"Test worker","message":"Finished Spring Data repository scanning in 102 ms. Found 1 JPA repository interface."}
{"@timestamp":"2025-10-22T18:42:46.0331137+03:00","level":"INFO","thread_name":"Test worker","message":"Multiple Spring Data modules found, entering strict repository configuration mode"}
{"@timestamp":"2025-10-22T18:42:46.0351124+03:00","level":"INFO","thread_name":"Test worker","message":"Bootstrapping Spring Data Redis repositories in DEFAULT mode."}
{"@timestamp":"2025-10-22T18:42:46.0566582+03:00","level":"INFO","thread_name":"Test worker","message":"Spring Data Redis - Could not safely identify store assignment for repository candidate interface ru.innotech.discountapi.adapters.repository.DiscountRepository; If you want this repository to be a Redis repository, consider annotating your entities with one of these annotations: org.springframework.data.redis.core.RedisHash (preferred), or consider extending one of the following types with your repository: org.springframework.data.keyvalue.repository.KeyValueRepository"}
{"@timestamp":"2025-10-22T18:42:46.0566582+03:00","level":"INFO","thread_name":"Test worker","message":"Finished Spring Data repository scanning in 11 ms. Found 0 Redis repository interfaces."}
{"@timestamp":"2025-10-22T18:42:46.3737309+03:00","level":"INFO","thread_name":"Test worker","message":"BeanFactory id=5f65a9f4-bb1b-3dad-b83f-2546f0139140"}
{"@timestamp":"2025-10-22T18:42:47.1937061+03:00","level":"INFO","thread_name":"Test worker","message":"Tomcat initialized with port 0 (http)"}
{"@timestamp":"2025-10-22T18:42:47.2117345+03:00","level":"INFO","thread_name":"Test worker","message":"Initializing ProtocolHandler [\"http-nio-auto-1\"]"}
{"@timestamp":"2025-10-22T18:42:47.2147024+03:00","level":"INFO","thread_name":"Test worker","message":"Starting service [Tomcat]"}
{"@timestamp":"2025-10-22T18:42:47.2147024+03:00","level":"INFO","thread_name":"Test worker","message":"Starting Servlet engine: [Apache Tomcat/10.1.44]"}
{"@timestamp":"2025-10-22T18:42:47.3139549+03:00","level":"INFO","thread_name":"Test worker","message":"Initializing Spring embedded WebApplicationContext"}
{"@timestamp":"2025-10-22T18:42:47.3139549+03:00","level":"INFO","thread_name":"Test worker","message":"Root WebApplicationContext: initialization completed in 2322 ms"}
{"@timestamp":"2025-10-22T18:42:47.9768555+03:00","level":"INFO","thread_name":"Test worker","message":"HHH000204: Processing PersistenceUnitInfo [name: default]"}
{"@timestamp":"2025-10-22T18:42:48.0155281+03:00","level":"INFO","thread_name":"Test worker","message":"HHH000412: Hibernate ORM core version 6.6.26.Final"}
{"@timestamp":"2025-10-22T18:42:48.0405497+03:00","level":"INFO","thread_name":"Test worker","message":"HHH000026: Second-level cache disabled"}
{"@timestamp":"2025-10-22T18:42:48.2774024+03:00","level":"INFO","thread_name":"Test worker","message":"No LoadTimeWeaver setup: ignoring JPA class transformer"}
{"@timestamp":"2025-10-22T18:42:48.2986695+03:00","level":"INFO","thread_name":"Test worker","message":"HikariPool-1 - Starting..."}
{"@timestamp":"2025-10-22T18:42:48.3581945+03:00","level":"INFO","thread_name":"Test worker","message":"HikariPool-1 - Added connection org.postgresql.jdbc.PgConnection@e2bdc58"}
{"@timestamp":"2025-10-22T18:42:48.3592836+03:00","level":"INFO","thread_name":"Test worker","message":"HikariPool-1 - Start completed."}
{"@timestamp":"2025-10-22T18:42:48.4074068+03:00","level":"INFO","thread_name":"Test worker","message":"HHH10001005: Database info:\n\tDatabase JDBC URL [Connecting through datasource 'HikariDataSource (HikariPool-1)']\n\tDatabase driver: undefined/unknown\n\tDatabase version: 12.3\n\tAutocommit mode: undefined/unknown\n\tIsolation level: undefined/unknown\n\tMinimum pool size: undefined/unknown\n\tMaximum pool size: undefined/unknown"}
{"@timestamp":"2025-10-22T18:42:49.0035842+03:00","level":"INFO","thread_name":"Test worker","message":"HHH000489: No JTA platform available (set 'hibernate.transaction.jta.platform' to enable JTA platform integration)"}
{"@timestamp":"2025-10-22T18:42:49.0415412+03:00","level":"INFO","thread_name":"Test worker","message":"Initialized JPA EntityManagerFactory for persistence unit 'default'"}
{"@timestamp":"2025-10-22T18:42:50.3714461+03:00","level":"WARN","thread_name":"Test worker","message":"spring.jpa.open-in-view is enabled by default. Therefore, database queries may be performed during view rendering. Explicitly configure spring.jpa.open-in-view to disable this warning"}
{"@timestamp":"2025-10-22T18:42:51.670166+03:00","level":"INFO","thread_name":"Test worker","message":"Initializing Spring TestDispatcherServlet ''"}
{"@timestamp":"2025-10-22T18:42:51.670166+03:00","level":"INFO","thread_name":"Test worker","message":"Initializing Servlet ''"}
{"@timestamp":"2025-10-22T18:42:51.6787+03:00","level":"INFO","thread_name":"Test worker","message":"Exposing 1 endpoint beneath base path '/actuator'"}
{"@timestamp":"2025-10-22T18:42:51.6908197+03:00","level":"INFO","thread_name":"Test worker","message":"Completed initialization in 20 ms"}
{"@timestamp":"2025-10-22T18:42:52.8147001+03:00","level":"INFO","thread_name":"Test worker","message":"Cannot determine local hostname"}
{"@timestamp":"2025-10-22T18:42:52.8592542+03:00","level":"INFO","thread_name":"Test worker","message":"Eureka HTTP Client uses RestTemplate."}
{"@timestamp":"2025-10-22T18:42:52.9345831+03:00","level":"WARN","thread_name":"Test worker","message":"Spring Cloud LoadBalancer is currently working with the default cache. While this cache implementation is useful for development and tests, it's recommended to use Caffeine cache in production.You can switch to using Caffeine cache, by adding it and org.springframework.cache.caffeine.CaffeineCacheManager to the classpath."}
{"@timestamp":"2025-10-22T18:42:53.0824721+03:00","level":"INFO","thread_name":"Test worker","message":"Starting ProtocolHandler [\"http-nio-auto-1\"]"}
{"@timestamp":"2025-10-22T18:42:53.090471+03:00","level":"INFO","thread_name":"Test worker","message":"Tomcat started on port 51452 (http) with context path '/'"}
{"@timestamp":"2025-10-22T18:42:54.2009091+03:00","level":"INFO","thread_name":"Test worker","message":"Cannot determine local hostname"}
{"@timestamp":"2025-10-22T18:42:54.2177228+03:00","level":"INFO","thread_name":"Test worker","message":"Started DiscountControllerTest in 11.199 seconds (process running for 14.244)"}
{"@timestamp":"2025-10-22T18:42:55.5926167+03:00","level":"INFO","thread_name":"SpringApplicationShutdownHook","message":"Commencing graceful shutdown. Waiting for active requests to complete"}
{"@timestamp":"2025-10-22T18:42:55.7846159+03:00","level":"INFO","thread_name":"tomcat-shutdown","message":"Graceful shutdown complete"}
{"@timestamp":"2025-10-22T18:42:55.8044258+03:00","level":"INFO","thread_name":"SpringApplicationShutdownHook","message":"Closing JPA EntityManagerFactory for persistence unit 'default'"}
{"@timestamp":"2025-10-22T18:42:55.8059327+03:00","level":"INFO","thread_name":"SpringApplicationShutdownHook","message":"HikariPool-1 - Shutdown initiated..."}
{"@timestamp":"2025-10-22T18:42:55.8075198+03:00","level":"INFO","thread_name":"SpringApplicationShutdownHook","message":"HikariPool-1 - Shutdown completed."}
{"@timestamp":"2025-10-22T18:43:32.4475141+03:00","level":"INFO","thread_name":"Test worker","message":"Starting DiscountServiceIntegrationTest using Java 17.0.10 with PID 35716 (started by kirin in C:\\Users\\kirin\\IdeaProjects\\shop\\discount-api)"}
{"@timestamp":"2025-10-22T18:43:32.448512+03:00","level":"INFO","thread_name":"Test worker","message":"The following 1 profile is active: \"test\""}
{"@timestamp":"2025-10-22T18:43:32.5932789+03:00","level":"INFO","thread_name":"Test worker","message":"Fetching config from server at : http://localhost:8888"}
{"@timestamp":"2025-10-22T18:43:32.5932789+03:00","level":"INFO","thread_name":"Test worker","message":"Exception on Url - http://localhost:8888:org.springframework.web.client.ResourceAccessException: I/O error on GET request for \"http://localhost:8888/discount-api/test\": Connection refused: no further information. Will be trying the next url if available"}
{"@timestamp":"2025-10-22T18:43:32.5932789+03:00","level":"WARN","thread_name":"Test worker","message":"Could not locate PropertySource ([ConfigServerConfigDataResource@4bc9ca97 uris = array<String>['http://localhost:8888'], optional = true, profiles = 'test']): I/O error on GET request for \"http://localhost:8888/discount-api/test\": Connection refused: no further information"}
{"@timestamp":"2025-10-22T18:43:32.5932789+03:00","level":"INFO","thread_name":"Test worker","message":"Fetching config from server at : http://localhost:8888"}
{"@timestamp":"2025-10-22T18:43:32.5932789+03:00","level":"INFO","thread_name":"Test worker","message":"Exception on Url - http://localhost:8888:org.springframework.web.client.ResourceAccessException: I/O error on GET request for \"http://localhost:8888/discount-api/default\": Connection refused: no further information. Will be trying the next url if available"}
{"@timestamp":"2025-10-22T18:43:32.5932789+03:00","level":"WARN","thread_name":"Test worker","message":"Could not locate PropertySource ([ConfigServerConfigDataResource@3e43f049 uris = array<String>['http://localhost:8888'], optional = true, profiles = 'default']): I/O error on GET request for \"http://localhost:8888/discount-api/default\": Connection refused: no further information"}
{"@timestamp":"2025-10-22T18:43:33.5206177+03:00","level":"INFO","thread_name":"Test worker","message":"Multiple Spring Data modules found, entering strict repository configuration mode"}
{"@timestamp":"2025-10-22T18:43:33.5215931+03:00","level":"INFO","thread_name":"Test worker","message":"Bootstrapping Spring Data JPA repositories in DEFAULT mode."}
{"@timestamp":"2025-10-22T18:43:33.6433671+03:00","level":"INFO","thread_name":"Test worker","message":"Finished Spring Data repository scanning in 107 ms. Found 1 JPA repository interface."}
{"@timestamp":"2025-10-22T18:43:33.6583332+03:00","level":"INFO","thread_name":"Test worker","message":"Multiple Spring Data modules found, entering strict repository configuration mode"}
{"@timestamp":"2025-10-22T18:43:33.6593389+03:00","level":"INFO","thread_name":"Test worker","message":"Bootstrapping Spring Data Redis repositories in DEFAULT mode."}
{"@timestamp":"2025-10-22T18:43:33.677184+03:00","level":"INFO","thread_name":"Test worker","message":"Spring Data Redis - Could not safely identify store assignment for repository candidate interface ru.innotech.discountapi.adapters.repository.DiscountRepository; If you want this repository to be a Redis repository, consider annotating your entities with one of these annotations: org.springframework.data.redis.core.RedisHash (preferred), or consider extending one of the following types with your repository: org.springframework.data.keyvalue.repository.KeyValueRepository"}
{"@timestamp":"2025-10-22T18:43:33.677184+03:00","level":"INFO","thread_name":"Test worker","message":"Finished Spring Data repository scanning in 6 ms. Found 0 Redis repository interfaces."}
{"@timestamp":"2025-10-22T18:43:33.9543197+03:00","level":"INFO","thread_name":"Test worker","message":"BeanFactory id=5f65a9f4-bb1b-3dad-b83f-2546f0139140"}
{"@timestamp":"2025-10-22T18:43:34.7230272+03:00","level":"INFO","thread_name":"Test worker","message":"Tomcat initialized with port 0 (http)"}
{"@timestamp":"2025-10-22T18:43:34.7349717+03:00","level":"INFO","thread_name":"Test worker","message":"Initializing ProtocolHandler [\"http-nio-auto-1\"]"}
{"@timestamp":"2025-10-22T18:43:34.7360397+03:00","level":"INFO","thread_name":"Test worker","message":"Starting service [Tomcat]"}
{"@timestamp":"2025-10-22T18:43:34.7360397+03:00","level":"INFO","thread_name":"Test worker","message":"Starting Servlet engine: [Apache Tomcat/10.1.44]"}
{"@timestamp":"2025-10-22T18:43:34.8184002+03:00","level":"INFO","thread_name":"Test worker","message":"Initializing Spring embedded WebApplicationContext"}
{"@timestamp":"2025-10-22T18:43:34.8184002+03:00","level":"INFO","thread_name":"Test worker","message":"Root WebApplicationContext: initialization completed in 2221 ms"}
{"@timestamp":"2025-10-22T18:43:35.6094762+03:00","level":"INFO","thread_name":"Test worker","message":"HHH000204: Processing PersistenceUnitInfo [name: default]"}
{"@timestamp":"2025-10-22T18:43:35.6542045+03:00","level":"INFO","thread_name":"Test worker","message":"HHH000412: Hibernate ORM core version 6.6.26.Final"}
{"@timestamp":"2025-10-22T18:43:35.6784006+03:00","level":"INFO","thread_name":"Test worker","message":"HHH000026: Second-level cache disabled"}
{"@timestamp":"2025-10-22T18:43:35.8809502+03:00","level":"INFO","thread_name":"Test worker","message":"No LoadTimeWeaver setup: ignoring JPA class transformer"}
{"@timestamp":"2025-10-22T18:43:35.9079599+03:00","level":"INFO","thread_name":"Test worker","message":"HikariPool-1 - Starting..."}
{"@timestamp":"2025-10-22T18:43:35.9776007+03:00","level":"INFO","thread_name":"Test worker","message":"HikariPool-1 - Added connection org.postgresql.jdbc.PgConnection@3c6c5b44"}
{"@timestamp":"2025-10-22T18:43:35.9782689+03:00","level":"INFO","thread_name":"Test worker","message":"HikariPool-1 - Start completed."}
{"@timestamp":"2025-10-22T18:43:36.0255337+03:00","level":"INFO","thread_name":"Test worker","message":"HHH10001005: Database info:\n\tDatabase JDBC URL [Connecting through datasource 'HikariDataSource (HikariPool-1)']\n\tDatabase driver: undefined/unknown\n\tDatabase version: 12.3\n\tAutocommit mode: undefined/unknown\n\tIsolation level: undefined/unknown\n\tMinimum pool size: undefined/unknown\n\tMaximum pool size: undefined/unknown"}
{"@timestamp":"2025-10-22T18:43:36.612907+03:00","level":"INFO","thread_name":"Test worker","message":"HHH000489: No JTA platform available (set 'hibernate.transaction.jta.platform' to enable JTA platform integration)"}
{"@timestamp":"2025-10-22T18:43:36.6487086+03:00","level":"INFO","thread_name":"Test worker","message":"Initialized JPA EntityManagerFactory for persistence unit 'default'"}
{"@timestamp":"2025-10-22T18:43:38.1485653+03:00","level":"WARN","thread_name":"Test worker","message":"spring.jpa.open-in-view is enabled by default. Therefore, database queries may be performed during view rendering. Explicitly configure spring.jpa.open-in-view to disable this warning"}
{"@timestamp":"2025-10-22T18:43:39.3591214+03:00","level":"INFO","thread_name":"Test worker","message":"Initializing Spring TestDispatcherServlet ''"}
{"@timestamp":"2025-10-22T18:43:39.3591214+03:00","level":"INFO","thread_name":"Test worker","message":"Initializing Servlet ''"}
{"@timestamp":"2025-10-22T18:43:39.3681348+03:00","level":"INFO","thread_name":"Test worker","message":"Exposing 1 endpoint beneath base path '/actuator'"}
{"@timestamp":"2025-10-22T18:43:39.3881253+03:00","level":"INFO","thread_name":"Test worker","message":"Completed initialization in 28 ms"}
{"@timestamp":"2025-10-22T18:43:40.5092977+03:00","level":"INFO","thread_name":"Test worker","message":"Cannot determine local hostname"}
{"@timestamp":"2025-10-22T18:43:40.5466216+03:00","level":"INFO","thread_name":"Test worker","message":"Eureka HTTP Client uses RestTemplate."}
{"@timestamp":"2025-10-22T18:43:40.6267484+03:00","level":"WARN","thread_name":"Test worker","message":"Spring Cloud LoadBalancer is currently working with the default cache. While this cache implementation is useful for development and tests, it's recommended to use Caffeine cache in production.You can switch to using Caffeine cache, by adding it and org.springframework.cache.caffeine.CaffeineCacheManager to the classpath."}
{"@timestamp":"2025-10-22T18:43:40.7763372+03:00","level":"INFO","thread_name":"Test worker","message":"Starting ProtocolHandler [\"http-nio-auto-1\"]"}
{"@timestamp":"2025-10-22T18:43:40.7853384+03:00","level":"INFO","thread_name":"Test worker","message":"Tomcat started on port 51485 (http) with context path '/'"}
{"@timestamp":"2025-10-22T18:43:41.8939997+03:00","level":"INFO","thread_name":"Test worker","message":"Cannot determine local hostname"}
{"@timestamp":"2025-10-22T18:43:41.9229935+03:00","level":"INFO","thread_name":"Test worker","message":"Started DiscountServiceIntegrationTest in 11.323 seconds (process running for 14.408)"}
{"@timestamp":"2025-10-22T18:43:43.0990546+03:00","level":"INFO","thread_name":"SpringApplicationShutdownHook","message":"Commencing graceful shutdown. Waiting for active requests to complete"}
{"@timestamp":"2025-10-22T18:43:43.2915764+03:00","level":"INFO","thread_name":"tomcat-shutdown","message":"Graceful shutdown complete"}
{"@timestamp":"2025-10-22T18:43:43.305664+03:00","level":"INFO","thread_name":"SpringApplicationShutdownHook","message":"Closing JPA EntityManagerFactory for persistence unit 'default'"}
{"@timestamp":"2025-10-22T18:43:43.3076642+03:00","level":"INFO","thread_name":"SpringApplicationShutdownHook","message":"HikariPool-1 - Shutdown initiated..."}
{"@timestamp":"2025-10-22T18:43:43.3096867+03:00","level":"INFO","thread_name":"SpringApplicationShutdownHook","message":"HikariPool-1 - Shutdown completed."}
{"@timestamp":"2025-10-22T18:45:17.9956116+03:00","level":"INFO","thread_name":"Test worker","message":"Starting DiscountServiceIntegrationTest using Java 17.0.10 with PID 48160 (started by kirin in C:\\Users\\kirin\\IdeaProjects\\shop\\discount-api)"}
{"@timestamp":"2025-10-22T18:45:17.9956116+03:00","level":"INFO","thread_name":"Test worker","message":"The following 1 profile is active: \"test\""}
{"@timestamp":"2025-10-22T18:45:18.1633093+03:00","level":"INFO","thread_name":"Test worker","message":"Fetching config from server at : http://localhost:8888"}
{"@timestamp":"2025-10-22T18:45:18.1633093+03:00","level":"INFO","thread_name":"Test worker","message":"Exception on Url - http://localhost:8888:org.springframework.web.client.ResourceAccessException: I/O error on GET request for \"http://localhost:8888/discount-api/test\": Connection refused: no further information. Will be trying the next url if available"}
{"@timestamp":"2025-10-22T18:45:18.1633093+03:00","level":"WARN","thread_name":"Test worker","message":"Could not locate PropertySource ([ConfigServerConfigDataResource@214b342f uris = array<String>['http://localhost:8888'], optional = true, profiles = 'test']): I/O error on GET request for \"http://localhost:8888/discount-api/test\": Connection refused: no further information"}
{"@timestamp":"2025-10-22T18:45:18.1633093+03:00","level":"INFO","thread_name":"Test worker","message":"Fetching config from server at : http://localhost:8888"}
{"@timestamp":"2025-10-22T18:45:18.1633093+03:00","level":"INFO","thread_name":"Test worker","message":"Exception on Url - http://localhost:8888:org.springframework.web.client.ResourceAccessException: I/O error on GET request for \"http://localhost:8888/discount-api/default\": Connection refused: no further information. Will be trying the next url if available"}
{"@timestamp":"2025-10-22T18:45:18.1633093+03:00","level":"WARN","thread_name":"Test worker","message":"Could not locate PropertySource ([ConfigServerConfigDataResource@5db0003d uris = array<String>['http://localhost:8888'], optional = true, profiles = 'default']): I/O error on GET request for \"http://localhost:8888/discount-api/default\": Connection refused: no further information"}
{"@timestamp":"2025-10-22T18:45:19.1659752+03:00","level":"INFO","thread_name":"Test worker","message":"Multiple Spring Data modules found, entering strict repository configuration mode"}
{"@timestamp":"2025-10-22T18:45:19.1679752+03:00","level":"INFO","thread_name":"Test worker","message":"Bootstrapping Spring Data JPA repositories in DEFAULT mode."}
{"@timestamp":"2025-10-22T18:45:19.3098394+03:00","level":"INFO","thread_name":"Test worker","message":"Finished Spring Data repository scanning in 130 ms. Found 1 JPA repository interface."}
{"@timestamp":"2025-10-22T18:45:19.3228414+03:00","level":"INFO","thread_name":"Test worker","message":"Multiple Spring Data modules found, entering strict repository configuration mode"}
{"@timestamp":"2025-10-22T18:45:19.3238432+03:00","level":"INFO","thread_name":"Test worker","message":"Bootstrapping Spring Data Redis repositories in DEFAULT mode."}
{"@timestamp":"2025-10-22T18:45:19.349841+03:00","level":"INFO","thread_name":"Test worker","message":"Spring Data Redis - Could not safely identify store assignment for repository candidate interface ru.innotech.discountapi.adapters.repository.DiscountRepository; If you want this repository to be a Redis repository, consider annotating your entities with one of these annotations: org.springframework.data.redis.core.RedisHash (preferred), or consider extending one of the following types with your repository: org.springframework.data.keyvalue.repository.KeyValueRepository"}
{"@timestamp":"2025-10-22T18:45:19.349841+03:00","level":"INFO","thread_name":"Test worker","message":"Finished Spring Data repository scanning in 13 ms. Found 0 Redis repository interfaces."}
{"@timestamp":"2025-10-22T18:45:19.6639002+03:00","level":"INFO","thread_name":"Test worker","message":"BeanFactory id=5f65a9f4-bb1b-3dad-b83f-2546f0139140"}
{"@timestamp":"2025-10-22T18:45:20.5165043+03:00","level":"INFO","thread_name":"Test worker","message":"Tomcat initialized with port 0 (http)"}
{"@timestamp":"2025-10-22T18:45:20.5330639+03:00","level":"INFO","thread_name":"Test worker","message":"Initializing ProtocolHandler [\"http-nio-auto-1\"]"}
{"@timestamp":"2025-10-22T18:45:20.5360646+03:00","level":"INFO","thread_name":"Test worker","message":"Starting service [Tomcat]"}
{"@timestamp":"2025-10-22T18:45:20.5360646+03:00","level":"INFO","thread_name":"Test worker","message":"Starting Servlet engine: [Apache Tomcat/10.1.44]"}
{"@timestamp":"2025-10-22T18:45:20.6243392+03:00","level":"INFO","thread_name":"Test worker","message":"Initializing Spring embedded WebApplicationContext"}
{"@timestamp":"2025-10-22T18:45:20.6243392+03:00","level":"INFO","thread_name":"Test worker","message":"Root WebApplicationContext: initialization completed in 2456 ms"}
{"@timestamp":"2025-10-22T18:45:21.293537+03:00","level":"INFO","thread_name":"Test worker","message":"HHH000204: Processing PersistenceUnitInfo [name: default]"}
{"@timestamp":"2025-10-22T18:45:21.3435202+03:00","level":"INFO","thread_name":"Test worker","message":"HHH000412: Hibernate ORM core version 6.6.26.Final"}
{"@timestamp":"2025-10-22T18:45:21.3752588+03:00","level":"INFO","thread_name":"Test worker","message":"HHH000026: Second-level cache disabled"}
{"@timestamp":"2025-10-22T18:45:21.6468948+03:00","level":"INFO","thread_name":"Test worker","message":"No LoadTimeWeaver setup: ignoring JPA class transformer"}
{"@timestamp":"2025-10-22T18:45:21.6735461+03:00","level":"INFO","thread_name":"Test worker","message":"HikariPool-1 - Starting..."}
{"@timestamp":"2025-10-22T18:45:21.7429139+03:00","level":"INFO","thread_name":"Test worker","message":"HikariPool-1 - Added connection org.postgresql.jdbc.PgConnection@a426150"}
{"@timestamp":"2025-10-22T18:45:21.7441763+03:00","level":"INFO","thread_name":"Test worker","message":"HikariPool-1 - Start completed."}
{"@timestamp":"2025-10-22T18:45:21.7993955+03:00","level":"INFO","thread_name":"Test worker","message":"HHH10001005: Database info:\n\tDatabase JDBC URL [Connecting through datasource 'HikariDataSource (HikariPool-1)']\n\tDatabase driver: undefined/unknown\n\tDatabase version: 12.3\n\tAutocommit mode: undefined/unknown\n\tIsolation level: undefined/unknown\n\tMinimum pool size: undefined/unknown\n\tMaximum pool size: undefined/unknown"}
{"@timestamp":"2025-10-22T18:45:22.5060023+03:00","level":"INFO","thread_name":"Test worker","message":"HHH000489: No JTA platform available (set 'hibernate.transaction.jta.platform' to enable JTA platform integration)"}
{"@timestamp":"2025-10-22T18:45:22.5443935+03:00","level":"INFO","thread_name":"Test worker","message":"Initialized JPA EntityManagerFactory for persistence unit 'default'"}
{"@timestamp":"2025-10-22T18:45:23.9743498+03:00","level":"WARN","thread_name":"Test worker","message":"spring.jpa.open-in-view is enabled by default. Therefore, database queries may be performed during view rendering. Explicitly configure spring.jpa.open-in-view to disable this warning"}
{"@timestamp":"2025-10-22T18:45:25.3133717+03:00","level":"INFO","thread_name":"Test worker","message":"Initializing Spring TestDispatcherServlet ''"}
{"@timestamp":"2025-10-22T18:45:25.3133717+03:00","level":"INFO","thread_name":"Test worker","message":"Initializing Servlet ''"}
{"@timestamp":"2025-10-22T18:45:25.3243715+03:00","level":"INFO","thread_name":"Test worker","message":"Exposing 1 endpoint beneath base path '/actuator'"}
{"@timestamp":"2025-10-22T18:45:25.3423727+03:00","level":"INFO","thread_name":"Test worker","message":"Completed initialization in 28 ms"}
{"@timestamp":"2025-10-22T18:45:26.4678551+03:00","level":"INFO","thread_name":"Test worker","message":"Cannot determine local hostname"}
{"@timestamp":"2025-10-22T18:45:26.512213+03:00","level":"INFO","thread_name":"Test worker","message":"Eureka HTTP Client uses RestTemplate."}
{"@timestamp":"2025-10-22T18:45:26.589437+03:00","level":"WARN","thread_name":"Test worker","message":"Spring Cloud LoadBalancer is currently working with the default cache. While this cache implementation is useful for development and tests, it's recommended to use Caffeine cache in production.You can switch to using Caffeine cache, by adding it and org.springframework.cache.caffeine.CaffeineCacheManager to the classpath."}
{"@timestamp":"2025-10-22T18:45:26.7648548+03:00","level":"INFO","thread_name":"Test worker","message":"Starting ProtocolHandler [\"http-nio-auto-1\"]"}
{"@timestamp":"2025-10-22T18:45:26.7726455+03:00","level":"INFO","thread_name":"Test worker","message":"Tomcat started on port 51541 (http) with context path '/'"}
{"@timestamp":"2025-10-22T18:45:27.8771682+03:00","level":"INFO","thread_name":"Test worker","message":"Cannot determine local hostname"}
{"@timestamp":"2025-10-22T18:45:27.9059138+03:00","level":"INFO","thread_name":"Test worker","message":"Started DiscountServiceIntegrationTest in 11.827 seconds (process running for 15.326)"}
{"@timestamp":"2025-10-22T18:50:30.1058988+03:00","level":"WARN","thread_name":"HikariPool-1:housekeeper","message":"HikariPool-1 - Thread starvation or clock leap detected (housekeeper delta=5m8s253ms265µs200ns)."}
{"@timestamp":"2025-10-22T18:55:10.7150556+03:00","level":"INFO","thread_name":"Test worker","message":"Starting DiscountServiceIntegrationTest using Java 17.0.10 with PID 46584 (started by kirin in C:\\Users\\kirin\\IdeaProjects\\shop\\discount-api)"}
{"@timestamp":"2025-10-22T18:55:10.7150556+03:00","level":"INFO","thread_name":"Test worker","message":"The following 1 profile is active: \"test\""}
{"@timestamp":"2025-10-22T18:55:10.8526648+03:00","level":"INFO","thread_name":"Test worker","message":"Fetching config from server at : http://localhost:8888"}
{"@timestamp":"2025-10-22T18:55:10.8526648+03:00","level":"INFO","thread_name":"Test worker","message":"Exception on Url - http://localhost:8888:org.springframework.web.client.ResourceAccessException: I/O error on GET request for \"http://localhost:8888/discount-api/test\": Connection refused: no further information. Will be trying the next url if available"}
{"@timestamp":"2025-10-22T18:55:10.8526648+03:00","level":"WARN","thread_name":"Test worker","message":"Could not locate PropertySource ([ConfigServerConfigDataResource@3e43f049 uris = array<String>['http://localhost:8888'], optional = true, profiles = 'test']): I/O error on GET request for \"http://localhost:8888/discount-api/test\": Connection refused: no further information"}
{"@timestamp":"2025-10-22T18:55:10.8526648+03:00","level":"INFO","thread_name":"Test worker","message":"Fetching config from server at : http://localhost:8888"}
{"@timestamp":"2025-10-22T18:55:10.8526648+03:00","level":"INFO","thread_name":"Test worker","message":"Exception on Url - http://localhost:8888:org.springframework.web.client.ResourceAccessException: I/O error on GET request for \"http://localhost:8888/discount-api/default\": Connection refused: no further information. Will be trying the next url if available"}
{"@timestamp":"2025-10-22T18:55:10.8526648+03:00","level":"WARN","thread_name":"Test worker","message":"Could not locate PropertySource ([ConfigServerConfigDataResource@147cc940 uris = array<String>['http://localhost:8888'], optional = true, profiles = 'default']): I/O error on GET request for \"http://localhost:8888/discount-api/default\": Connection refused: no further information"}
{"@timestamp":"2025-10-22T18:55:11.9055816+03:00","level":"INFO","thread_name":"Test worker","message":"Multiple Spring Data modules found, entering strict repository configuration mode"}
{"@timestamp":"2025-10-22T18:55:11.90771+03:00","level":"INFO","thread_name":"Test worker","message":"Bootstrapping Spring Data JPA repositories in DEFAULT mode."}
{"@timestamp":"2025-10-22T18:55:12.0478512+03:00","level":"INFO","thread_name":"Test worker","message":"Finished Spring Data repository scanning in 126 ms. Found 1 JPA repository interface."}
{"@timestamp":"2025-10-22T18:55:12.0608509+03:00","level":"INFO","thread_name":"Test worker","message":"Multiple Spring Data modules found, entering strict repository configuration mode"}
{"@timestamp":"2025-10-22T18:55:12.0628492+03:00","level":"INFO","thread_name":"Test worker","message":"Bootstrapping Spring Data Redis repositories in DEFAULT mode."}
{"@timestamp":"2025-10-22T18:55:12.074849+03:00","level":"INFO","thread_name":"Test worker","message":"Spring Data Redis - Could not safely identify store assignment for repository candidate interface ru.innotech.discountapi.adapters.repository.DiscountRepository; If you want this repository to be a Redis repository, consider annotating your entities with one of these annotations: org.springframework.data.redis.core.RedisHash (preferred), or consider extending one of the following types with your repository: org.springframework.data.keyvalue.repository.KeyValueRepository"}
{"@timestamp":"2025-10-22T18:55:12.074849+03:00","level":"INFO","thread_name":"Test worker","message":"Finished Spring Data repository scanning in 4 ms. Found 0 Redis repository interfaces."}
{"@timestamp":"2025-10-22T18:55:12.3903492+03:00","level":"INFO","thread_name":"Test worker","message":"BeanFactory id=5f65a9f4-bb1b-3dad-b83f-2546f0139140"}
{"@timestamp":"2025-10-22T18:55:13.178043+03:00","level":"INFO","thread_name":"Test worker","message":"Tomcat initialized with port 0 (http)"}
{"@timestamp":"2025-10-22T18:55:13.1917715+03:00","level":"INFO","thread_name":"Test worker","message":"Initializing ProtocolHandler [\"http-nio-auto-1\"]"}
{"@timestamp":"2025-10-22T18:55:13.192776+03:00","level":"INFO","thread_name":"Test worker","message":"Starting service [Tomcat]"}
{"@timestamp":"2025-10-22T18:55:13.1937429+03:00","level":"INFO","thread_name":"Test worker","message":"Starting Servlet engine: [Apache Tomcat/10.1.44]"}
{"@timestamp":"2025-10-22T18:55:13.2730351+03:00","level":"INFO","thread_name":"Test worker","message":"Initializing Spring embedded WebApplicationContext"}
{"@timestamp":"2025-10-22T18:55:13.2730351+03:00","level":"INFO","thread_name":"Test worker","message":"Root WebApplicationContext: initialization completed in 2417 ms"}
{"@timestamp":"2025-10-22T18:55:13.938243+03:00","level":"INFO","thread_name":"Test worker","message":"HHH000204: Processing PersistenceUnitInfo [name: default]"}
{"@timestamp":"2025-10-22T18:55:13.9860182+03:00","level":"INFO","thread_name":"Test worker","message":"HHH000412: Hibernate ORM core version 6.6.26.Final"}
{"@timestamp":"2025-10-22T18:55:14.0136929+03:00","level":"INFO","thread_name":"Test worker","message":"HHH000026: Second-level cache disabled"}
{"@timestamp":"2025-10-22T18:55:14.2437526+03:00","level":"INFO","thread_name":"Test worker","message":"No LoadTimeWeaver setup: ignoring JPA class transformer"}
{"@timestamp":"2025-10-22T18:55:14.2664605+03:00","level":"INFO","thread_name":"Test worker","message":"HikariPool-1 - Starting..."}
{"@timestamp":"2025-10-22T18:55:14.3321053+03:00","level":"INFO","thread_name":"Test worker","message":"HikariPool-1 - Added connection org.postgresql.jdbc.PgConnection@462ccaa8"}
{"@timestamp":"2025-10-22T18:55:14.3332006+03:00","level":"INFO","thread_name":"Test worker","message":"HikariPool-1 - Start completed."}
{"@timestamp":"2025-10-22T18:55:14.3843326+03:00","level":"INFO","thread_name":"Test worker","message":"HHH10001005: Database info:\n\tDatabase JDBC URL [Connecting through datasource 'HikariDataSource (HikariPool-1)']\n\tDatabase driver: undefined/unknown\n\tDatabase version: 12.3\n\tAutocommit mode: undefined/unknown\n\tIsolation level: undefined/unknown\n\tMinimum pool size: undefined/unknown\n\tMaximum pool size: undefined/unknown"}
{"@timestamp":"2025-10-22T18:55:14.954061+03:00","level":"INFO","thread_name":"Test worker","message":"HHH000489: No JTA platform available (set 'hibernate.transaction.jta.platform' to enable JTA platform integration)"}
{"@timestamp":"2025-10-22T18:55:14.9902351+03:00","level":"INFO","thread_name":"Test worker","message":"Initialized JPA EntityManagerFactory for persistence unit 'default'"}
{"@timestamp":"2025-10-22T18:55:16.5080963+03:00","level":"WARN","thread_name":"Test worker","message":"spring.jpa.open-in-view is enabled by default. Therefore, database queries may be performed during view rendering. Explicitly configure spring.jpa.open-in-view to disable this warning"}
{"@timestamp":"2025-10-22T18:55:17.7045706+03:00","level":"INFO","thread_name":"Test worker","message":"Initializing Spring TestDispatcherServlet ''"}
{"@timestamp":"2025-10-22T18:55:17.7045706+03:00","level":"INFO","thread_name":"Test worker","message":"Initializing Servlet ''"}
{"@timestamp":"2025-10-22T18:55:17.712574+03:00","level":"INFO","thread_name":"Test worker","message":"Exposing 1 endpoint beneath base path '/actuator'"}
{"@timestamp":"2025-10-22T18:55:17.7288936+03:00","level":"INFO","thread_name":"Test worker","message":"Completed initialization in 24 ms"}
{"@timestamp":"2025-10-22T18:55:18.8605174+03:00","level":"INFO","thread_name":"Test worker","message":"Cannot determine local hostname"}
{"@timestamp":"2025-10-22T18:55:18.8850709+03:00","level":"INFO","thread_name":"Test worker","message":"Eureka HTTP Client uses RestTemplate."}
{"@timestamp":"2025-10-22T18:55:18.9550197+03:00","level":"WARN","thread_name":"Test worker","message":"Spring Cloud LoadBalancer is currently working with the default cache. While this cache implementation is useful for development and tests, it's recommended to use Caffeine cache in production.You can switch to using Caffeine cache, by adding it and org.springframework.cache.caffeine.CaffeineCacheManager to the classpath."}
{"@timestamp":"2025-10-22T18:55:19.10522+03:00","level":"INFO","thread_name":"Test worker","message":"Starting ProtocolHandler [\"http-nio-auto-1\"]"}
{"@timestamp":"2025-10-22T18:55:19.1122201+03:00","level":"INFO","thread_name":"Test worker","message":"Tomcat started on port 51758 (http) with context path '/'"}
{"@timestamp":"2025-10-22T18:55:20.2154261+03:00","level":"INFO","thread_name":"Test worker","message":"Cannot determine local hostname"}
{"@timestamp":"2025-10-22T18:55:20.245052+03:00","level":"INFO","thread_name":"Test worker","message":"Started DiscountServiceIntegrationTest in 11.384 seconds (process running for 14.615)"}
{"@timestamp":"2025-10-22T18:55:21.388691+03:00","level":"INFO","thread_name":"SpringApplicationShutdownHook","message":"Commencing graceful shutdown. Waiting for active requests to complete"}
{"@timestamp":"2025-10-22T18:55:21.6182038+03:00","level":"INFO","thread_name":"tomcat-shutdown","message":"Graceful shutdown complete"}
{"@timestamp":"2025-10-22T18:55:21.6328206+03:00","level":"INFO","thread_name":"SpringApplicationShutdownHook","message":"Closing JPA EntityManagerFactory for persistence unit 'default'"}
{"@timestamp":"2025-10-22T18:55:21.6349548+03:00","level":"INFO","thread_name":"SpringApplicationShutdownHook","message":"HikariPool-1 - Shutdown initiated..."}
{"@timestamp":"2025-10-22T18:55:21.6365655+03:00","level":"INFO","thread_name":"SpringApplicationShutdownHook","message":"HikariPool-1 - Shutdown completed."}
{"@timestamp":"2025-10-22T18:57:59.5101402+03:00","level":"INFO","thread_name":"Test worker","message":"Starting DiscountServiceIntegrationTest using Java 17.0.10 with PID 46268 (started by kirin in C:\\Users\\kirin\\IdeaProjects\\shop\\discount-api)"}
{"@timestamp":"2025-10-22T18:57:59.5101402+03:00","level":"INFO","thread_name":"Test worker","message":"The following 1 profile is active: \"test\""}
{"@timestamp":"2025-10-22T18:57:59.6459293+03:00","level":"INFO","thread_name":"Test worker","message":"Fetching config from server at : http://localhost:8888"}
{"@timestamp":"2025-10-22T18:57:59.6459293+03:00","level":"INFO","thread_name":"Test worker","message":"Exception on Url - http://localhost:8888:org.springframework.web.client.ResourceAccessException: I/O error on GET request for \"http://localhost:8888/discount-api/test\": Connection refused: no further information. Will be trying the next url if available"}
{"@timestamp":"2025-10-22T18:57:59.6459293+03:00","level":"WARN","thread_name":"Test worker","message":"Could not locate PropertySource ([ConfigServerConfigDataResource@36d582cb uris = array<String>['http://localhost:8888'], optional = true, profiles = 'test']): I/O error on GET request for \"http://localhost:8888/discount-api/test\": Connection refused: no further information"}
{"@timestamp":"2025-10-22T18:57:59.6459293+03:00","level":"INFO","thread_name":"Test worker","message":"Fetching config from server at : http://localhost:8888"}
{"@timestamp":"2025-10-22T18:57:59.6459293+03:00","level":"INFO","thread_name":"Test worker","message":"Exception on Url - http://localhost:8888:org.springframework.web.client.ResourceAccessException: I/O error on GET request for \"http://localhost:8888/discount-api/default\": Connection refused: no further information. Will be trying the next url if available"}
{"@timestamp":"2025-10-22T18:57:59.6459293+03:00","level":"WARN","thread_name":"Test worker","message":"Could not locate PropertySource ([ConfigServerConfigDataResource@6c2a95d5 uris = array<String>['http://localhost:8888'], optional = true, profiles = 'default']): I/O error on GET request for \"http://localhost:8888/discount-api/default\": Connection refused: no further information"}
{"@timestamp":"2025-10-22T18:58:00.6155678+03:00","level":"INFO","thread_name":"Test worker","message":"Multiple Spring Data modules found, entering strict repository configuration mode"}
{"@timestamp":"2025-10-22T18:58:00.6175903+03:00","level":"INFO","thread_name":"Test worker","message":"Bootstrapping Spring Data JPA repositories in DEFAULT mode."}
{"@timestamp":"2025-10-22T18:58:00.747711+03:00","level":"INFO","thread_name":"Test worker","message":"Finished Spring Data repository scanning in 114 ms. Found 1 JPA repository interface."}
{"@timestamp":"2025-10-22T18:58:00.774711+03:00","level":"INFO","thread_name":"Test worker","message":"Multiple Spring Data modules found, entering strict repository configuration mode"}
{"@timestamp":"2025-10-22T18:58:00.7757123+03:00","level":"INFO","thread_name":"Test worker","message":"Bootstrapping Spring Data Redis repositories in DEFAULT mode."}
{"@timestamp":"2025-10-22T18:58:00.7937107+03:00","level":"INFO","thread_name":"Test worker","message":"Spring Data Redis - Could not safely identify store assignment for repository candidate interface ru.innotech.discountapi.adapters.repository.DiscountRepository; If you want this repository to be a Redis repository, consider annotating your entities with one of these annotations: org.springframework.data.redis.core.RedisHash (preferred), or consider extending one of the following types with your repository: org.springframework.data.keyvalue.repository.KeyValueRepository"}
{"@timestamp":"2025-10-22T18:58:00.7937107+03:00","level":"INFO","thread_name":"Test worker","message":"Finished Spring Data repository scanning in 6 ms. Found 0 Redis repository interfaces."}
{"@timestamp":"2025-10-22T18:58:01.1137905+03:00","level":"INFO","thread_name":"Test worker","message":"BeanFactory id=5f65a9f4-bb1b-3dad-b83f-2546f0139140"}
{"@timestamp":"2025-10-22T18:58:01.913154+03:00","level":"INFO","thread_name":"Test worker","message":"Tomcat initialized with port 0 (http)"}
{"@timestamp":"2025-10-22T18:58:01.9339623+03:00","level":"INFO","thread_name":"Test worker","message":"Initializing ProtocolHandler [\"http-nio-auto-1\"]"}
{"@timestamp":"2025-10-22T18:58:01.9360299+03:00","level":"INFO","thread_name":"Test worker","message":"Starting service [Tomcat]"}
{"@timestamp":"2025-10-22T18:58:01.9370073+03:00","level":"INFO","thread_name":"Test worker","message":"Starting Servlet engine: [Apache Tomcat/10.1.44]"}
{"@timestamp":"2025-10-22T18:58:02.0116572+03:00","level":"INFO","thread_name":"Test worker","message":"Initializing Spring embedded WebApplicationContext"}
{"@timestamp":"2025-10-22T18:58:02.0116572+03:00","level":"INFO","thread_name":"Test worker","message":"Root WebApplicationContext: initialization completed in 2362 ms"}
{"@timestamp":"2025-10-22T18:58:02.7054842+03:00","level":"INFO","thread_name":"Test worker","message":"HHH000204: Processing PersistenceUnitInfo [name: default]"}
{"@timestamp":"2025-10-22T18:58:02.7544806+03:00","level":"INFO","thread_name":"Test worker","message":"HHH000412: Hibernate ORM core version 6.6.26.Final"}
{"@timestamp":"2025-10-22T18:58:02.7872216+03:00","level":"INFO","thread_name":"Test worker","message":"HHH000026: Second-level cache disabled"}
{"@timestamp":"2025-10-22T18:58:02.9931071+03:00","level":"INFO","thread_name":"Test worker","message":"No LoadTimeWeaver setup: ignoring JPA class transformer"}
{"@timestamp":"2025-10-22T18:58:03.0220605+03:00","level":"INFO","thread_name":"Test worker","message":"HikariPool-1 - Starting..."}
{"@timestamp":"2025-10-22T18:58:03.1003742+03:00","level":"INFO","thread_name":"Test worker","message":"HikariPool-1 - Added connection org.postgresql.jdbc.PgConnection@31360632"}
{"@timestamp":"2025-10-22T18:58:03.1012294+03:00","level":"INFO","thread_name":"Test worker","message":"HikariPool-1 - Start completed."}
{"@timestamp":"2025-10-22T18:58:03.1492137+03:00","level":"INFO","thread_name":"Test worker","message":"HHH10001005: Database info:\n\tDatabase JDBC URL [Connecting through datasource 'HikariDataSource (HikariPool-1)']\n\tDatabase driver: undefined/unknown\n\tDatabase version: 12.3\n\tAutocommit mode: undefined/unknown\n\tIsolation level: undefined/unknown\n\tMinimum pool size: undefined/unknown\n\tMaximum pool size: undefined/unknown"}
{"@timestamp":"2025-10-22T18:58:03.7285528+03:00","level":"INFO","thread_name":"Test worker","message":"HHH000489: No JTA platform available (set 'hibernate.transaction.jta.platform' to enable JTA platform integration)"}
{"@timestamp":"2025-10-22T18:58:03.7672776+03:00","level":"INFO","thread_name":"Test worker","message":"Initialized JPA EntityManagerFactory for persistence unit 'default'"}
{"@timestamp":"2025-10-22T18:58:05.1368319+03:00","level":"WARN","thread_name":"Test worker","message":"spring.jpa.open-in-view is enabled by default. Therefore, database queries may be performed during view rendering. Explicitly configure spring.jpa.open-in-view to disable this warning"}
{"@timestamp":"2025-10-22T18:58:06.333216+03:00","level":"INFO","thread_name":"Test worker","message":"Initializing Spring TestDispatcherServlet ''"}
{"@timestamp":"2025-10-22T18:58:06.333216+03:00","level":"INFO","thread_name":"Test worker","message":"Initializing Servlet ''"}
{"@timestamp":"2025-10-22T18:58:06.3402171+03:00","level":"INFO","thread_name":"Test worker","message":"Exposing 1 endpoint beneath base path '/actuator'"}
{"@timestamp":"2025-10-22T18:58:06.3543348+03:00","level":"INFO","thread_name":"Test worker","message":"Completed initialization in 21 ms"}
{"@timestamp":"2025-10-22T18:58:07.4888274+03:00","level":"INFO","thread_name":"Test worker","message":"Cannot determine local hostname"}
{"@timestamp":"2025-10-22T18:58:07.523952+03:00","level":"INFO","thread_name":"Test worker","message":"Eureka HTTP Client uses RestTemplate."}
{"@timestamp":"2025-10-22T18:58:07.6009843+03:00","level":"WARN","thread_name":"Test worker","message":"Spring Cloud LoadBalancer is currently working with the default cache. While this cache implementation is useful for development and tests, it's recommended to use Caffeine cache in production.You can switch to using Caffeine cache, by adding it and org.springframework.cache.caffeine.CaffeineCacheManager to the classpath."}
{"@timestamp":"2025-10-22T18:58:07.7462573+03:00","level":"INFO","thread_name":"Test worker","message":"Starting ProtocolHandler [\"http-nio-auto-1\"]"}
{"@timestamp":"2025-10-22T18:58:07.7582285+03:00","level":"INFO","thread_name":"Test worker","message":"Tomcat started on port 51833 (http) with context path '/'"}
{"@timestamp":"2025-10-22T18:58:08.8588563+03:00","level":"INFO","thread_name":"Test worker","message":"Cannot determine local hostname"}
{"@timestamp":"2025-10-22T18:58:08.8718566+03:00","level":"INFO","thread_name":"Test worker","message":"Started DiscountServiceIntegrationTest in 11.202 seconds (process running for 14.205)"}
{"@timestamp":"2025-10-22T18:58:10.0594397+03:00","level":"INFO","thread_name":"SpringApplicationShutdownHook","message":"Commencing graceful shutdown. Waiting for active requests to complete"}
{"@timestamp":"2025-10-22T18:58:10.2818872+03:00","level":"INFO","thread_name":"tomcat-shutdown","message":"Graceful shutdown complete"}
{"@timestamp":"2025-10-22T18:58:10.2973966+03:00","level":"INFO","thread_name":"SpringApplicationShutdownHook","message":"Closing JPA EntityManagerFactory for persistence unit 'default'"}
{"@timestamp":"2025-10-22T18:58:10.2983974+03:00","level":"INFO","thread_name":"SpringApplicationShutdownHook","message":"HikariPool-1 - Shutdown initiated..."}
{"@timestamp":"2025-10-22T18:58:10.3000096+03:00","level":"INFO","thread_name":"SpringApplicationShutdownHook","message":"HikariPool-1 - Shutdown completed."}
{"@timestamp":"2025-10-22T18:58:53.770778+03:00","level":"INFO","thread_name":"Test worker","message":"Starting DiscountServiceIntegrationTest using Java 17.0.10 with PID 43192 (started by kirin in C:\\Users\\kirin\\IdeaProjects\\shop\\discount-api)"}
{"@timestamp":"2025-10-22T18:58:53.770778+03:00","level":"INFO","thread_name":"Test worker","message":"The following 1 profile is active: \"test\""}
{"@timestamp":"2025-10-22T18:58:53.9063019+03:00","level":"INFO","thread_name":"Test worker","message":"Fetching config from server at : http://localhost:8888"}
{"@timestamp":"2025-10-22T18:58:53.9063019+03:00","level":"INFO","thread_name":"Test worker","message":"Exception on Url - http://localhost:8888:org.springframework.web.client.ResourceAccessException: I/O error on GET request for \"http://localhost:8888/discount-api/test\": Connection refused: no further information. Will be trying the next url if available"}
{"@timestamp":"2025-10-22T18:58:53.9063019+03:00","level":"WARN","thread_name":"Test worker","message":"Could not locate PropertySource ([ConfigServerConfigDataResource@36d582cb uris = array<String>['http://localhost:8888'], optional = true, profiles = 'test']): I/O error on GET request for \"http://localhost:8888/discount-api/test\": Connection refused: no further information"}
{"@timestamp":"2025-10-22T18:58:53.9063019+03:00","level":"INFO","thread_name":"Test worker","message":"Fetching config from server at : http://localhost:8888"}
{"@timestamp":"2025-10-22T18:58:53.9063019+03:00","level":"INFO","thread_name":"Test worker","message":"Exception on Url - http://localhost:8888:org.springframework.web.client.ResourceAccessException: I/O error on GET request for \"http://localhost:8888/discount-api/default\": Connection refused: no further information. Will be trying the next url if available"}
{"@timestamp":"2025-10-22T18:58:53.9063019+03:00","level":"WARN","thread_name":"Test worker","message":"Could not locate PropertySource ([ConfigServerConfigDataResource@6c2a95d5 uris = array<String>['http://localhost:8888'], optional = true, profiles = 'default']): I/O error on GET request for \"http://localhost:8888/discount-api/default\": Connection refused: no further information"}
{"@timestamp":"2025-10-22T18:58:54.7900694+03:00","level":"INFO","thread_name":"Test worker","message":"Multiple Spring Data modules found, entering strict repository configuration mode"}
{"@timestamp":"2025-10-22T18:58:54.7910676+03:00","level":"INFO","thread_name":"Test worker","message":"Bootstrapping Spring Data JPA repositories in DEFAULT mode."}
{"@timestamp":"2025-10-22T18:58:54.9066979+03:00","level":"INFO","thread_name":"Test worker","message":"Finished Spring Data repository scanning in 104 ms. Found 1 JPA repository interface."}
{"@timestamp":"2025-10-22T18:58:54.9217232+03:00","level":"INFO","thread_name":"Test worker","message":"Multiple Spring Data modules found, entering strict repository configuration mode"}
{"@timestamp":"2025-10-22T18:58:54.9227229+03:00","level":"INFO","thread_name":"Test worker","message":"Bootstrapping Spring Data Redis repositories in DEFAULT mode."}
{"@timestamp":"2025-10-22T18:58:54.9356987+03:00","level":"INFO","thread_name":"Test worker","message":"Spring Data Redis - Could not safely identify store assignment for repository candidate interface ru.innotech.discountapi.adapters.repository.DiscountRepository; If you want this repository to be a Redis repository, consider annotating your entities with one of these annotations: org.springframework.data.redis.core.RedisHash (preferred), or consider extending one of the following types with your repository: org.springframework.data.keyvalue.repository.KeyValueRepository"}
{"@timestamp":"2025-10-22T18:58:54.9356987+03:00","level":"INFO","thread_name":"Test worker","message":"Finished Spring Data repository scanning in 5 ms. Found 0 Redis repository interfaces."}
{"@timestamp":"2025-10-22T18:58:55.2232633+03:00","level":"INFO","thread_name":"Test worker","message":"BeanFactory id=5f65a9f4-bb1b-3dad-b83f-2546f0139140"}
{"@timestamp":"2025-10-22T18:58:56.0636408+03:00","level":"INFO","thread_name":"Test worker","message":"Tomcat initialized with port 0 (http)"}
{"@timestamp":"2025-10-22T18:58:56.0776258+03:00","level":"INFO","thread_name":"Test worker","message":"Initializing ProtocolHandler [\"http-nio-auto-1\"]"}
{"@timestamp":"2025-10-22T18:58:56.07865+03:00","level":"INFO","thread_name":"Test worker","message":"Starting service [Tomcat]"}
{"@timestamp":"2025-10-22T18:58:56.0796375+03:00","level":"INFO","thread_name":"Test worker","message":"Starting Servlet engine: [Apache Tomcat/10.1.44]"}
{"@timestamp":"2025-10-22T18:58:56.1612318+03:00","level":"INFO","thread_name":"Test worker","message":"Initializing Spring embedded WebApplicationContext"}
{"@timestamp":"2025-10-22T18:58:56.1612318+03:00","level":"INFO","thread_name":"Test worker","message":"Root WebApplicationContext: initialization completed in 2251 ms"}
{"@timestamp":"2025-10-22T18:58:56.8080326+03:00","level":"INFO","thread_name":"Test worker","message":"HHH000204: Processing PersistenceUnitInfo [name: default]"}
{"@timestamp":"2025-10-22T18:58:56.8497586+03:00","level":"INFO","thread_name":"Test worker","message":"HHH000412: Hibernate ORM core version 6.6.26.Final"}
{"@timestamp":"2025-10-22T18:58:56.8787854+03:00","level":"INFO","thread_name":"Test worker","message":"HHH000026: Second-level cache disabled"}
{"@timestamp":"2025-10-22T18:58:57.0976199+03:00","level":"INFO","thread_name":"Test worker","message":"No LoadTimeWeaver setup: ignoring JPA class transformer"}
{"@timestamp":"2025-10-22T18:58:57.1196365+03:00","level":"INFO","thread_name":"Test worker","message":"HikariPool-1 - Starting..."}
{"@timestamp":"2025-10-22T18:58:57.1810045+03:00","level":"INFO","thread_name":"Test worker","message":"HikariPool-1 - Added connection org.postgresql.jdbc.PgConnection@531f6879"}
{"@timestamp":"2025-10-22T18:58:57.1815568+03:00","level":"INFO","thread_name":"Test worker","message":"HikariPool-1 - Start completed."}
{"@timestamp":"2025-10-22T18:58:57.2283477+03:00","level":"INFO","thread_name":"Test worker","message":"HHH10001005: Database info:\n\tDatabase JDBC URL [Connecting through datasource 'HikariDataSource (HikariPool-1)']\n\tDatabase driver: undefined/unknown\n\tDatabase version: 12.3\n\tAutocommit mode: undefined/unknown\n\tIsolation level: undefined/unknown\n\tMinimum pool size: undefined/unknown\n\tMaximum pool size: undefined/unknown"}
{"@timestamp":"2025-10-22T18:58:57.7949176+03:00","level":"INFO","thread_name":"Test worker","message":"HHH000489: No JTA platform available (set 'hibernate.transaction.jta.platform' to enable JTA platform integration)"}
{"@timestamp":"2025-10-22T18:58:57.8339463+03:00","level":"INFO","thread_name":"Test worker","message":"Initialized JPA EntityManagerFactory for persistence unit 'default'"}
{"@timestamp":"2025-10-22T18:58:59.2189359+03:00","level":"WARN","thread_name":"Test worker","message":"spring.jpa.open-in-view is enabled by default. Therefore, database queries may be performed during view rendering. Explicitly configure spring.jpa.open-in-view to disable this warning"}
{"@timestamp":"2025-10-22T18:59:00.4681855+03:00","level":"INFO","thread_name":"Test worker","message":"Initializing Spring TestDispatcherServlet ''"}
{"@timestamp":"2025-10-22T18:59:00.4681855+03:00","level":"INFO","thread_name":"Test worker","message":"Initializing Servlet ''"}
{"@timestamp":"2025-10-22T18:59:00.4751803+03:00","level":"INFO","thread_name":"Test worker","message":"Exposing 1 endpoint beneath base path '/actuator'"}
{"@timestamp":"2025-10-22T18:59:00.4876756+03:00","level":"INFO","thread_name":"Test worker","message":"Completed initialization in 19 ms"}
{"@timestamp":"2025-10-22T18:59:01.6283841+03:00","level":"INFO","thread_name":"Test worker","message":"Cannot determine local hostname"}
{"@timestamp":"2025-10-22T18:59:01.6583844+03:00","level":"INFO","thread_name":"Test worker","message":"Eureka HTTP Client uses RestTemplate."}
{"@timestamp":"2025-10-22T18:59:01.738146+03:00","level":"WARN","thread_name":"Test worker","message":"Spring Cloud LoadBalancer is currently working with the default cache. While this cache implementation is useful for development and tests, it's recommended to use Caffeine cache in production.You can switch to using Caffeine cache, by adding it and org.springframework.cache.caffeine.CaffeineCacheManager to the classpath."}
{"@timestamp":"2025-10-22T18:59:01.8887463+03:00","level":"INFO","thread_name":"Test worker","message":"Starting ProtocolHandler [\"http-nio-auto-1\"]"}
{"@timestamp":"2025-10-22T18:59:01.9027099+03:00","level":"INFO","thread_name":"Test worker","message":"Tomcat started on port 51872 (http) with context path '/'"}
{"@timestamp":"2025-10-22T18:59:03.0098416+03:00","level":"INFO","thread_name":"Test worker","message":"Cannot determine local hostname"}
{"@timestamp":"2025-10-22T18:59:03.0288438+03:00","level":"INFO","thread_name":"Test worker","message":"Started DiscountServiceIntegrationTest in 11.104 seconds (process running for 14.278)"}
{"@timestamp":"2025-10-22T18:59:04.2501754+03:00","level":"INFO","thread_name":"SpringApplicationShutdownHook","message":"Commencing graceful shutdown. Waiting for active requests to complete"}
{"@timestamp":"2025-10-22T18:59:04.454944+03:00","level":"INFO","thread_name":"tomcat-shutdown","message":"Graceful shutdown complete"}
{"@timestamp":"2025-10-22T18:59:04.4689456+03:00","level":"INFO","thread_name":"SpringApplicationShutdownHook","message":"Closing JPA EntityManagerFactory for persistence unit 'default'"}
{"@timestamp":"2025-10-22T18:59:04.4699438+03:00","level":"INFO","thread_name":"SpringApplicationShutdownHook","message":"HikariPool-1 - Shutdown initiated..."}
{"@timestamp":"2025-10-22T18:59:04.4719434+03:00","level":"INFO","thread_name":"SpringApplicationShutdownHook","message":"HikariPool-1 - Shutdown completed."}
{"@timestamp":"2025-10-22T19:00:48.243867+03:00","level":"INFO","thread_name":"Test worker","message":"Starting DiscountServiceIntegrationTest using Java 17.0.10 with PID 43824 (started by kirin in C:\\Users\\kirin\\IdeaProjects\\shop\\discount-api)"}
{"@timestamp":"2025-10-22T19:00:48.2458725+03:00","level":"INFO","thread_name":"Test worker","message":"The following 1 profile is active: \"test\""}
{"@timestamp":"2025-10-22T19:00:48.3859458+03:00","level":"INFO","thread_name":"Test worker","message":"Fetching config from server at : http://localhost:8888"}
{"@timestamp":"2025-10-22T19:00:48.3859458+03:00","level":"INFO","thread_name":"Test worker","message":"Exception on Url - http://localhost:8888:org.springframework.web.client.ResourceAccessException: I/O error on GET request for \"http://localhost:8888/discount-api/test\": Connection refused: no further information. Will be trying the next url if available"}
{"@timestamp":"2025-10-22T19:00:48.3859458+03:00","level":"WARN","thread_name":"Test worker","message":"Could not locate PropertySource ([ConfigServerConfigDataResource@36d582cb uris = array<String>['http://localhost:8888'], optional = true, profiles = 'test']): I/O error on GET request for \"http://localhost:8888/discount-api/test\": Connection refused: no further information"}
{"@timestamp":"2025-10-22T19:00:48.3864535+03:00","level":"INFO","thread_name":"Test worker","message":"Fetching config from server at : http://localhost:8888"}
{"@timestamp":"2025-10-22T19:00:48.3864535+03:00","level":"INFO","thread_name":"Test worker","message":"Exception on Url - http://localhost:8888:org.springframework.web.client.ResourceAccessException: I/O error on GET request for \"http://localhost:8888/discount-api/default\": Connection refused: no further information. Will be trying the next url if available"}
{"@timestamp":"2025-10-22T19:00:48.3864535+03:00","level":"WARN","thread_name":"Test worker","message":"Could not locate PropertySource ([ConfigServerConfigDataResource@6c2a95d5 uris = array<String>['http://localhost:8888'], optional = true, profiles = 'default']): I/O error on GET request for \"http://localhost:8888/discount-api/default\": Connection refused: no further information"}
{"@timestamp":"2025-10-22T19:00:49.2804559+03:00","level":"INFO","thread_name":"Test worker","message":"Multiple Spring Data modules found, entering strict repository configuration mode"}
{"@timestamp":"2025-10-22T19:00:49.2814225+03:00","level":"INFO","thread_name":"Test worker","message":"Bootstrapping Spring Data JPA repositories in DEFAULT mode."}
{"@timestamp":"2025-10-22T19:00:49.3993382+03:00","level":"INFO","thread_name":"Test worker","message":"Finished Spring Data repository scanning in 108 ms. Found 1 JPA repository interface."}
{"@timestamp":"2025-10-22T19:00:49.4159032+03:00","level":"INFO","thread_name":"Test worker","message":"Multiple Spring Data modules found, entering strict repository configuration mode"}
{"@timestamp":"2025-10-22T19:00:49.4169119+03:00","level":"INFO","thread_name":"Test worker","message":"Bootstrapping Spring Data Redis repositories in DEFAULT mode."}
{"@timestamp":"2025-10-22T19:00:49.4290338+03:00","level":"INFO","thread_name":"Test worker","message":"Spring Data Redis - Could not safely identify store assignment for repository candidate interface ru.innotech.discountapi.adapters.repository.DiscountRepository; If you want this repository to be a Redis repository, consider annotating your entities with one of these annotations: org.springframework.data.redis.core.RedisHash (preferred), or consider extending one of the following types with your repository: org.springframework.data.keyvalue.repository.KeyValueRepository"}
{"@timestamp":"2025-10-22T19:00:49.4290338+03:00","level":"INFO","thread_name":"Test worker","message":"Finished Spring Data repository scanning in 5 ms. Found 0 Redis repository interfaces."}
{"@timestamp":"2025-10-22T19:00:49.7186229+03:00","level":"INFO","thread_name":"Test worker","message":"BeanFactory id=5f65a9f4-bb1b-3dad-b83f-2546f0139140"}
{"@timestamp":"2025-10-22T19:00:50.5503301+03:00","level":"INFO","thread_name":"Test worker","message":"Tomcat initialized with port 0 (http)"}
{"@timestamp":"2025-10-22T19:00:50.5617151+03:00","level":"INFO","thread_name":"Test worker","message":"Initializing ProtocolHandler [\"http-nio-auto-1\"]"}
{"@timestamp":"2025-10-22T19:00:50.5635147+03:00","level":"INFO","thread_name":"Test worker","message":"Starting service [Tomcat]"}
{"@timestamp":"2025-10-22T19:00:50.5641369+03:00","level":"INFO","thread_name":"Test worker","message":"Starting Servlet engine: [Apache Tomcat/10.1.44]"}
{"@timestamp":"2025-10-22T19:00:50.6391406+03:00","level":"INFO","thread_name":"Test worker","message":"Initializing Spring embedded WebApplicationContext"}
{"@timestamp":"2025-10-22T19:00:50.6391406+03:00","level":"INFO","thread_name":"Test worker","message":"Root WebApplicationContext: initialization completed in 2249 ms"}
{"@timestamp":"2025-10-22T19:00:51.3665262+03:00","level":"INFO","thread_name":"Test worker","message":"HHH000204: Processing PersistenceUnitInfo [name: default]"}
{"@timestamp":"2025-10-22T19:00:51.4125589+03:00","level":"INFO","thread_name":"Test worker","message":"HHH000412: Hibernate ORM core version 6.6.26.Final"}
{"@timestamp":"2025-10-22T19:00:51.4415078+03:00","level":"INFO","thread_name":"Test worker","message":"HHH000026: Second-level cache disabled"}
{"@timestamp":"2025-10-22T19:00:51.6655302+03:00","level":"INFO","thread_name":"Test worker","message":"No LoadTimeWeaver setup: ignoring JPA class transformer"}
{"@timestamp":"2025-10-22T19:00:51.7051071+03:00","level":"INFO","thread_name":"Test worker","message":"HikariPool-1 - Starting..."}
{"@timestamp":"2025-10-22T19:00:51.7693818+03:00","level":"INFO","thread_name":"Test worker","message":"HikariPool-1 - Added connection org.postgresql.jdbc.PgConnection@7fa9e773"}
{"@timestamp":"2025-10-22T19:00:51.7704521+03:00","level":"INFO","thread_name":"Test worker","message":"HikariPool-1 - Start completed."}
{"@timestamp":"2025-10-22T19:00:51.8186592+03:00","level":"INFO","thread_name":"Test worker","message":"HHH10001005: Database info:\n\tDatabase JDBC URL [Connecting through datasource 'HikariDataSource (HikariPool-1)']\n\tDatabase driver: undefined/unknown\n\tDatabase version: 12.3\n\tAutocommit mode: undefined/unknown\n\tIsolation level: undefined/unknown\n\tMinimum pool size: undefined/unknown\n\tMaximum pool size: undefined/unknown"}
{"@timestamp":"2025-10-22T19:00:52.395248+03:00","level":"INFO","thread_name":"Test worker","message":"HHH000489: No JTA platform available (set 'hibernate.transaction.jta.platform' to enable JTA platform integration)"}
{"@timestamp":"2025-10-22T19:00:52.4357846+03:00","level":"INFO","thread_name":"Test worker","message":"Initialized JPA EntityManagerFactory for persistence unit 'default'"}
{"@timestamp":"2025-10-22T19:00:53.835747+03:00","level":"WARN","thread_name":"Test worker","message":"spring.jpa.open-in-view is enabled by default. Therefore, database queries may be performed during view rendering. Explicitly configure spring.jpa.open-in-view to disable this warning"}
{"@timestamp":"2025-10-22T19:00:55.0314692+03:00","level":"INFO","thread_name":"Test worker","message":"Initializing Spring TestDispatcherServlet ''"}
{"@timestamp":"2025-10-22T19:00:55.0314692+03:00","level":"INFO","thread_name":"Test worker","message":"Initializing Servlet ''"}
{"@timestamp":"2025-10-22T19:00:55.0418139+03:00","level":"INFO","thread_name":"Test worker","message":"Exposing 1 endpoint beneath base path '/actuator'"}
{"@timestamp":"2025-10-22T19:00:55.0547083+03:00","level":"INFO","thread_name":"Test worker","message":"Completed initialization in 23 ms"}
{"@timestamp":"2025-10-22T19:00:56.1766285+03:00","level":"INFO","thread_name":"Test worker","message":"Cannot determine local hostname"}
{"@timestamp":"2025-10-22T19:00:56.2133621+03:00","level":"INFO","thread_name":"Test worker","message":"Eureka HTTP Client uses RestTemplate."}
{"@timestamp":"2025-10-22T19:00:56.2954085+03:00","level":"WARN","thread_name":"Test worker","message":"Spring Cloud LoadBalancer is currently working with the default cache. While this cache implementation is useful for development and tests, it's recommended to use Caffeine cache in production.You can switch to using Caffeine cache, by adding it and org.springframework.cache.caffeine.CaffeineCacheManager to the classpath."}
{"@timestamp":"2025-10-22T19:00:56.461511+03:00","level":"INFO","thread_name":"Test worker","message":"Starting ProtocolHandler [\"http-nio-auto-1\"]"}
{"@timestamp":"2025-10-22T19:00:56.4695035+03:00","level":"INFO","thread_name":"Test worker","message":"Tomcat started on port 51929 (http) with context path '/'"}
{"@timestamp":"2025-10-22T19:00:57.5692269+03:00","level":"INFO","thread_name":"Test worker","message":"Cannot determine local hostname"}
{"@timestamp":"2025-10-22T19:00:57.595059+03:00","level":"INFO","thread_name":"Test worker","message":"Started DiscountServiceIntegrationTest in 11.195 seconds (process running for 14.54)"}
{"@timestamp":"2025-10-22T19:00:58.708386+03:00","level":"INFO","thread_name":"SpringApplicationShutdownHook","message":"Commencing graceful shutdown. Waiting for active requests to complete"}
{"@timestamp":"2025-10-22T19:00:58.897235+03:00","level":"INFO","thread_name":"tomcat-shutdown","message":"Graceful shutdown complete"}
{"@timestamp":"2025-10-22T19:00:58.9218601+03:00","level":"INFO","thread_name":"SpringApplicationShutdownHook","message":"Closing JPA EntityManagerFactory for persistence unit 'default'"}
{"@timestamp":"2025-10-22T19:00:58.9258614+03:00","level":"INFO","thread_name":"SpringApplicationShutdownHook","message":"HikariPool-1 - Shutdown initiated..."}
{"@timestamp":"2025-10-22T19:00:58.9348612+03:00","level":"INFO","thread_name":"SpringApplicationShutdownHook","message":"HikariPool-1 - Shutdown completed."}
{"@timestamp":"2025-10-22T19:01:30.7838612+03:00","level":"INFO","thread_name":"Test worker","message":"Starting DiscountServiceIntegrationTest using Java 17.0.10 with PID 42588 (started by kirin in C:\\Users\\kirin\\IdeaProjects\\shop\\discount-api)"}
{"@timestamp":"2025-10-22T19:01:30.784824+03:00","level":"INFO","thread_name":"Test worker","message":"The following 1 profile is active: \"test\""}
{"@timestamp":"2025-10-22T19:01:30.9265742+03:00","level":"INFO","thread_name":"Test worker","message":"Fetching config from server at : http://localhost:8888"}
{"@timestamp":"2025-10-22T19:01:30.9265742+03:00","level":"INFO","thread_name":"Test worker","message":"Exception on Url - http://localhost:8888:org.springframework.web.client.ResourceAccessException: I/O error on GET request for \"http://localhost:8888/discount-api/test\": Connection refused: no further information. Will be trying the next url if available"}
{"@timestamp":"2025-10-22T19:01:30.9265742+03:00","level":"WARN","thread_name":"Test worker","message":"Could not locate PropertySource ([ConfigServerConfigDataResource@6238d5e0 uris = array<String>['http://localhost:8888'], optional = true, profiles = 'test']): I/O error on GET request for \"http://localhost:8888/discount-api/test\": Connection refused: no further information"}
{"@timestamp":"2025-10-22T19:01:30.9265742+03:00","level":"INFO","thread_name":"Test worker","message":"Fetching config from server at : http://localhost:8888"}
{"@timestamp":"2025-10-22T19:01:30.9265742+03:00","level":"INFO","thread_name":"Test worker","message":"Exception on Url - http://localhost:8888:org.springframework.web.client.ResourceAccessException: I/O error on GET request for \"http://localhost:8888/discount-api/default\": Connection refused: no further information. Will be trying the next url if available"}
{"@timestamp":"2025-10-22T19:01:30.9265742+03:00","level":"WARN","thread_name":"Test worker","message":"Could not locate PropertySource ([ConfigServerConfigDataResource@336f49a1 uris = array<String>['http://localhost:8888'], optional = true, profiles = 'default']): I/O error on GET request for \"http://localhost:8888/discount-api/default\": Connection refused: no further information"}
{"@timestamp":"2025-10-22T19:01:31.8577603+03:00","level":"INFO","thread_name":"Test worker","message":"Multiple Spring Data modules found, entering strict repository configuration mode"}
{"@timestamp":"2025-10-22T19:01:31.8587806+03:00","level":"INFO","thread_name":"Test worker","message":"Bootstrapping Spring Data JPA repositories in DEFAULT mode."}
{"@timestamp":"2025-10-22T19:01:31.975906+03:00","level":"INFO","thread_name":"Test worker","message":"Finished Spring Data repository scanning in 107 ms. Found 1 JPA repository interface."}
{"@timestamp":"2025-10-22T19:01:31.9928794+03:00","level":"INFO","thread_name":"Test worker","message":"Multiple Spring Data modules found, entering strict repository configuration mode"}
{"@timestamp":"2025-10-22T19:01:31.9958773+03:00","level":"INFO","thread_name":"Test worker","message":"Bootstrapping Spring Data Redis repositories in DEFAULT mode."}
{"@timestamp":"2025-10-22T19:01:32.0138756+03:00","level":"INFO","thread_name":"Test worker","message":"Spring Data Redis - Could not safely identify store assignment for repository candidate interface ru.innotech.discountapi.adapters.repository.DiscountRepository; If you want this repository to be a Redis repository, consider annotating your entities with one of these annotations: org.springframework.data.redis.core.RedisHash (preferred), or consider extending one of the following types with your repository: org.springframework.data.keyvalue.repository.KeyValueRepository"}
{"@timestamp":"2025-10-22T19:01:32.0138756+03:00","level":"INFO","thread_name":"Test worker","message":"Finished Spring Data repository scanning in 8 ms. Found 0 Redis repository interfaces."}
{"@timestamp":"2025-10-22T19:01:32.3289701+03:00","level":"INFO","thread_name":"Test worker","message":"BeanFactory id=5f65a9f4-bb1b-3dad-b83f-2546f0139140"}
{"@timestamp":"2025-10-22T19:01:33.063125+03:00","level":"INFO","thread_name":"Test worker","message":"Tomcat initialized with port 0 (http)"}
{"@timestamp":"2025-10-22T19:01:33.0721272+03:00","level":"INFO","thread_name":"Test worker","message":"Initializing ProtocolHandler [\"http-nio-auto-1\"]"}
{"@timestamp":"2025-10-22T19:01:33.0741317+03:00","level":"INFO","thread_name":"Test worker","message":"Starting service [Tomcat]"}
{"@timestamp":"2025-10-22T19:01:33.0741317+03:00","level":"INFO","thread_name":"Test worker","message":"Starting Servlet engine: [Apache Tomcat/10.1.44]"}
{"@timestamp":"2025-10-22T19:01:33.1679361+03:00","level":"INFO","thread_name":"Test worker","message":"Initializing Spring embedded WebApplicationContext"}
{"@timestamp":"2025-10-22T19:01:33.1679361+03:00","level":"INFO","thread_name":"Test worker","message":"Root WebApplicationContext: initialization completed in 2237 ms"}
{"@timestamp":"2025-10-22T19:01:33.8147817+03:00","level":"INFO","thread_name":"Test worker","message":"HHH000204: Processing PersistenceUnitInfo [name: default]"}
{"@timestamp":"2025-10-22T19:01:33.8517762+03:00","level":"INFO","thread_name":"Test worker","message":"HHH000412: Hibernate ORM core version 6.6.26.Final"}
{"@timestamp":"2025-10-22T19:01:33.8777779+03:00","level":"INFO","thread_name":"Test worker","message":"HHH000026: Second-level cache disabled"}
{"@timestamp":"2025-10-22T19:01:34.093983+03:00","level":"INFO","thread_name":"Test worker","message":"No LoadTimeWeaver setup: ignoring JPA class transformer"}
{"@timestamp":"2025-10-22T19:01:34.1183582+03:00","level":"INFO","thread_name":"Test worker","message":"HikariPool-1 - Starting..."}
{"@timestamp":"2025-10-22T19:01:34.1786959+03:00","level":"INFO","thread_name":"Test worker","message":"HikariPool-1 - Added connection org.postgresql.jdbc.PgConnection@43b3d197"}
{"@timestamp":"2025-10-22T19:01:34.1798254+03:00","level":"INFO","thread_name":"Test worker","message":"HikariPool-1 - Start completed."}
{"@timestamp":"2025-10-22T19:01:34.2262139+03:00","level":"INFO","thread_name":"Test worker","message":"HHH10001005: Database info:\n\tDatabase JDBC URL [Connecting through datasource 'HikariDataSource (HikariPool-1)']\n\tDatabase driver: undefined/unknown\n\tDatabase version: 12.3\n\tAutocommit mode: undefined/unknown\n\tIsolation level: undefined/unknown\n\tMinimum pool size: undefined/unknown\n\tMaximum pool size: undefined/unknown"}
{"@timestamp":"2025-10-22T19:01:34.7949612+03:00","level":"INFO","thread_name":"Test worker","message":"HHH000489: No JTA platform available (set 'hibernate.transaction.jta.platform' to enable JTA platform integration)"}
{"@timestamp":"2025-10-22T19:01:34.8326349+03:00","level":"INFO","thread_name":"Test worker","message":"Initialized JPA EntityManagerFactory for persistence unit 'default'"}
{"@timestamp":"2025-10-22T19:01:36.0799717+03:00","level":"WARN","thread_name":"Test worker","message":"spring.jpa.open-in-view is enabled by default. Therefore, database queries may be performed during view rendering. Explicitly configure spring.jpa.open-in-view to disable this warning"}
{"@timestamp":"2025-10-22T19:01:37.2827681+03:00","level":"INFO","thread_name":"Test worker","message":"Initializing Spring TestDispatcherServlet ''"}
{"@timestamp":"2025-10-22T19:01:37.2827681+03:00","level":"INFO","thread_name":"Test worker","message":"Initializing Servlet ''"}
{"@timestamp":"2025-10-22T19:01:37.2917657+03:00","level":"INFO","thread_name":"Test worker","message":"Exposing 1 endpoint beneath base path '/actuator'"}
{"@timestamp":"2025-10-22T19:01:37.3047668+03:00","level":"INFO","thread_name":"Test worker","message":"Completed initialization in 22 ms"}
{"@timestamp":"2025-10-22T19:01:38.4316964+03:00","level":"INFO","thread_name":"Test worker","message":"Cannot determine local hostname"}
{"@timestamp":"2025-10-22T19:01:38.4672658+03:00","level":"INFO","thread_name":"Test worker","message":"Eureka HTTP Client uses RestTemplate."}
{"@timestamp":"2025-10-22T19:01:38.5539882+03:00","level":"WARN","thread_name":"Test worker","message":"Spring Cloud LoadBalancer is currently working with the default cache. While this cache implementation is useful for development and tests, it's recommended to use Caffeine cache in production.You can switch to using Caffeine cache, by adding it and org.springframework.cache.caffeine.CaffeineCacheManager to the classpath."}
{"@timestamp":"2025-10-22T19:01:38.7009768+03:00","level":"INFO","thread_name":"Test worker","message":"Starting ProtocolHandler [\"http-nio-auto-1\"]"}
{"@timestamp":"2025-10-22T19:01:38.7130265+03:00","level":"INFO","thread_name":"Test worker","message":"Tomcat started on port 51972 (http) with context path '/'"}
{"@timestamp":"2025-10-22T19:01:39.8249718+03:00","level":"INFO","thread_name":"Test worker","message":"Cannot determine local hostname"}
{"@timestamp":"2025-10-22T19:01:39.8453982+03:00","level":"INFO","thread_name":"Test worker","message":"Started DiscountServiceIntegrationTest in 10.879 seconds (process running for 13.706)"}
{"@timestamp":"2025-10-22T19:01:40.3313038+03:00","level":"INFO","thread_name":"Test worker","message":"Pulling docker image: redis:6-alpine. Please be patient; this may take some time but only needs to be done once."}
{"@timestamp":"2025-10-22T19:01:42.0454267+03:00","level":"INFO","thread_name":"docker-java-stream--1320057433","message":"Starting to pull image"}
{"@timestamp":"2025-10-22T19:01:42.0624359+03:00","level":"INFO","thread_name":"docker-java-stream--1320057433","message":"Pulling image layers:  0 pending,  0 downloaded,  0 extracted, (0 bytes/0 bytes)"}
{"@timestamp":"2025-10-22T19:01:43.1678145+03:00","level":"INFO","thread_name":"docker-java-stream--1320057433","message":"Pulling image layers:  7 pending,  1 downloaded,  0 extracted, (36 KB/? MB)"}
{"@timestamp":"2025-10-22T19:01:43.2102692+03:00","level":"INFO","thread_name":"docker-java-stream--1320057433","message":"Pulling image layers:  6 pending,  2 downloaded,  0 extracted, (36 KB/? MB)"}
{"@timestamp":"2025-10-22T19:01:43.2815169+03:00","level":"INFO","thread_name":"docker-java-stream--1320057433","message":"Pulling image layers:  5 pending,  3 downloaded,  0 extracted, (3 MB/? MB)"}
{"@timestamp":"2025-10-22T19:01:43.2997654+03:00","level":"INFO","thread_name":"docker-java-stream--1320057433","message":"Pulling image layers:  5 pending,  3 downloaded,  1 extracted, (3 MB/? MB)"}
{"@timestamp":"2025-10-22T19:01:43.3139293+03:00","level":"INFO","thread_name":"docker-java-stream--1320057433","message":"Pulling image layers:  5 pending,  3 downloaded,  2 extracted, (3 MB/? MB)"}
{"@timestamp":"2025-10-22T19:01:43.4114233+03:00","level":"INFO","thread_name":"docker-java-stream--1320057433","message":"Pulling image layers:  5 pending,  3 downloaded,  3 extracted, (3 MB/? MB)"}
{"@timestamp":"2025-10-22T19:01:43.8751626+03:00","level":"INFO","thread_name":"docker-java-stream--1320057433","message":"Pulling image layers:  4 pending,  4 downloaded,  3 extracted, (3 MB/? MB)"}
{"@timestamp":"2025-10-22T19:01:43.8959452+03:00","level":"INFO","thread_name":"docker-java-stream--1320057433","message":"Pulling image layers:  4 pending,  4 downloaded,  4 extracted, (4 MB/? MB)"}
{"@timestamp":"2025-10-22T19:01:43.9648743+03:00","level":"INFO","thread_name":"docker-java-stream--1320057433","message":"Pulling image layers:  3 pending,  5 downloaded,  4 extracted, (5 MB/? MB)"}
{"@timestamp":"2025-10-22T19:01:44.1461281+03:00","level":"INFO","thread_name":"docker-java-stream--1320057433","message":"Pulling image layers:  2 pending,  6 downloaded,  4 extracted, (11 MB/? MB)"}
{"@timestamp":"2025-10-22T19:01:44.2327244+03:00","level":"INFO","thread_name":"docker-java-stream--1320057433","message":"Pulling image layers:  2 pending,  6 downloaded,  5 extracted, (11 MB/? MB)"}
{"@timestamp":"2025-10-22T19:01:44.2457246+03:00","level":"INFO","thread_name":"docker-java-stream--1320057433","message":"Pulling image layers:  2 pending,  6 downloaded,  6 extracted, (11 MB/? MB)"}
{"@timestamp":"2025-10-22T19:01:44.4577177+03:00","level":"INFO","thread_name":"docker-java-stream--1320057433","message":"Pulling image layers:  2 pending,  6 downloaded,  7 extracted, (11 MB/? MB)"}
{"@timestamp":"2025-10-22T19:01:44.5545933+03:00","level":"INFO","thread_name":"docker-java-stream--1320057433","message":"Pulling image layers:  1 pending,  7 downloaded,  7 extracted, (11 MB/? MB)"}
{"@timestamp":"2025-10-22T19:01:44.5729844+03:00","level":"INFO","thread_name":"docker-java-stream--1320057433","message":"Pulling image layers:  1 pending,  7 downloaded,  8 extracted, (11 MB/? MB)"}
{"@timestamp":"2025-10-22T19:01:44.5936617+03:00","level":"INFO","thread_name":"Test worker","message":"Image redis:6-alpine pull took PT4.2623579S"}
{"@timestamp":"2025-10-22T19:01:44.5936617+03:00","level":"INFO","thread_name":"docker-java-stream--1320057433","message":"Pull complete. 8 layers, pulled in 2s (downloaded 11 MB at 5 MB/s)"}
{"@timestamp":"2025-10-22T19:01:44.6063141+03:00","level":"INFO","thread_name":"Test worker","message":"Creating container for image: redis:6-alpine"}
{"@timestamp":"2025-10-22T19:01:44.6855464+03:00","level":"INFO","thread_name":"Test worker","message":"Container redis:6-alpine is starting: 801fcb13f2fd91e2462b3fc6e6d298dc1b84dfe726e94933a99e90b591792d36"}
{"@timestamp":"2025-10-22T19:01:45.0227303+03:00","level":"INFO","thread_name":"Test worker","message":"Container redis:6-alpine started in PT0.4163996S"}
{"@timestamp":"2025-10-22T19:01:45.8074222+03:00","level":"INFO","thread_name":"SpringApplicationShutdownHook","message":"Commencing graceful shutdown. Waiting for active requests to complete"}
{"@timestamp":"2025-10-22T19:01:46.0066671+03:00","level":"INFO","thread_name":"tomcat-shutdown","message":"Graceful shutdown complete"}
{"@timestamp":"2025-10-22T19:01:46.0146707+03:00","level":"INFO","thread_name":"SpringApplicationShutdownHook","message":"Closing JPA EntityManagerFactory for persistence unit 'default'"}
{"@timestamp":"2025-10-22T19:01:46.0156695+03:00","level":"INFO","thread_name":"SpringApplicationShutdownHook","message":"HikariPool-1 - Shutdown initiated..."}
{"@timestamp":"2025-10-22T19:01:46.0176693+03:00","level":"INFO","thread_name":"SpringApplicationShutdownHook","message":"HikariPool-1 - Shutdown completed."}
{"@timestamp":"2025-10-22T19:03:16.1365538+03:00","level":"INFO","thread_name":"Test worker","message":"Starting DiscountServiceIntegrationTest using Java 17.0.10 with PID 42376 (started by kirin in C:\\Users\\kirin\\IdeaProjects\\shop\\discount-api)"}
{"@timestamp":"2025-10-22T19:03:16.1375253+03:00","level":"INFO","thread_name":"Test worker","message":"The following 1 profile is active: \"test\""}
{"@timestamp":"2025-10-22T19:03:16.3052739+03:00","level":"INFO","thread_name":"Test worker","message":"Fetching config from server at : http://localhost:8888"}
{"@timestamp":"2025-10-22T19:03:16.3052739+03:00","level":"INFO","thread_name":"Test worker","message":"Exception on Url - http://localhost:8888:org.springframework.web.client.ResourceAccessException: I/O error on GET request for \"http://localhost:8888/discount-api/test\": Connection refused: no further information. Will be trying the next url if available"}
{"@timestamp":"2025-10-22T19:03:16.3052739+03:00","level":"WARN","thread_name":"Test worker","message":"Could not locate PropertySource ([ConfigServerConfigDataResource@5384ce66 uris = array<String>['http://localhost:8888'], optional = true, profiles = 'test']): I/O error on GET request for \"http://localhost:8888/discount-api/test\": Connection refused: no further information"}
{"@timestamp":"2025-10-22T19:03:16.3052739+03:00","level":"INFO","thread_name":"Test worker","message":"Fetching config from server at : http://localhost:8888"}
{"@timestamp":"2025-10-22T19:03:16.3052739+03:00","level":"INFO","thread_name":"Test worker","message":"Exception on Url - http://localhost:8888:org.springframework.web.client.ResourceAccessException: I/O error on GET request for \"http://localhost:8888/discount-api/default\": Connection refused: no further information. Will be trying the next url if available"}
{"@timestamp":"2025-10-22T19:03:16.3052739+03:00","level":"WARN","thread_name":"Test worker","message":"Could not locate PropertySource ([ConfigServerConfigDataResource@6b42e36d uris = array<String>['http://localhost:8888'], optional = true, profiles = 'default']): I/O error on GET request for \"http://localhost:8888/discount-api/default\": Connection refused: no further information"}
{"@timestamp":"2025-10-22T19:03:17.2102523+03:00","level":"INFO","thread_name":"Test worker","message":"Multiple Spring Data modules found, entering strict repository configuration mode"}
{"@timestamp":"2025-10-22T19:03:17.2122533+03:00","level":"INFO","thread_name":"Test worker","message":"Bootstrapping Spring Data JPA repositories in DEFAULT mode."}
{"@timestamp":"2025-10-22T19:03:17.3292942+03:00","level":"INFO","thread_name":"Test worker","message":"Finished Spring Data repository scanning in 108 ms. Found 1 JPA repository interface."}
{"@timestamp":"2025-10-22T19:03:17.3442537+03:00","level":"INFO","thread_name":"Test worker","message":"Multiple Spring Data modules found, entering strict repository configuration mode"}
{"@timestamp":"2025-10-22T19:03:17.3452549+03:00","level":"INFO","thread_name":"Test worker","message":"Bootstrapping Spring Data Redis repositories in DEFAULT mode."}
{"@timestamp":"2025-10-22T19:03:17.3629684+03:00","level":"INFO","thread_name":"Test worker","message":"Spring Data Redis - Could not safely identify store assignment for repository candidate interface ru.innotech.discountapi.adapters.repository.DiscountRepository; If you want this repository to be a Redis repository, consider annotating your entities with one of these annotations: org.springframework.data.redis.core.RedisHash (preferred), or consider extending one of the following types with your repository: org.springframework.data.keyvalue.repository.KeyValueRepository"}
{"@timestamp":"2025-10-22T19:03:17.3639881+03:00","level":"INFO","thread_name":"Test worker","message":"Finished Spring Data repository scanning in 6 ms. Found 0 Redis repository interfaces."}
{"@timestamp":"2025-10-22T19:03:17.6838613+03:00","level":"INFO","thread_name":"Test worker","message":"BeanFactory id=5f65a9f4-bb1b-3dad-b83f-2546f0139140"}
{"@timestamp":"2025-10-22T19:03:18.3769657+03:00","level":"INFO","thread_name":"Test worker","message":"Tomcat initialized with port 0 (http)"}
{"@timestamp":"2025-10-22T19:03:18.3879724+03:00","level":"INFO","thread_name":"Test worker","message":"Initializing ProtocolHandler [\"http-nio-auto-1\"]"}
{"@timestamp":"2025-10-22T19:03:18.3889722+03:00","level":"INFO","thread_name":"Test worker","message":"Starting service [Tomcat]"}
{"@timestamp":"2025-10-22T19:03:18.3889722+03:00","level":"INFO","thread_name":"Test worker","message":"Starting Servlet engine: [Apache Tomcat/10.1.44]"}
{"@timestamp":"2025-10-22T19:03:18.4663667+03:00","level":"INFO","thread_name":"Test worker","message":"Initializing Spring embedded WebApplicationContext"}
{"@timestamp":"2025-10-22T19:03:18.4663667+03:00","level":"INFO","thread_name":"Test worker","message":"Root WebApplicationContext: initialization completed in 2157 ms"}
{"@timestamp":"2025-10-22T19:03:19.1379993+03:00","level":"INFO","thread_name":"Test worker","message":"HHH000204: Processing PersistenceUnitInfo [name: default]"}
{"@timestamp":"2025-10-22T19:03:19.1789984+03:00","level":"INFO","thread_name":"Test worker","message":"HHH000412: Hibernate ORM core version 6.6.26.Final"}
{"@timestamp":"2025-10-22T19:03:19.2026965+03:00","level":"INFO","thread_name":"Test worker","message":"HHH000026: Second-level cache disabled"}
{"@timestamp":"2025-10-22T19:03:19.4430178+03:00","level":"INFO","thread_name":"Test worker","message":"No LoadTimeWeaver setup: ignoring JPA class transformer"}
{"@timestamp":"2025-10-22T19:03:19.4666904+03:00","level":"INFO","thread_name":"Test worker","message":"HikariPool-1 - Starting..."}
{"@timestamp":"2025-10-22T19:03:19.5277842+03:00","level":"INFO","thread_name":"Test worker","message":"HikariPool-1 - Added connection org.postgresql.jdbc.PgConnection@ed110d6"}
{"@timestamp":"2025-10-22T19:03:19.5288214+03:00","level":"INFO","thread_name":"Test worker","message":"HikariPool-1 - Start completed."}
{"@timestamp":"2025-10-22T19:03:19.5753052+03:00","level":"INFO","thread_name":"Test worker","message":"HHH10001005: Database info:\n\tDatabase JDBC URL [Connecting through datasource 'HikariDataSource (HikariPool-1)']\n\tDatabase driver: undefined/unknown\n\tDatabase version: 12.3\n\tAutocommit mode: undefined/unknown\n\tIsolation level: undefined/unknown\n\tMinimum pool size: undefined/unknown\n\tMaximum pool size: undefined/unknown"}
{"@timestamp":"2025-10-22T19:03:20.1382653+03:00","level":"INFO","thread_name":"Test worker","message":"HHH000489: No JTA platform available (set 'hibernate.transaction.jta.platform' to enable JTA platform integration)"}
{"@timestamp":"2025-10-22T19:03:20.1749235+03:00","level":"INFO","thread_name":"Test worker","message":"Initialized JPA EntityManagerFactory for persistence unit 'default'"}
{"@timestamp":"2025-10-22T19:03:21.4848518+03:00","level":"WARN","thread_name":"Test worker","message":"spring.jpa.open-in-view is enabled by default. Therefore, database queries may be performed during view rendering. Explicitly configure spring.jpa.open-in-view to disable this warning"}
{"@timestamp":"2025-10-22T19:03:22.657105+03:00","level":"INFO","thread_name":"Test worker","message":"Initializing Spring TestDispatcherServlet ''"}
{"@timestamp":"2025-10-22T19:03:22.657105+03:00","level":"INFO","thread_name":"Test worker","message":"Initializing Servlet ''"}
{"@timestamp":"2025-10-22T19:03:22.6657077+03:00","level":"INFO","thread_name":"Test worker","message":"Exposing 1 endpoint beneath base path '/actuator'"}
{"@timestamp":"2025-10-22T19:03:22.6803233+03:00","level":"INFO","thread_name":"Test worker","message":"Completed initialization in 22 ms"}
{"@timestamp":"2025-10-22T19:03:23.8278369+03:00","level":"INFO","thread_name":"Test worker","message":"Cannot determine local hostname"}
{"@timestamp":"2025-10-22T19:03:23.8606819+03:00","level":"INFO","thread_name":"Test worker","message":"Eureka HTTP Client uses RestTemplate."}
{"@timestamp":"2025-10-22T19:03:23.9662129+03:00","level":"WARN","thread_name":"Test worker","message":"Spring Cloud LoadBalancer is currently working with the default cache. While this cache implementation is useful for development and tests, it's recommended to use Caffeine cache in production.You can switch to using Caffeine cache, by adding it and org.springframework.cache.caffeine.CaffeineCacheManager to the classpath."}
{"@timestamp":"2025-10-22T19:03:24.1181812+03:00","level":"INFO","thread_name":"Test worker","message":"Starting ProtocolHandler [\"http-nio-auto-1\"]"}
{"@timestamp":"2025-10-22T19:03:24.1261808+03:00","level":"INFO","thread_name":"Test worker","message":"Tomcat started on port 52041 (http) with context path '/'"}
{"@timestamp":"2025-10-22T19:03:25.2332978+03:00","level":"INFO","thread_name":"Test worker","message":"Cannot determine local hostname"}
{"@timestamp":"2025-10-22T19:03:25.269021+03:00","level":"INFO","thread_name":"Test worker","message":"Started DiscountServiceIntegrationTest in 10.987 seconds (process running for 14.133)"}
{"@timestamp":"2025-10-22T19:03:26.4768806+03:00","level":"INFO","thread_name":"SpringApplicationShutdownHook","message":"Commencing graceful shutdown. Waiting for active requests to complete"}
{"@timestamp":"2025-10-22T19:03:26.6670089+03:00","level":"INFO","thread_name":"tomcat-shutdown","message":"Graceful shutdown complete"}
{"@timestamp":"2025-10-22T19:03:26.6783656+03:00","level":"INFO","thread_name":"SpringApplicationShutdownHook","message":"Closing JPA EntityManagerFactory for persistence unit 'default'"}
{"@timestamp":"2025-10-22T19:03:26.6799639+03:00","level":"INFO","thread_name":"SpringApplicationShutdownHook","message":"HikariPool-1 - Shutdown initiated..."}
{"@timestamp":"2025-10-22T19:03:26.6816445+03:00","level":"INFO","thread_name":"SpringApplicationShutdownHook","message":"HikariPool-1 - Shutdown completed."}
{"@timestamp":"2025-10-22T19:03:38.822773+03:00","level":"INFO","thread_name":"Test worker","message":"Starting DiscountServiceIntegrationTest using Java 17.0.10 with PID 44516 (started by kirin in C:\\Users\\kirin\\IdeaProjects\\shop\\discount-api)"}
{"@timestamp":"2025-10-22T19:03:38.8237735+03:00","level":"INFO","thread_name":"Test worker","message":"The following 1 profile is active: \"test\""}
{"@timestamp":"2025-10-22T19:03:38.9621339+03:00","level":"INFO","thread_name":"Test worker","message":"Fetching config from server at : http://localhost:8888"}
{"@timestamp":"2025-10-22T19:03:38.9621339+03:00","level":"INFO","thread_name":"Test worker","message":"Exception on Url - http://localhost:8888:org.springframework.web.client.ResourceAccessException: I/O error on GET request for \"http://localhost:8888/discount-api/test\": Connection refused: no further information. Will be trying the next url if available"}
{"@timestamp":"2025-10-22T19:03:38.9621339+03:00","level":"WARN","thread_name":"Test worker","message":"Could not locate PropertySource ([ConfigServerConfigDataResource@53ea380b uris = array<String>['http://localhost:8888'], optional = true, profiles = 'test']): I/O error on GET request for \"http://localhost:8888/discount-api/test\": Connection refused: no further information"}
{"@timestamp":"2025-10-22T19:03:38.9621339+03:00","level":"INFO","thread_name":"Test worker","message":"Fetching config from server at : http://localhost:8888"}
{"@timestamp":"2025-10-22T19:03:38.9621339+03:00","level":"INFO","thread_name":"Test worker","message":"Exception on Url - http://localhost:8888:org.springframework.web.client.ResourceAccessException: I/O error on GET request for \"http://localhost:8888/discount-api/default\": Connection refused: no further information. Will be trying the next url if available"}
{"@timestamp":"2025-10-22T19:03:38.9621339+03:00","level":"WARN","thread_name":"Test worker","message":"Could not locate PropertySource ([ConfigServerConfigDataResource@578c3fd9 uris = array<String>['http://localhost:8888'], optional = true, profiles = 'default']): I/O error on GET request for \"http://localhost:8888/discount-api/default\": Connection refused: no further information"}
{"@timestamp":"2025-10-22T19:03:39.8522444+03:00","level":"INFO","thread_name":"Test worker","message":"Multiple Spring Data modules found, entering strict repository configuration mode"}
{"@timestamp":"2025-10-22T19:03:39.8541991+03:00","level":"INFO","thread_name":"Test worker","message":"Bootstrapping Spring Data JPA repositories in DEFAULT mode."}
{"@timestamp":"2025-10-22T19:03:39.985345+03:00","level":"INFO","thread_name":"Test worker","message":"Finished Spring Data repository scanning in 118 ms. Found 1 JPA repository interface."}
{"@timestamp":"2025-10-22T19:03:39.9999218+03:00","level":"INFO","thread_name":"Test worker","message":"Multiple Spring Data modules found, entering strict repository configuration mode"}
{"@timestamp":"2025-10-22T19:03:40.0025163+03:00","level":"INFO","thread_name":"Test worker","message":"Bootstrapping Spring Data Redis repositories in DEFAULT mode."}
{"@timestamp":"2025-10-22T19:03:40.0165441+03:00","level":"INFO","thread_name":"Test worker","message":"Spring Data Redis - Could not safely identify store assignment for repository candidate interface ru.innotech.discountapi.adapters.repository.DiscountRepository; If you want this repository to be a Redis repository, consider annotating your entities with one of these annotations: org.springframework.data.redis.core.RedisHash (preferred), or consider extending one of the following types with your repository: org.springframework.data.keyvalue.repository.KeyValueRepository"}
{"@timestamp":"2025-10-22T19:03:40.0165441+03:00","level":"INFO","thread_name":"Test worker","message":"Finished Spring Data repository scanning in 5 ms. Found 0 Redis repository interfaces."}
{"@timestamp":"2025-10-22T19:03:40.310982+03:00","level":"INFO","thread_name":"Test worker","message":"BeanFactory id=5f65a9f4-bb1b-3dad-b83f-2546f0139140"}
{"@timestamp":"2025-10-22T19:03:41.0784882+03:00","level":"INFO","thread_name":"Test worker","message":"Tomcat initialized with port 0 (http)"}
{"@timestamp":"2025-10-22T19:03:41.0874871+03:00","level":"INFO","thread_name":"Test worker","message":"Initializing ProtocolHandler [\"http-nio-auto-1\"]"}
{"@timestamp":"2025-10-22T19:03:41.0895122+03:00","level":"INFO","thread_name":"Test worker","message":"Starting service [Tomcat]"}
{"@timestamp":"2025-10-22T19:03:41.0895122+03:00","level":"INFO","thread_name":"Test worker","message":"Starting Servlet engine: [Apache Tomcat/10.1.44]"}
{"@timestamp":"2025-10-22T19:03:41.1754894+03:00","level":"INFO","thread_name":"Test worker","message":"Initializing Spring embedded WebApplicationContext"}
{"@timestamp":"2025-10-22T19:03:41.1754894+03:00","level":"INFO","thread_name":"Test worker","message":"Root WebApplicationContext: initialization completed in 2209 ms"}
{"@timestamp":"2025-10-22T19:03:41.866001+03:00","level":"INFO","thread_name":"Test worker","message":"HHH000204: Processing PersistenceUnitInfo [name: default]"}
{"@timestamp":"2025-10-22T19:03:41.9086926+03:00","level":"INFO","thread_name":"Test worker","message":"HHH000412: Hibernate ORM core version 6.6.26.Final"}
{"@timestamp":"2025-10-22T19:03:41.9326965+03:00","level":"INFO","thread_name":"Test worker","message":"HHH000026: Second-level cache disabled"}
{"@timestamp":"2025-10-22T19:03:42.131274+03:00","level":"INFO","thread_name":"Test worker","message":"No LoadTimeWeaver setup: ignoring JPA class transformer"}
{"@timestamp":"2025-10-22T19:03:42.154288+03:00","level":"INFO","thread_name":"Test worker","message":"HikariPool-1 - Starting..."}
{"@timestamp":"2025-10-22T19:03:42.2299418+03:00","level":"INFO","thread_name":"Test worker","message":"HikariPool-1 - Added connection org.postgresql.jdbc.PgConnection@5e18309e"}
{"@timestamp":"2025-10-22T19:03:42.2310486+03:00","level":"INFO","thread_name":"Test worker","message":"HikariPool-1 - Start completed."}
{"@timestamp":"2025-10-22T19:03:42.2789654+03:00","level":"INFO","thread_name":"Test worker","message":"HHH10001005: Database info:\n\tDatabase JDBC URL [Connecting through datasource 'HikariDataSource (HikariPool-1)']\n\tDatabase driver: undefined/unknown\n\tDatabase version: 12.3\n\tAutocommit mode: undefined/unknown\n\tIsolation level: undefined/unknown\n\tMinimum pool size: undefined/unknown\n\tMaximum pool size: undefined/unknown"}
{"@timestamp":"2025-10-22T19:03:42.8788332+03:00","level":"INFO","thread_name":"Test worker","message":"HHH000489: No JTA platform available (set 'hibernate.transaction.jta.platform' to enable JTA platform integration)"}
{"@timestamp":"2025-10-22T19:03:42.9124991+03:00","level":"INFO","thread_name":"Test worker","message":"Initialized JPA EntityManagerFactory for persistence unit 'default'"}
{"@timestamp":"2025-10-22T19:03:44.2223325+03:00","level":"WARN","thread_name":"Test worker","message":"spring.jpa.open-in-view is enabled by default. Therefore, database queries may be performed during view rendering. Explicitly configure spring.jpa.open-in-view to disable this warning"}
{"@timestamp":"2025-10-22T19:03:45.4335387+03:00","level":"INFO","thread_name":"Test worker","message":"Initializing Spring TestDispatcherServlet ''"}
{"@timestamp":"2025-10-22T19:03:45.4335387+03:00","level":"INFO","thread_name":"Test worker","message":"Initializing Servlet ''"}
{"@timestamp":"2025-10-22T19:03:45.4411155+03:00","level":"INFO","thread_name":"Test worker","message":"Exposing 1 endpoint beneath base path '/actuator'"}
{"@timestamp":"2025-10-22T19:03:45.4547056+03:00","level":"INFO","thread_name":"Test worker","message":"Completed initialization in 21 ms"}
{"@timestamp":"2025-10-22T19:03:46.5899353+03:00","level":"INFO","thread_name":"Test worker","message":"Cannot determine local hostname"}
{"@timestamp":"2025-10-22T19:03:46.6099771+03:00","level":"INFO","thread_name":"Test worker","message":"Eureka HTTP Client uses RestTemplate."}
{"@timestamp":"2025-10-22T19:03:46.6796448+03:00","level":"WARN","thread_name":"Test worker","message":"Spring Cloud LoadBalancer is currently working with the default cache. While this cache implementation is useful for development and tests, it's recommended to use Caffeine cache in production.You can switch to using Caffeine cache, by adding it and org.springframework.cache.caffeine.CaffeineCacheManager to the classpath."}
{"@timestamp":"2025-10-22T19:03:46.8168625+03:00","level":"INFO","thread_name":"Test worker","message":"Starting ProtocolHandler [\"http-nio-auto-1\"]"}
{"@timestamp":"2025-10-22T19:03:46.8278618+03:00","level":"INFO","thread_name":"Test worker","message":"Tomcat started on port 52076 (http) with context path '/'"}
{"@timestamp":"2025-10-22T19:03:47.9313525+03:00","level":"INFO","thread_name":"Test worker","message":"Cannot determine local hostname"}
{"@timestamp":"2025-10-22T19:03:47.9471041+03:00","level":"INFO","thread_name":"Test worker","message":"Started DiscountServiceIntegrationTest in 11.028 seconds (process running for 14.093)"}
{"@timestamp":"2025-10-22T19:03:49.0859826+03:00","level":"INFO","thread_name":"SpringApplicationShutdownHook","message":"Commencing graceful shutdown. Waiting for active requests to complete"}
{"@timestamp":"2025-10-22T19:03:49.3009377+03:00","level":"INFO","thread_name":"tomcat-shutdown","message":"Graceful shutdown complete"}
{"@timestamp":"2025-10-22T19:03:49.3069386+03:00","level":"INFO","thread_name":"SpringApplicationShutdownHook","message":"Closing JPA EntityManagerFactory for persistence unit 'default'"}
{"@timestamp":"2025-10-22T19:03:49.3089387+03:00","level":"INFO","thread_name":"SpringApplicationShutdownHook","message":"HikariPool-1 - Shutdown initiated..."}
{"@timestamp":"2025-10-22T19:03:49.3099378+03:00","level":"INFO","thread_name":"SpringApplicationShutdownHook","message":"HikariPool-1 - Shutdown completed."}
{"@timestamp":"2025-10-22T19:03:59.1234805+03:00","level":"INFO","thread_name":"Test worker","message":"Starting DiscountServiceIntegrationTest using Java 17.0.10 with PID 27956 (started by kirin in C:\\Users\\kirin\\IdeaProjects\\shop\\discount-api)"}
{"@timestamp":"2025-10-22T19:03:59.1234805+03:00","level":"INFO","thread_name":"Test worker","message":"The following 1 profile is active: \"test\""}
{"@timestamp":"2025-10-22T19:03:59.2680546+03:00","level":"INFO","thread_name":"Test worker","message":"Fetching config from server at : http://localhost:8888"}
{"@timestamp":"2025-10-22T19:03:59.2680546+03:00","level":"INFO","thread_name":"Test worker","message":"Exception on Url - http://localhost:8888:org.springframework.web.client.ResourceAccessException: I/O error on GET request for \"http://localhost:8888/discount-api/test\": Connection refused: no further information. Will be trying the next url if available"}
{"@timestamp":"2025-10-22T19:03:59.2680546+03:00","level":"WARN","thread_name":"Test worker","message":"Could not locate PropertySource ([ConfigServerConfigDataResource@125f16b2 uris = array<String>['http://localhost:8888'], optional = true, profiles = 'test']): I/O error on GET request for \"http://localhost:8888/discount-api/test\": Connection refused: no further information"}
{"@timestamp":"2025-10-22T19:03:59.2680546+03:00","level":"INFO","thread_name":"Test worker","message":"Fetching config from server at : http://localhost:8888"}
{"@timestamp":"2025-10-22T19:03:59.2680546+03:00","level":"INFO","thread_name":"Test worker","message":"Exception on Url - http://localhost:8888:org.springframework.web.client.ResourceAccessException: I/O error on GET request for \"http://localhost:8888/discount-api/default\": Connection refused: no further information. Will be trying the next url if available"}
{"@timestamp":"2025-10-22T19:03:59.2680546+03:00","level":"WARN","thread_name":"Test worker","message":"Could not locate PropertySource ([ConfigServerConfigDataResource@5384ce66 uris = array<String>['http://localhost:8888'], optional = true, profiles = 'default']): I/O error on GET request for \"http://localhost:8888/discount-api/default\": Connection refused: no further information"}
{"@timestamp":"2025-10-22T19:04:00.3009237+03:00","level":"INFO","thread_name":"Test worker","message":"Multiple Spring Data modules found, entering strict repository configuration mode"}
{"@timestamp":"2025-10-22T19:04:00.3029243+03:00","level":"INFO","thread_name":"Test worker","message":"Bootstrapping Spring Data JPA repositories in DEFAULT mode."}
{"@timestamp":"2025-10-22T19:04:00.445751+03:00","level":"INFO","thread_name":"Test worker","message":"Finished Spring Data repository scanning in 132 ms. Found 1 JPA repository interface."}
{"@timestamp":"2025-10-22T19:04:00.457851+03:00","level":"INFO","thread_name":"Test worker","message":"Multiple Spring Data modules found, entering strict repository configuration mode"}
{"@timestamp":"2025-10-22T19:04:00.4588499+03:00","level":"INFO","thread_name":"Test worker","message":"Bootstrapping Spring Data Redis repositories in DEFAULT mode."}
{"@timestamp":"2025-10-22T19:04:00.4718468+03:00","level":"INFO","thread_name":"Test worker","message":"Spring Data Redis - Could not safely identify store assignment for repository candidate interface ru.innotech.discountapi.adapters.repository.DiscountRepository; If you want this repository to be a Redis repository, consider annotating your entities with one of these annotations: org.springframework.data.redis.core.RedisHash (preferred), or consider extending one of the following types with your repository: org.springframework.data.keyvalue.repository.KeyValueRepository"}
{"@timestamp":"2025-10-22T19:04:00.4718468+03:00","level":"INFO","thread_name":"Test worker","message":"Finished Spring Data repository scanning in 5 ms. Found 0 Redis repository interfaces."}
{"@timestamp":"2025-10-22T19:04:00.7658084+03:00","level":"INFO","thread_name":"Test worker","message":"BeanFactory id=5f65a9f4-bb1b-3dad-b83f-2546f0139140"}
{"@timestamp":"2025-10-22T19:04:01.592797+03:00","level":"INFO","thread_name":"Test worker","message":"Tomcat initialized with port 0 (http)"}
{"@timestamp":"2025-10-22T19:04:01.6057952+03:00","level":"INFO","thread_name":"Test worker","message":"Initializing ProtocolHandler [\"http-nio-auto-1\"]"}
{"@timestamp":"2025-10-22T19:04:01.6077958+03:00","level":"INFO","thread_name":"Test worker","message":"Starting service [Tomcat]"}
{"@timestamp":"2025-10-22T19:04:01.6077958+03:00","level":"INFO","thread_name":"Test worker","message":"Starting Servlet engine: [Apache Tomcat/10.1.44]"}
{"@timestamp":"2025-10-22T19:04:01.6940707+03:00","level":"INFO","thread_name":"Test worker","message":"Initializing Spring embedded WebApplicationContext"}
{"@timestamp":"2025-10-22T19:04:01.6940707+03:00","level":"INFO","thread_name":"Test worker","message":"Root WebApplicationContext: initialization completed in 2422 ms"}
{"@timestamp":"2025-10-22T19:04:02.3742767+03:00","level":"INFO","thread_name":"Test worker","message":"HHH000204: Processing PersistenceUnitInfo [name: default]"}
{"@timestamp":"2025-10-22T19:04:02.4172856+03:00","level":"INFO","thread_name":"Test worker","message":"HHH000412: Hibernate ORM core version 6.6.26.Final"}
{"@timestamp":"2025-10-22T19:04:02.4442903+03:00","level":"INFO","thread_name":"Test worker","message":"HHH000026: Second-level cache disabled"}
{"@timestamp":"2025-10-22T19:04:02.6592712+03:00","level":"INFO","thread_name":"Test worker","message":"No LoadTimeWeaver setup: ignoring JPA class transformer"}
{"@timestamp":"2025-10-22T19:04:02.7027816+03:00","level":"INFO","thread_name":"Test worker","message":"HikariPool-1 - Starting..."}
{"@timestamp":"2025-10-22T19:04:02.7732909+03:00","level":"INFO","thread_name":"Test worker","message":"HikariPool-1 - Added connection org.postgresql.jdbc.PgConnection@40ee664c"}
{"@timestamp":"2025-10-22T19:04:02.7755726+03:00","level":"INFO","thread_name":"Test worker","message":"HikariPool-1 - Start completed."}
{"@timestamp":"2025-10-22T19:04:02.8253468+03:00","level":"INFO","thread_name":"Test worker","message":"HHH10001005: Database info:\n\tDatabase JDBC URL [Connecting through datasource 'HikariDataSource (HikariPool-1)']\n\tDatabase driver: undefined/unknown\n\tDatabase version: 12.3\n\tAutocommit mode: undefined/unknown\n\tIsolation level: undefined/unknown\n\tMinimum pool size: undefined/unknown\n\tMaximum pool size: undefined/unknown"}
{"@timestamp":"2025-10-22T19:04:03.4013387+03:00","level":"INFO","thread_name":"Test worker","message":"HHH000489: No JTA platform available (set 'hibernate.transaction.jta.platform' to enable JTA platform integration)"}
{"@timestamp":"2025-10-22T19:04:03.4440547+03:00","level":"INFO","thread_name":"Test worker","message":"Initialized JPA EntityManagerFactory for persistence unit 'default'"}
{"@timestamp":"2025-10-22T19:04:04.9128231+03:00","level":"WARN","thread_name":"Test worker","message":"spring.jpa.open-in-view is enabled by default. Therefore, database queries may be performed during view rendering. Explicitly configure spring.jpa.open-in-view to disable this warning"}
{"@timestamp":"2025-10-22T19:04:06.118401+03:00","level":"INFO","thread_name":"Test worker","message":"Initializing Spring TestDispatcherServlet ''"}
{"@timestamp":"2025-10-22T19:04:06.1193742+03:00","level":"INFO","thread_name":"Test worker","message":"Initializing Servlet ''"}
{"@timestamp":"2025-10-22T19:04:06.128368+03:00","level":"INFO","thread_name":"Test worker","message":"Exposing 1 endpoint beneath base path '/actuator'"}
{"@timestamp":"2025-10-22T19:04:06.1433694+03:00","level":"INFO","thread_name":"Test worker","message":"Completed initialization in 23 ms"}
{"@timestamp":"2025-10-22T19:04:07.2617354+03:00","level":"INFO","thread_name":"Test worker","message":"Cannot determine local hostname"}
{"@timestamp":"2025-10-22T19:04:07.2962916+03:00","level":"INFO","thread_name":"Test worker","message":"Eureka HTTP Client uses RestTemplate."}
{"@timestamp":"2025-10-22T19:04:07.3723274+03:00","level":"WARN","thread_name":"Test worker","message":"Spring Cloud LoadBalancer is currently working with the default cache. While this cache implementation is useful for development and tests, it's recommended to use Caffeine cache in production.You can switch to using Caffeine cache, by adding it and org.springframework.cache.caffeine.CaffeineCacheManager to the classpath."}
{"@timestamp":"2025-10-22T19:04:07.5271801+03:00","level":"INFO","thread_name":"Test worker","message":"Starting ProtocolHandler [\"http-nio-auto-1\"]"}
{"@timestamp":"2025-10-22T19:04:07.5341627+03:00","level":"INFO","thread_name":"Test worker","message":"Tomcat started on port 52108 (http) with context path '/'"}
{"@timestamp":"2025-10-22T19:04:08.6428327+03:00","level":"INFO","thread_name":"Test worker","message":"Cannot determine local hostname"}
{"@timestamp":"2025-10-22T19:04:08.6703238+03:00","level":"INFO","thread_name":"Test worker","message":"Started DiscountServiceIntegrationTest in 11.387 seconds (process running for 14.512)"}
{"@timestamp":"2025-10-22T19:04:09.8204356+03:00","level":"INFO","thread_name":"SpringApplicationShutdownHook","message":"Commencing graceful shutdown. Waiting for active requests to complete"}
{"@timestamp":"2025-10-22T19:04:10.0381665+03:00","level":"INFO","thread_name":"tomcat-shutdown","message":"Graceful shutdown complete"}
{"@timestamp":"2025-10-22T19:04:10.0774531+03:00","level":"INFO","thread_name":"SpringApplicationShutdownHook","message":"Closing JPA EntityManagerFactory for persistence unit 'default'"}
{"@timestamp":"2025-10-22T19:04:10.0794792+03:00","level":"INFO","thread_name":"SpringApplicationShutdownHook","message":"HikariPool-1 - Shutdown initiated..."}
{"@timestamp":"2025-10-22T19:04:10.081453+03:00","level":"INFO","thread_name":"SpringApplicationShutdownHook","message":"HikariPool-1 - Shutdown completed."}
{"@timestamp":"2025-10-22T19:04:21.6543705+03:00","level":"INFO","thread_name":"Test worker","message":"Starting DiscountServiceIntegrationTest using Java 17.0.10 with PID 39852 (started by kirin in C:\\Users\\kirin\\IdeaProjects\\shop\\discount-api)"}
{"@timestamp":"2025-10-22T19:04:21.6553688+03:00","level":"INFO","thread_name":"Test worker","message":"The following 1 profile is active: \"test\""}
{"@timestamp":"2025-10-22T19:04:21.8152872+03:00","level":"INFO","thread_name":"Test worker","message":"Fetching config from server at : http://localhost:8888"}
{"@timestamp":"2025-10-22T19:04:21.8152872+03:00","level":"INFO","thread_name":"Test worker","message":"Exception on Url - http://localhost:8888:org.springframework.web.client.ResourceAccessException: I/O error on GET request for \"http://localhost:8888/discount-api/test\": Connection refused: no further information. Will be trying the next url if available"}
{"@timestamp":"2025-10-22T19:04:21.8152872+03:00","level":"WARN","thread_name":"Test worker","message":"Could not locate PropertySource ([ConfigServerConfigDataResource@125f16b2 uris = array<String>['http://localhost:8888'], optional = true, profiles = 'test']): I/O error on GET request for \"http://localhost:8888/discount-api/test\": Connection refused: no further information"}
{"@timestamp":"2025-10-22T19:04:21.8152872+03:00","level":"INFO","thread_name":"Test worker","message":"Fetching config from server at : http://localhost:8888"}
{"@timestamp":"2025-10-22T19:04:21.8152872+03:00","level":"INFO","thread_name":"Test worker","message":"Exception on Url - http://localhost:8888:org.springframework.web.client.ResourceAccessException: I/O error on GET request for \"http://localhost:8888/discount-api/default\": Connection refused: no further information. Will be trying the next url if available"}
{"@timestamp":"2025-10-22T19:04:21.8152872+03:00","level":"WARN","thread_name":"Test worker","message":"Could not locate PropertySource ([ConfigServerConfigDataResource@5384ce66 uris = array<String>['http://localhost:8888'], optional = true, profiles = 'default']): I/O error on GET request for \"http://localhost:8888/discount-api/default\": Connection refused: no further information"}
{"@timestamp":"2025-10-22T19:04:22.862355+03:00","level":"INFO","thread_name":"Test worker","message":"Multiple Spring Data modules found, entering strict repository configuration mode"}
{"@timestamp":"2025-10-22T19:04:22.8639468+03:00","level":"INFO","thread_name":"Test worker","message":"Bootstrapping Spring Data JPA repositories in DEFAULT mode."}
{"@timestamp":"2025-10-22T19:04:22.994942+03:00","level":"INFO","thread_name":"Test worker","message":"Finished Spring Data repository scanning in 122 ms. Found 1 JPA repository interface."}
{"@timestamp":"2025-10-22T19:04:23.0085363+03:00","level":"INFO","thread_name":"Test worker","message":"Multiple Spring Data modules found, entering strict repository configuration mode"}
{"@timestamp":"2025-10-22T19:04:23.0095977+03:00","level":"INFO","thread_name":"Test worker","message":"Bootstrapping Spring Data Redis repositories in DEFAULT mode."}
{"@timestamp":"2025-10-22T19:04:23.0223548+03:00","level":"INFO","thread_name":"Test worker","message":"Spring Data Redis - Could not safely identify store assignment for repository candidate interface ru.innotech.discountapi.adapters.repository.DiscountRepository; If you want this repository to be a Redis repository, consider annotating your entities with one of these annotations: org.springframework.data.redis.core.RedisHash (preferred), or consider extending one of the following types with your repository: org.springframework.data.keyvalue.repository.KeyValueRepository"}
{"@timestamp":"2025-10-22T19:04:23.0223548+03:00","level":"INFO","thread_name":"Test worker","message":"Finished Spring Data repository scanning in 4 ms. Found 0 Redis repository interfaces."}
{"@timestamp":"2025-10-22T19:04:23.3134495+03:00","level":"INFO","thread_name":"Test worker","message":"BeanFactory id=5f65a9f4-bb1b-3dad-b83f-2546f0139140"}
{"@timestamp":"2025-10-22T19:04:24.0647917+03:00","level":"INFO","thread_name":"Test worker","message":"Tomcat initialized with port 0 (http)"}
{"@timestamp":"2025-10-22T19:04:24.0807701+03:00","level":"INFO","thread_name":"Test worker","message":"Initializing ProtocolHandler [\"http-nio-auto-1\"]"}
{"@timestamp":"2025-10-22T19:04:24.0847664+03:00","level":"INFO","thread_name":"Test worker","message":"Starting service [Tomcat]"}
{"@timestamp":"2025-10-22T19:04:24.0858201+03:00","level":"INFO","thread_name":"Test worker","message":"Starting Servlet engine: [Apache Tomcat/10.1.44]"}
{"@timestamp":"2025-10-22T19:04:24.1753907+03:00","level":"INFO","thread_name":"Test worker","message":"Initializing Spring embedded WebApplicationContext"}
{"@timestamp":"2025-10-22T19:04:24.1753907+03:00","level":"INFO","thread_name":"Test worker","message":"Root WebApplicationContext: initialization completed in 2355 ms"}
{"@timestamp":"2025-10-22T19:04:24.7961054+03:00","level":"INFO","thread_name":"Test worker","message":"HHH000204: Processing PersistenceUnitInfo [name: default]"}
{"@timestamp":"2025-10-22T19:04:24.8418897+03:00","level":"INFO","thread_name":"Test worker","message":"HHH000412: Hibernate ORM core version 6.6.26.Final"}
{"@timestamp":"2025-10-22T19:04:24.8659693+03:00","level":"INFO","thread_name":"Test worker","message":"HHH000026: Second-level cache disabled"}
{"@timestamp":"2025-10-22T19:04:25.1058869+03:00","level":"INFO","thread_name":"Test worker","message":"No LoadTimeWeaver setup: ignoring JPA class transformer"}
{"@timestamp":"2025-10-22T19:04:25.1299176+03:00","level":"INFO","thread_name":"Test worker","message":"HikariPool-1 - Starting..."}
{"@timestamp":"2025-10-22T19:04:25.1896151+03:00","level":"INFO","thread_name":"Test worker","message":"HikariPool-1 - Added connection org.postgresql.jdbc.PgConnection@3f44295"}
{"@timestamp":"2025-10-22T19:04:25.1901383+03:00","level":"INFO","thread_name":"Test worker","message":"HikariPool-1 - Start completed."}
{"@timestamp":"2025-10-22T19:04:25.237614+03:00","level":"INFO","thread_name":"Test worker","message":"HHH10001005: Database info:\n\tDatabase JDBC URL [Connecting through datasource 'HikariDataSource (HikariPool-1)']\n\tDatabase driver: undefined/unknown\n\tDatabase version: 12.3\n\tAutocommit mode: undefined/unknown\n\tIsolation level: undefined/unknown\n\tMinimum pool size: undefined/unknown\n\tMaximum pool size: undefined/unknown"}
{"@timestamp":"2025-10-22T19:04:25.8231403+03:00","level":"INFO","thread_name":"Test worker","message":"HHH000489: No JTA platform available (set 'hibernate.transaction.jta.platform' to enable JTA platform integration)"}
{"@timestamp":"2025-10-22T19:04:25.8588933+03:00","level":"INFO","thread_name":"Test worker","message":"Initialized JPA EntityManagerFactory for persistence unit 'default'"}
{"@timestamp":"2025-10-22T19:04:27.2049535+03:00","level":"WARN","thread_name":"Test worker","message":"spring.jpa.open-in-view is enabled by default. Therefore, database queries may be performed during view rendering. Explicitly configure spring.jpa.open-in-view to disable this warning"}
{"@timestamp":"2025-10-22T19:04:28.4307332+03:00","level":"INFO","thread_name":"Test worker","message":"Initializing Spring TestDispatcherServlet ''"}
{"@timestamp":"2025-10-22T19:04:28.4307332+03:00","level":"INFO","thread_name":"Test worker","message":"Initializing Servlet ''"}
{"@timestamp":"2025-10-22T19:04:28.437702+03:00","level":"INFO","thread_name":"Test worker","message":"Exposing 1 endpoint beneath base path '/actuator'"}
{"@timestamp":"2025-10-22T19:04:28.4556903+03:00","level":"INFO","thread_name":"Test worker","message":"Completed initialization in 25 ms"}
{"@timestamp":"2025-10-22T19:04:29.5797855+03:00","level":"INFO","thread_name":"Test worker","message":"Cannot determine local hostname"}
{"@timestamp":"2025-10-22T19:04:29.6051669+03:00","level":"INFO","thread_name":"Test worker","message":"Eureka HTTP Client uses RestTemplate."}
{"@timestamp":"2025-10-22T19:04:29.6698529+03:00","level":"WARN","thread_name":"Test worker","message":"Spring Cloud LoadBalancer is currently working with the default cache. While this cache implementation is useful for development and tests, it's recommended to use Caffeine cache in production.You can switch to using Caffeine cache, by adding it and org.springframework.cache.caffeine.CaffeineCacheManager to the classpath."}
{"@timestamp":"2025-10-22T19:04:29.8150304+03:00","level":"INFO","thread_name":"Test worker","message":"Starting ProtocolHandler [\"http-nio-auto-1\"]"}
{"@timestamp":"2025-10-22T19:04:29.8250324+03:00","level":"INFO","thread_name":"Test worker","message":"Tomcat started on port 52142 (http) with context path '/'"}
{"@timestamp":"2025-10-22T19:04:30.9317853+03:00","level":"INFO","thread_name":"Test worker","message":"Cannot determine local hostname"}
{"@timestamp":"2025-10-22T19:04:30.961338+03:00","level":"INFO","thread_name":"Test worker","message":"Started DiscountServiceIntegrationTest in 11.162 seconds (process running for 14.347)"}
{"@timestamp":"2025-10-22T19:04:32.1502413+03:00","level":"INFO","thread_name":"SpringApplicationShutdownHook","message":"Commencing graceful shutdown. Waiting for active requests to complete"}
{"@timestamp":"2025-10-22T19:04:32.335881+03:00","level":"INFO","thread_name":"tomcat-shutdown","message":"Graceful shutdown complete"}
{"@timestamp":"2025-10-22T19:04:32.353181+03:00","level":"INFO","thread_name":"SpringApplicationShutdownHook","message":"Closing JPA EntityManagerFactory for persistence unit 'default'"}
{"@timestamp":"2025-10-22T19:04:32.3542425+03:00","level":"INFO","thread_name":"SpringApplicationShutdownHook","message":"HikariPool-1 - Shutdown initiated..."}
{"@timestamp":"2025-10-22T19:04:32.3558261+03:00","level":"INFO","thread_name":"SpringApplicationShutdownHook","message":"HikariPool-1 - Shutdown completed."}
{"@timestamp":"2025-10-22T19:05:26.2424668+03:00","level":"INFO","thread_name":"Test worker","message":"Starting DiscountServiceIntegrationTest using Java 17.0.10 with PID 27956 (started by kirin in C:\\Users\\kirin\\IdeaProjects\\shop\\discount-api)"}
{"@timestamp":"2025-10-22T19:05:26.2424668+03:00","level":"INFO","thread_name":"Test worker","message":"The following 1 profile is active: \"test\""}
{"@timestamp":"2025-10-22T19:05:26.3950912+03:00","level":"INFO","thread_name":"Test worker","message":"Fetching config from server at : http://localhost:8888"}
{"@timestamp":"2025-10-22T19:05:26.3950912+03:00","level":"INFO","thread_name":"Test worker","message":"Exception on Url - http://localhost:8888:org.springframework.web.client.ResourceAccessException: I/O error on GET request for \"http://localhost:8888/discount-api/test\": Connection refused: no further information. Will be trying the next url if available"}
{"@timestamp":"2025-10-22T19:05:26.3950912+03:00","level":"WARN","thread_name":"Test worker","message":"Could not locate PropertySource ([ConfigServerConfigDataResource@125f16b2 uris = array<String>['http://localhost:8888'], optional = true, profiles = 'test']): I/O error on GET request for \"http://localhost:8888/discount-api/test\": Connection refused: no further information"}
{"@timestamp":"2025-10-22T19:05:26.3950912+03:00","level":"INFO","thread_name":"Test worker","message":"Fetching config from server at : http://localhost:8888"}
{"@timestamp":"2025-10-22T19:05:26.3950912+03:00","level":"INFO","thread_name":"Test worker","message":"Exception on Url - http://localhost:8888:org.springframework.web.client.ResourceAccessException: I/O error on GET request for \"http://localhost:8888/discount-api/default\": Connection refused: no further information. Will be trying the next url if available"}
{"@timestamp":"2025-10-22T19:05:26.3950912+03:00","level":"WARN","thread_name":"Test worker","message":"Could not locate PropertySource ([ConfigServerConfigDataResource@5384ce66 uris = array<String>['http://localhost:8888'], optional = true, profiles = 'default']): I/O error on GET request for \"http://localhost:8888/discount-api/default\": Connection refused: no further information"}
{"@timestamp":"2025-10-22T19:05:27.3549964+03:00","level":"INFO","thread_name":"Test worker","message":"Multiple Spring Data modules found, entering strict repository configuration mode"}
{"@timestamp":"2025-10-22T19:05:27.3579975+03:00","level":"INFO","thread_name":"Test worker","message":"Bootstrapping Spring Data JPA repositories in DEFAULT mode."}
{"@timestamp":"2025-10-22T19:05:27.476711+03:00","level":"INFO","thread_name":"Test worker","message":"Finished Spring Data repository scanning in 106 ms. Found 1 JPA repository interface."}
{"@timestamp":"2025-10-22T19:05:27.4876827+03:00","level":"INFO","thread_name":"Test worker","message":"Multiple Spring Data modules found, entering strict repository configuration mode"}
{"@timestamp":"2025-10-22T19:05:27.4896814+03:00","level":"INFO","thread_name":"Test worker","message":"Bootstrapping Spring Data Redis repositories in DEFAULT mode."}
{"@timestamp":"2025-10-22T19:05:27.5037191+03:00","level":"INFO","thread_name":"Test worker","message":"Spring Data Redis - Could not safely identify store assignment for repository candidate interface ru.innotech.discountapi.adapters.repository.DiscountRepository; If you want this repository to be a Redis repository, consider annotating your entities with one of these annotations: org.springframework.data.redis.core.RedisHash (preferred), or consider extending one of the following types with your repository: org.springframework.data.keyvalue.repository.KeyValueRepository"}
{"@timestamp":"2025-10-22T19:05:27.5037191+03:00","level":"INFO","thread_name":"Test worker","message":"Finished Spring Data repository scanning in 5 ms. Found 0 Redis repository interfaces."}
{"@timestamp":"2025-10-22T19:05:27.8198962+03:00","level":"INFO","thread_name":"Test worker","message":"BeanFactory id=06f01438-587a-303b-a2d0-54e46c391792"}
{"@timestamp":"2025-10-22T19:05:28.482242+03:00","level":"INFO","thread_name":"Test worker","message":"Tomcat initialized with port 0 (http)"}
{"@timestamp":"2025-10-22T19:05:28.49325+03:00","level":"INFO","thread_name":"Test worker","message":"Initializing ProtocolHandler [\"http-nio-auto-1\"]"}
{"@timestamp":"2025-10-22T19:05:28.4942433+03:00","level":"INFO","thread_name":"Test worker","message":"Starting service [Tomcat]"}
{"@timestamp":"2025-10-22T19:05:28.4942433+03:00","level":"INFO","thread_name":"Test worker","message":"Starting Servlet engine: [Apache Tomcat/10.1.44]"}
{"@timestamp":"2025-10-22T19:05:28.5618408+03:00","level":"INFO","thread_name":"Test worker","message":"Initializing Spring embedded WebApplicationContext"}
{"@timestamp":"2025-10-22T19:05:28.5618408+03:00","level":"INFO","thread_name":"Test worker","message":"Root WebApplicationContext: initialization completed in 2162 ms"}
{"@timestamp":"2025-10-22T19:05:29.6649899+03:00","level":"INFO","thread_name":"Test worker","message":"HHH000204: Processing PersistenceUnitInfo [name: default]"}
{"@timestamp":"2025-10-22T19:05:29.7400601+03:00","level":"INFO","thread_name":"Test worker","message":"HHH000412: Hibernate ORM core version 6.6.26.Final"}
{"@timestamp":"2025-10-22T19:05:29.772768+03:00","level":"INFO","thread_name":"Test worker","message":"HHH000026: Second-level cache disabled"}
{"@timestamp":"2025-10-22T19:05:29.9740732+03:00","level":"INFO","thread_name":"Test worker","message":"No LoadTimeWeaver setup: ignoring JPA class transformer"}
{"@timestamp":"2025-10-22T19:05:29.9981008+03:00","level":"INFO","thread_name":"Test worker","message":"HikariPool-1 - Starting..."}
{"@timestamp":"2025-10-22T19:05:30.0614849+03:00","level":"INFO","thread_name":"Test worker","message":"HikariPool-1 - Added connection org.postgresql.jdbc.PgConnection@56c278bf"}
{"@timestamp":"2025-10-22T19:05:30.0625257+03:00","level":"INFO","thread_name":"Test worker","message":"HikariPool-1 - Start completed."}
{"@timestamp":"2025-10-22T19:05:30.1273442+03:00","level":"INFO","thread_name":"Test worker","message":"HHH10001005: Database info:\n\tDatabase JDBC URL [Connecting through datasource 'HikariDataSource (HikariPool-1)']\n\tDatabase driver: undefined/unknown\n\tDatabase version: 12.3\n\tAutocommit mode: undefined/unknown\n\tIsolation level: undefined/unknown\n\tMinimum pool size: undefined/unknown\n\tMaximum pool size: undefined/unknown"}
{"@timestamp":"2025-10-22T19:05:30.7091751+03:00","level":"INFO","thread_name":"Test worker","message":"HHH000489: No JTA platform available (set 'hibernate.transaction.jta.platform' to enable JTA platform integration)"}
{"@timestamp":"2025-10-22T19:05:30.7505507+03:00","level":"INFO","thread_name":"Test worker","message":"Initialized JPA EntityManagerFactory for persistence unit 'default'"}
{"@timestamp":"2025-10-22T19:05:31.7106925+03:00","level":"WARN","thread_name":"Test worker","message":"spring.jpa.open-in-view is enabled by default. Therefore, database queries may be performed during view rendering. Explicitly configure spring.jpa.open-in-view to disable this warning"}
{"@timestamp":"2025-10-22T19:05:33.0083258+03:00","level":"INFO","thread_name":"Test worker","message":"Initializing Spring TestDispatcherServlet ''"}
{"@timestamp":"2025-10-22T19:05:33.0083258+03:00","level":"INFO","thread_name":"Test worker","message":"Initializing Servlet ''"}
{"@timestamp":"2025-10-22T19:05:33.0156456+03:00","level":"INFO","thread_name":"Test worker","message":"Exposing 1 endpoint beneath base path '/actuator'"}
{"@timestamp":"2025-10-22T19:05:33.0325088+03:00","level":"INFO","thread_name":"Test worker","message":"Completed initialization in 24 ms"}
{"@timestamp":"2025-10-22T19:05:34.1664702+03:00","level":"INFO","thread_name":"Test worker","message":"Cannot determine local hostname"}
{"@timestamp":"2025-10-22T19:05:34.2004633+03:00","level":"INFO","thread_name":"Test worker","message":"Eureka HTTP Client uses RestTemplate."}
{"@timestamp":"2025-10-22T19:05:34.3414157+03:00","level":"WARN","thread_name":"Test worker","message":"Spring Cloud LoadBalancer is currently working with the default cache. While this cache implementation is useful for development and tests, it's recommended to use Caffeine cache in production.You can switch to using Caffeine cache, by adding it and org.springframework.cache.caffeine.CaffeineCacheManager to the classpath."}
{"@timestamp":"2025-10-22T19:05:34.5279342+03:00","level":"INFO","thread_name":"Test worker","message":"Starting ProtocolHandler [\"http-nio-auto-1\"]"}
{"@timestamp":"2025-10-22T19:05:34.537933+03:00","level":"INFO","thread_name":"Test worker","message":"Tomcat started on port 52184 (http) with context path '/'"}
{"@timestamp":"2025-10-22T19:05:35.649852+03:00","level":"INFO","thread_name":"Test worker","message":"Cannot determine local hostname"}
{"@timestamp":"2025-10-22T19:05:35.6666831+03:00","level":"INFO","thread_name":"Test worker","message":"Started DiscountServiceIntegrationTest in 11.275 seconds (process running for 14.414)"}
{"@timestamp":"2025-10-22T19:05:35.7044528+03:00","level":"WARN","thread_name":"Test worker","message":"Caught exception while allowing TestExecutionListener [org.springframework.test.context.support.DependencyInjectionTestExecutionListener] to prepare test instance [ru.innotech.discountapi.core.service.DiscountServiceIntegrationTest@504b0a70]"}
{"@timestamp":"2025-10-22T19:05:36.2050157+03:00","level":"INFO","thread_name":"SpringApplicationShutdownHook","message":"Commencing graceful shutdown. Waiting for active requests to complete"}
{"@timestamp":"2025-10-22T19:05:36.4367621+03:00","level":"INFO","thread_name":"tomcat-shutdown","message":"Graceful shutdown complete"}
{"@timestamp":"2025-10-22T19:05:36.4454877+03:00","level":"INFO","thread_name":"SpringApplicationShutdownHook","message":"Closing JPA EntityManagerFactory for persistence unit 'default'"}
{"@timestamp":"2025-10-22T19:05:36.4465368+03:00","level":"INFO","thread_name":"SpringApplicationShutdownHook","message":"HikariPool-1 - Shutdown initiated..."}
{"@timestamp":"2025-10-22T19:05:36.4481395+03:00","level":"INFO","thread_name":"SpringApplicationShutdownHook","message":"HikariPool-1 - Shutdown completed."}
{"@timestamp":"2025-10-22T19:06:08.9781479+03:00","level":"INFO","thread_name":"Test worker","message":"Starting DiscountServiceIntegrationTest using Java 17.0.10 with PID 34676 (started by kirin in C:\\Users\\kirin\\IdeaProjects\\shop\\discount-api)"}
{"@timestamp":"2025-10-22T19:06:08.9781479+03:00","level":"INFO","thread_name":"Test worker","message":"The following 1 profile is active: \"test\""}
{"@timestamp":"2025-10-22T19:06:09.1220514+03:00","level":"INFO","thread_name":"Test worker","message":"Fetching config from server at : http://localhost:8888"}
{"@timestamp":"2025-10-22T19:06:09.1220514+03:00","level":"INFO","thread_name":"Test worker","message":"Exception on Url - http://localhost:8888:org.springframework.web.client.ResourceAccessException: I/O error on GET request for \"http://localhost:8888/discount-api/test\": Connection refused: no further information. Will be trying the next url if available"}
{"@timestamp":"2025-10-22T19:06:09.1230519+03:00","level":"WARN","thread_name":"Test worker","message":"Could not locate PropertySource ([ConfigServerConfigDataResource@61b60600 uris = array<String>['http://localhost:8888'], optional = true, profiles = 'test']): I/O error on GET request for \"http://localhost:8888/discount-api/test\": Connection refused: no further information"}
{"@timestamp":"2025-10-22T19:06:09.1230519+03:00","level":"INFO","thread_name":"Test worker","message":"Fetching config from server at : http://localhost:8888"}
{"@timestamp":"2025-10-22T19:06:09.1230519+03:00","level":"INFO","thread_name":"Test worker","message":"Exception on Url - http://localhost:8888:org.springframework.web.client.ResourceAccessException: I/O error on GET request for \"http://localhost:8888/discount-api/default\": Connection refused: no further information. Will be trying the next url if available"}
{"@timestamp":"2025-10-22T19:06:09.1230519+03:00","level":"WARN","thread_name":"Test worker","message":"Could not locate PropertySource ([ConfigServerConfigDataResource@27f71195 uris = array<String>['http://localhost:8888'], optional = true, profiles = 'default']): I/O error on GET request for \"http://localhost:8888/discount-api/default\": Connection refused: no further information"}
{"@timestamp":"2025-10-22T19:06:10.0379779+03:00","level":"INFO","thread_name":"Test worker","message":"Multiple Spring Data modules found, entering strict repository configuration mode"}
{"@timestamp":"2025-10-22T19:06:10.0409762+03:00","level":"INFO","thread_name":"Test worker","message":"Bootstrapping Spring Data JPA repositories in DEFAULT mode."}
{"@timestamp":"2025-10-22T19:06:10.1640216+03:00","level":"INFO","thread_name":"Test worker","message":"Finished Spring Data repository scanning in 110 ms. Found 1 JPA repository interface."}
{"@timestamp":"2025-10-22T19:06:10.1789781+03:00","level":"INFO","thread_name":"Test worker","message":"Multiple Spring Data modules found, entering strict repository configuration mode"}
{"@timestamp":"2025-10-22T19:06:10.1799796+03:00","level":"INFO","thread_name":"Test worker","message":"Bootstrapping Spring Data Redis repositories in DEFAULT mode."}
{"@timestamp":"2025-10-22T19:06:10.1939774+03:00","level":"INFO","thread_name":"Test worker","message":"Spring Data Redis - Could not safely identify store assignment for repository candidate interface ru.innotech.discountapi.adapters.repository.DiscountRepository; If you want this repository to be a Redis repository, consider annotating your entities with one of these annotations: org.springframework.data.redis.core.RedisHash (preferred), or consider extending one of the following types with your repository: org.springframework.data.keyvalue.repository.KeyValueRepository"}
{"@timestamp":"2025-10-22T19:06:10.1939774+03:00","level":"INFO","thread_name":"Test worker","message":"Finished Spring Data repository scanning in 6 ms. Found 0 Redis repository interfaces."}
{"@timestamp":"2025-10-22T19:06:10.5084271+03:00","level":"INFO","thread_name":"Test worker","message":"BeanFactory id=06f01438-587a-303b-a2d0-54e46c391792"}
{"@timestamp":"2025-10-22T19:06:11.2705257+03:00","level":"INFO","thread_name":"Test worker","message":"Tomcat initialized with port 0 (http)"}
{"@timestamp":"2025-10-22T19:06:11.2825272+03:00","level":"INFO","thread_name":"Test worker","message":"Initializing ProtocolHandler [\"http-nio-auto-1\"]"}
{"@timestamp":"2025-10-22T19:06:11.2845274+03:00","level":"INFO","thread_name":"Test worker","message":"Starting service [Tomcat]"}
{"@timestamp":"2025-10-22T19:06:11.2854902+03:00","level":"INFO","thread_name":"Test worker","message":"Starting Servlet engine: [Apache Tomcat/10.1.44]"}
{"@timestamp":"2025-10-22T19:06:11.3616642+03:00","level":"INFO","thread_name":"Test worker","message":"Initializing Spring embedded WebApplicationContext"}
{"@timestamp":"2025-10-22T19:06:11.3616642+03:00","level":"INFO","thread_name":"Test worker","message":"Root WebApplicationContext: initialization completed in 2231 ms"}
{"@timestamp":"2025-10-22T19:06:12.3362873+03:00","level":"INFO","thread_name":"Test worker","message":"HHH000204: Processing PersistenceUnitInfo [name: default]"}
{"@timestamp":"2025-10-22T19:06:12.4592894+03:00","level":"INFO","thread_name":"Test worker","message":"HHH000412: Hibernate ORM core version 6.6.26.Final"}
{"@timestamp":"2025-10-22T19:06:12.5039778+03:00","level":"INFO","thread_name":"Test worker","message":"HHH000026: Second-level cache disabled"}
{"@timestamp":"2025-10-22T19:06:12.7527291+03:00","level":"INFO","thread_name":"Test worker","message":"No LoadTimeWeaver setup: ignoring JPA class transformer"}
{"@timestamp":"2025-10-22T19:06:12.7757334+03:00","level":"INFO","thread_name":"Test worker","message":"HikariPool-1 - Starting..."}
{"@timestamp":"2025-10-22T19:06:12.8370639+03:00","level":"INFO","thread_name":"Test worker","message":"HikariPool-1 - Added connection org.postgresql.jdbc.PgConnection@78b5b2f9"}
{"@timestamp":"2025-10-22T19:06:12.8381125+03:00","level":"INFO","thread_name":"Test worker","message":"HikariPool-1 - Start completed."}
{"@timestamp":"2025-10-22T19:06:12.8900665+03:00","level":"INFO","thread_name":"Test worker","message":"HHH10001005: Database info:\n\tDatabase JDBC URL [Connecting through datasource 'HikariDataSource (HikariPool-1)']\n\tDatabase driver: undefined/unknown\n\tDatabase version: 12.3\n\tAutocommit mode: undefined/unknown\n\tIsolation level: undefined/unknown\n\tMinimum pool size: undefined/unknown\n\tMaximum pool size: undefined/unknown"}
{"@timestamp":"2025-10-22T19:06:13.4968624+03:00","level":"INFO","thread_name":"Test worker","message":"HHH000489: No JTA platform available (set 'hibernate.transaction.jta.platform' to enable JTA platform integration)"}
{"@timestamp":"2025-10-22T19:06:13.552364+03:00","level":"INFO","thread_name":"Test worker","message":"Initialized JPA EntityManagerFactory for persistence unit 'default'"}
{"@timestamp":"2025-10-22T19:06:14.5541007+03:00","level":"WARN","thread_name":"Test worker","message":"spring.jpa.open-in-view is enabled by default. Therefore, database queries may be performed during view rendering. Explicitly configure spring.jpa.open-in-view to disable this warning"}
{"@timestamp":"2025-10-22T19:06:15.9053737+03:00","level":"INFO","thread_name":"Test worker","message":"Initializing Spring TestDispatcherServlet ''"}
{"@timestamp":"2025-10-22T19:06:15.9054314+03:00","level":"INFO","thread_name":"Test worker","message":"Initializing Servlet ''"}
{"@timestamp":"2025-10-22T19:06:15.9147253+03:00","level":"INFO","thread_name":"Test worker","message":"Exposing 1 endpoint beneath base path '/actuator'"}
{"@timestamp":"2025-10-22T19:06:15.926469+03:00","level":"INFO","thread_name":"Test worker","message":"Completed initialization in 21 ms"}
{"@timestamp":"2025-10-22T19:06:17.0604838+03:00","level":"INFO","thread_name":"Test worker","message":"Cannot determine local hostname"}
{"@timestamp":"2025-10-22T19:06:17.0944712+03:00","level":"INFO","thread_name":"Test worker","message":"Eureka HTTP Client uses RestTemplate."}
{"@timestamp":"2025-10-22T19:06:17.1854952+03:00","level":"WARN","thread_name":"Test worker","message":"Spring Cloud LoadBalancer is currently working with the default cache. While this cache implementation is useful for development and tests, it's recommended to use Caffeine cache in production.You can switch to using Caffeine cache, by adding it and org.springframework.cache.caffeine.CaffeineCacheManager to the classpath."}
{"@timestamp":"2025-10-22T19:06:17.3589376+03:00","level":"INFO","thread_name":"Test worker","message":"Starting ProtocolHandler [\"http-nio-auto-1\"]"}
{"@timestamp":"2025-10-22T19:06:17.3659018+03:00","level":"INFO","thread_name":"Test worker","message":"Tomcat started on port 52221 (http) with context path '/'"}
{"@timestamp":"2025-10-22T19:06:18.4649458+03:00","level":"INFO","thread_name":"Test worker","message":"Cannot determine local hostname"}
{"@timestamp":"2025-10-22T19:06:18.4883919+03:00","level":"INFO","thread_name":"Test worker","message":"Started DiscountServiceIntegrationTest in 11.335 seconds (process running for 14.498)"}
{"@timestamp":"2025-10-22T19:06:19.7001234+03:00","level":"INFO","thread_name":"SpringApplicationShutdownHook","message":"Commencing graceful shutdown. Waiting for active requests to complete"}
{"@timestamp":"2025-10-22T19:06:19.9117867+03:00","level":"INFO","thread_name":"tomcat-shutdown","message":"Graceful shutdown complete"}
{"@timestamp":"2025-10-22T19:06:19.9203161+03:00","level":"INFO","thread_name":"SpringApplicationShutdownHook","message":"Closing JPA EntityManagerFactory for persistence unit 'default'"}
{"@timestamp":"2025-10-22T19:06:19.9227991+03:00","level":"INFO","thread_name":"SpringApplicationShutdownHook","message":"HikariPool-1 - Shutdown initiated..."}
{"@timestamp":"2025-10-22T19:06:19.9261941+03:00","level":"INFO","thread_name":"SpringApplicationShutdownHook","message":"HikariPool-1 - Shutdown completed."}
{"@timestamp":"2025-10-22T19:08:11.1753295+03:00","level":"INFO","thread_name":"Test worker","message":"Starting DiscountServiceIntegrationTest using Java 17.0.10 with PID 44896 (started by kirin in C:\\Users\\kirin\\IdeaProjects\\shop\\discount-api)"}
{"@timestamp":"2025-10-22T19:08:11.1758395+03:00","level":"INFO","thread_name":"Test worker","message":"The following 1 profile is active: \"test\""}
{"@timestamp":"2025-10-22T19:08:11.3274548+03:00","level":"INFO","thread_name":"Test worker","message":"Fetching config from server at : http://localhost:8888"}
{"@timestamp":"2025-10-22T19:08:11.3274548+03:00","level":"INFO","thread_name":"Test worker","message":"Exception on Url - http://localhost:8888:org.springframework.web.client.ResourceAccessException: I/O error on GET request for \"http://localhost:8888/discount-api/test\": Connection refused: no further information. Will be trying the next url if available"}
{"@timestamp":"2025-10-22T19:08:11.3274548+03:00","level":"WARN","thread_name":"Test worker","message":"Could not locate PropertySource ([ConfigServerConfigDataResource@6562cc23 uris = array<String>['http://localhost:8888'], optional = true, profiles = 'test']): I/O error on GET request for \"http://localhost:8888/discount-api/test\": Connection refused: no further information"}
{"@timestamp":"2025-10-22T19:08:11.3284526+03:00","level":"INFO","thread_name":"Test worker","message":"Fetching config from server at : http://localhost:8888"}
{"@timestamp":"2025-10-22T19:08:11.3284526+03:00","level":"INFO","thread_name":"Test worker","message":"Exception on Url - http://localhost:8888:org.springframework.web.client.ResourceAccessException: I/O error on GET request for \"http://localhost:8888/discount-api/default\": Connection refused: no further information. Will be trying the next url if available"}
{"@timestamp":"2025-10-22T19:08:11.3284526+03:00","level":"WARN","thread_name":"Test worker","message":"Could not locate PropertySource ([ConfigServerConfigDataResource@2ce524d2 uris = array<String>['http://localhost:8888'], optional = true, profiles = 'default']): I/O error on GET request for \"http://localhost:8888/discount-api/default\": Connection refused: no further information"}
{"@timestamp":"2025-10-22T19:08:12.3491484+03:00","level":"INFO","thread_name":"Test worker","message":"Multiple Spring Data modules found, entering strict repository configuration mode"}
{"@timestamp":"2025-10-22T19:08:12.3511449+03:00","level":"INFO","thread_name":"Test worker","message":"Bootstrapping Spring Data JPA repositories in DEFAULT mode."}
{"@timestamp":"2025-10-22T19:08:12.480322+03:00","level":"INFO","thread_name":"Test worker","message":"Finished Spring Data repository scanning in 120 ms. Found 1 JPA repository interface."}
{"@timestamp":"2025-10-22T19:08:12.4985421+03:00","level":"INFO","thread_name":"Test worker","message":"Multiple Spring Data modules found, entering strict repository configuration mode"}
{"@timestamp":"2025-10-22T19:08:12.499706+03:00","level":"INFO","thread_name":"Test worker","message":"Bootstrapping Spring Data Redis repositories in DEFAULT mode."}
{"@timestamp":"2025-10-22T19:08:12.5150066+03:00","level":"INFO","thread_name":"Test worker","message":"Spring Data Redis - Could not safely identify store assignment for repository candidate interface ru.innotech.discountapi.adapters.repository.DiscountRepository; If you want this repository to be a Redis repository, consider annotating your entities with one of these annotations: org.springframework.data.redis.core.RedisHash (preferred), or consider extending one of the following types with your repository: org.springframework.data.keyvalue.repository.KeyValueRepository"}
{"@timestamp":"2025-10-22T19:08:12.5150066+03:00","level":"INFO","thread_name":"Test worker","message":"Finished Spring Data repository scanning in 6 ms. Found 0 Redis repository interfaces."}
{"@timestamp":"2025-10-22T19:08:12.8366279+03:00","level":"INFO","thread_name":"Test worker","message":"BeanFactory id=06f01438-587a-303b-a2d0-54e46c391792"}
{"@timestamp":"2025-10-22T19:08:13.5905184+03:00","level":"INFO","thread_name":"Test worker","message":"Tomcat initialized with port 0 (http)"}
{"@timestamp":"2025-10-22T19:08:13.6025088+03:00","level":"INFO","thread_name":"Test worker","message":"Initializing ProtocolHandler [\"http-nio-auto-1\"]"}
{"@timestamp":"2025-10-22T19:08:13.6044845+03:00","level":"INFO","thread_name":"Test worker","message":"Starting service [Tomcat]"}
{"@timestamp":"2025-10-22T19:08:13.6044845+03:00","level":"INFO","thread_name":"Test worker","message":"Starting Servlet engine: [Apache Tomcat/10.1.44]"}
{"@timestamp":"2025-10-22T19:08:13.6844699+03:00","level":"INFO","thread_name":"Test worker","message":"Initializing Spring embedded WebApplicationContext"}
{"@timestamp":"2025-10-22T19:08:13.6844699+03:00","level":"INFO","thread_name":"Test worker","message":"Root WebApplicationContext: initialization completed in 2352 ms"}
{"@timestamp":"2025-10-22T19:08:14.8513912+03:00","level":"INFO","thread_name":"Test worker","message":"HHH000204: Processing PersistenceUnitInfo [name: default]"}
{"@timestamp":"2025-10-22T19:08:14.9599824+03:00","level":"INFO","thread_name":"Test worker","message":"HHH000412: Hibernate ORM core version 6.6.26.Final"}
{"@timestamp":"2025-10-22T19:08:15.0379838+03:00","level":"INFO","thread_name":"Test worker","message":"HHH000026: Second-level cache disabled"}
{"@timestamp":"2025-10-22T19:08:15.2888611+03:00","level":"INFO","thread_name":"Test worker","message":"No LoadTimeWeaver setup: ignoring JPA class transformer"}
{"@timestamp":"2025-10-22T19:08:15.3178629+03:00","level":"INFO","thread_name":"Test worker","message":"HikariPool-1 - Starting..."}
{"@timestamp":"2025-10-22T19:08:15.3963971+03:00","level":"INFO","thread_name":"Test worker","message":"HikariPool-1 - Added connection org.postgresql.jdbc.PgConnection@d2c8c3b"}
{"@timestamp":"2025-10-22T19:08:15.3973982+03:00","level":"INFO","thread_name":"Test worker","message":"HikariPool-1 - Start completed."}
{"@timestamp":"2025-10-22T19:08:15.4712286+03:00","level":"INFO","thread_name":"Test worker","message":"HHH10001005: Database info:\n\tDatabase JDBC URL [Connecting through datasource 'HikariDataSource (HikariPool-1)']\n\tDatabase driver: undefined/unknown\n\tDatabase version: 12.3\n\tAutocommit mode: undefined/unknown\n\tIsolation level: undefined/unknown\n\tMinimum pool size: undefined/unknown\n\tMaximum pool size: undefined/unknown"}
{"@timestamp":"2025-10-22T19:08:16.1116634+03:00","level":"INFO","thread_name":"Test worker","message":"HHH000489: No JTA platform available (set 'hibernate.transaction.jta.platform' to enable JTA platform integration)"}
{"@timestamp":"2025-10-22T19:08:16.1558722+03:00","level":"INFO","thread_name":"Test worker","message":"Initialized JPA EntityManagerFactory for persistence unit 'default'"}
{"@timestamp":"2025-10-22T19:08:17.1642705+03:00","level":"WARN","thread_name":"Test worker","message":"spring.jpa.open-in-view is enabled by default. Therefore, database queries may be performed during view rendering. Explicitly configure spring.jpa.open-in-view to disable this warning"}
{"@timestamp":"2025-10-22T19:08:18.5550056+03:00","level":"INFO","thread_name":"Test worker","message":"Initializing Spring TestDispatcherServlet ''"}
{"@timestamp":"2025-10-22T19:08:18.5550056+03:00","level":"INFO","thread_name":"Test worker","message":"Initializing Servlet ''"}
{"@timestamp":"2025-10-22T19:08:18.562007+03:00","level":"INFO","thread_name":"Test worker","message":"Exposing 1 endpoint beneath base path '/actuator'"}
{"@timestamp":"2025-10-22T19:08:18.5720152+03:00","level":"INFO","thread_name":"Test worker","message":"Completed initialization in 17 ms"}
{"@timestamp":"2025-10-22T19:08:19.7129451+03:00","level":"INFO","thread_name":"Test worker","message":"Cannot determine local hostname"}
{"@timestamp":"2025-10-22T19:08:19.7329389+03:00","level":"INFO","thread_name":"Test worker","message":"Eureka HTTP Client uses RestTemplate."}
{"@timestamp":"2025-10-22T19:08:19.8595564+03:00","level":"WARN","thread_name":"Test worker","message":"Spring Cloud LoadBalancer is currently working with the default cache. While this cache implementation is useful for development and tests, it's recommended to use Caffeine cache in production.You can switch to using Caffeine cache, by adding it and org.springframework.cache.caffeine.CaffeineCacheManager to the classpath."}
{"@timestamp":"2025-10-22T19:08:20.150179+03:00","level":"INFO","thread_name":"Test worker","message":"Starting ProtocolHandler [\"http-nio-auto-1\"]"}
{"@timestamp":"2025-10-22T19:08:20.1641782+03:00","level":"INFO","thread_name":"Test worker","message":"Tomcat started on port 52288 (http) with context path '/'"}
{"@timestamp":"2025-10-22T19:08:21.3055422+03:00","level":"INFO","thread_name":"Test worker","message":"Cannot determine local hostname"}
{"@timestamp":"2025-10-22T19:08:21.3280891+03:00","level":"INFO","thread_name":"Test worker","message":"Started DiscountServiceIntegrationTest in 11.998 seconds (process running for 15.144)"}
{"@timestamp":"2025-10-22T19:08:23.0791249+03:00","level":"INFO","thread_name":"SpringApplicationShutdownHook","message":"Commencing graceful shutdown. Waiting for active requests to complete"}
{"@timestamp":"2025-10-22T19:08:23.3601454+03:00","level":"INFO","thread_name":"tomcat-shutdown","message":"Graceful shutdown complete"}
{"@timestamp":"2025-10-22T19:08:23.3718939+03:00","level":"INFO","thread_name":"SpringApplicationShutdownHook","message":"Closing JPA EntityManagerFactory for persistence unit 'default'"}
{"@timestamp":"2025-10-22T19:08:23.3745383+03:00","level":"INFO","thread_name":"SpringApplicationShutdownHook","message":"HikariPool-1 - Shutdown initiated..."}
{"@timestamp":"2025-10-22T19:08:23.3771857+03:00","level":"INFO","thread_name":"SpringApplicationShutdownHook","message":"HikariPool-1 - Shutdown completed."}
{"@timestamp":"2025-10-22T19:09:26.6294064+03:00","level":"INFO","thread_name":"Test worker","message":"Starting DiscountServiceIntegrationTest using Java 17.0.10 with PID 16976 (started by kirin in C:\\Users\\kirin\\IdeaProjects\\shop\\discount-api)"}
{"@timestamp":"2025-10-22T19:09:26.6304087+03:00","level":"INFO","thread_name":"Test worker","message":"The following 1 profile is active: \"test\""}
{"@timestamp":"2025-10-22T19:09:26.7712117+03:00","level":"INFO","thread_name":"Test worker","message":"Fetching config from server at : http://localhost:8888"}
{"@timestamp":"2025-10-22T19:09:26.7712117+03:00","level":"INFO","thread_name":"Test worker","message":"Exception on Url - http://localhost:8888:org.springframework.web.client.ResourceAccessException: I/O error on GET request for \"http://localhost:8888/discount-api/test\": Connection refused: no further information. Will be trying the next url if available"}
{"@timestamp":"2025-10-22T19:09:26.7712117+03:00","level":"WARN","thread_name":"Test worker","message":"Could not locate PropertySource ([ConfigServerConfigDataResource@687eb455 uris = array<String>['http://localhost:8888'], optional = true, profiles = 'test']): I/O error on GET request for \"http://localhost:8888/discount-api/test\": Connection refused: no further information"}
{"@timestamp":"2025-10-22T19:09:26.7712117+03:00","level":"INFO","thread_name":"Test worker","message":"Fetching config from server at : http://localhost:8888"}
{"@timestamp":"2025-10-22T19:09:26.7712117+03:00","level":"INFO","thread_name":"Test worker","message":"Exception on Url - http://localhost:8888:org.springframework.web.client.ResourceAccessException: I/O error on GET request for \"http://localhost:8888/discount-api/default\": Connection refused: no further information. Will be trying the next url if available"}
{"@timestamp":"2025-10-22T19:09:26.7712117+03:00","level":"WARN","thread_name":"Test worker","message":"Could not locate PropertySource ([ConfigServerConfigDataResource@6d969330 uris = array<String>['http://localhost:8888'], optional = true, profiles = 'default']): I/O error on GET request for \"http://localhost:8888/discount-api/default\": Connection refused: no further information"}
{"@timestamp":"2025-10-22T19:09:27.7862105+03:00","level":"INFO","thread_name":"Test worker","message":"Multiple Spring Data modules found, entering strict repository configuration mode"}
{"@timestamp":"2025-10-22T19:09:27.7882121+03:00","level":"INFO","thread_name":"Test worker","message":"Bootstrapping Spring Data JPA repositories in DEFAULT mode."}
{"@timestamp":"2025-10-22T19:09:27.9292719+03:00","level":"INFO","thread_name":"Test worker","message":"Finished Spring Data repository scanning in 130 ms. Found 1 JPA repository interface."}
{"@timestamp":"2025-10-22T19:09:27.9424268+03:00","level":"INFO","thread_name":"Test worker","message":"Multiple Spring Data modules found, entering strict repository configuration mode"}
{"@timestamp":"2025-10-22T19:09:27.9434274+03:00","level":"INFO","thread_name":"Test worker","message":"Bootstrapping Spring Data Redis repositories in DEFAULT mode."}
{"@timestamp":"2025-10-22T19:09:27.957426+03:00","level":"INFO","thread_name":"Test worker","message":"Spring Data Redis - Could not safely identify store assignment for repository candidate interface ru.innotech.discountapi.adapters.repository.DiscountRepository; If you want this repository to be a Redis repository, consider annotating your entities with one of these annotations: org.springframework.data.redis.core.RedisHash (preferred), or consider extending one of the following types with your repository: org.springframework.data.keyvalue.repository.KeyValueRepository"}
{"@timestamp":"2025-10-22T19:09:27.957426+03:00","level":"INFO","thread_name":"Test worker","message":"Finished Spring Data repository scanning in 5 ms. Found 0 Redis repository interfaces."}
{"@timestamp":"2025-10-22T19:09:28.3076344+03:00","level":"INFO","thread_name":"Test worker","message":"BeanFactory id=06f01438-587a-303b-a2d0-54e46c391792"}
{"@timestamp":"2025-10-22T19:09:29.2420792+03:00","level":"INFO","thread_name":"Test worker","message":"Tomcat initialized with port 0 (http)"}
{"@timestamp":"2025-10-22T19:09:29.2653628+03:00","level":"INFO","thread_name":"Test worker","message":"Initializing ProtocolHandler [\"http-nio-auto-1\"]"}
{"@timestamp":"2025-10-22T19:09:29.2680328+03:00","level":"INFO","thread_name":"Test worker","message":"Starting service [Tomcat]"}
{"@timestamp":"2025-10-22T19:09:29.2680328+03:00","level":"INFO","thread_name":"Test worker","message":"Starting Servlet engine: [Apache Tomcat/10.1.44]"}
{"@timestamp":"2025-10-22T19:09:29.3687566+03:00","level":"INFO","thread_name":"Test worker","message":"Initializing Spring embedded WebApplicationContext"}
{"@timestamp":"2025-10-22T19:09:29.3697561+03:00","level":"INFO","thread_name":"Test worker","message":"Root WebApplicationContext: initialization completed in 2593 ms"}
{"@timestamp":"2025-10-22T19:09:30.4614535+03:00","level":"INFO","thread_name":"Test worker","message":"HHH000204: Processing PersistenceUnitInfo [name: default]"}
{"@timestamp":"2025-10-22T19:09:30.5342532+03:00","level":"INFO","thread_name":"Test worker","message":"HHH000412: Hibernate ORM core version 6.6.26.Final"}
{"@timestamp":"2025-10-22T19:09:30.5866959+03:00","level":"INFO","thread_name":"Test worker","message":"HHH000026: Second-level cache disabled"}
{"@timestamp":"2025-10-22T19:09:30.8695671+03:00","level":"INFO","thread_name":"Test worker","message":"No LoadTimeWeaver setup: ignoring JPA class transformer"}
{"@timestamp":"2025-10-22T19:09:30.8965418+03:00","level":"INFO","thread_name":"Test worker","message":"HikariPool-1 - Starting..."}
{"@timestamp":"2025-10-22T19:09:30.9698068+03:00","level":"INFO","thread_name":"Test worker","message":"HikariPool-1 - Added connection org.postgresql.jdbc.PgConnection@56fb87cd"}
{"@timestamp":"2025-10-22T19:09:30.9718058+03:00","level":"INFO","thread_name":"Test worker","message":"HikariPool-1 - Start completed."}
{"@timestamp":"2025-10-22T19:09:31.0368794+03:00","level":"INFO","thread_name":"Test worker","message":"HHH10001005: Database info:\n\tDatabase JDBC URL [Connecting through datasource 'HikariDataSource (HikariPool-1)']\n\tDatabase driver: undefined/unknown\n\tDatabase version: 12.3\n\tAutocommit mode: undefined/unknown\n\tIsolation level: undefined/unknown\n\tMinimum pool size: undefined/unknown\n\tMaximum pool size: undefined/unknown"}
{"@timestamp":"2025-10-22T19:09:31.8599094+03:00","level":"INFO","thread_name":"Test worker","message":"HHH000489: No JTA platform available (set 'hibernate.transaction.jta.platform' to enable JTA platform integration)"}
{"@timestamp":"2025-10-22T19:09:31.8997713+03:00","level":"INFO","thread_name":"Test worker","message":"Initialized JPA EntityManagerFactory for persistence unit 'default'"}
{"@timestamp":"2025-10-22T19:09:33.0806532+03:00","level":"WARN","thread_name":"Test worker","message":"spring.jpa.open-in-view is enabled by default. Therefore, database queries may be performed during view rendering. Explicitly configure spring.jpa.open-in-view to disable this warning"}
{"@timestamp":"2025-10-22T19:09:34.4687103+03:00","level":"INFO","thread_name":"Test worker","message":"Initializing Spring TestDispatcherServlet ''"}
{"@timestamp":"2025-10-22T19:09:34.4687103+03:00","level":"INFO","thread_name":"Test worker","message":"Initializing Servlet ''"}
{"@timestamp":"2025-10-22T19:09:34.4767105+03:00","level":"INFO","thread_name":"Test worker","message":"Exposing 1 endpoint beneath base path '/actuator'"}
{"@timestamp":"2025-10-22T19:09:34.4907098+03:00","level":"INFO","thread_name":"Test worker","message":"Completed initialization in 22 ms"}
{"@timestamp":"2025-10-22T19:09:35.6086416+03:00","level":"INFO","thread_name":"Test worker","message":"Cannot determine local hostname"}
{"@timestamp":"2025-10-22T19:09:35.6421941+03:00","level":"INFO","thread_name":"Test worker","message":"Eureka HTTP Client uses RestTemplate."}
{"@timestamp":"2025-10-22T19:09:35.7280592+03:00","level":"WARN","thread_name":"Test worker","message":"Spring Cloud LoadBalancer is currently working with the default cache. While this cache implementation is useful for development and tests, it's recommended to use Caffeine cache in production.You can switch to using Caffeine cache, by adding it and org.springframework.cache.caffeine.CaffeineCacheManager to the classpath."}
{"@timestamp":"2025-10-22T19:09:35.9220978+03:00","level":"INFO","thread_name":"Test worker","message":"Starting ProtocolHandler [\"http-nio-auto-1\"]"}
{"@timestamp":"2025-10-22T19:09:35.9330976+03:00","level":"INFO","thread_name":"Test worker","message":"Tomcat started on port 52368 (http) with context path '/'"}
{"@timestamp":"2025-10-22T19:09:37.0324239+03:00","level":"INFO","thread_name":"Test worker","message":"Cannot determine local hostname"}
{"@timestamp":"2025-10-22T19:09:37.090967+03:00","level":"INFO","thread_name":"Test worker","message":"Started DiscountServiceIntegrationTest in 12.427 seconds (process running for 15.838)"}
{"@timestamp":"2025-10-22T19:10:51.0184823+03:00","level":"INFO","thread_name":"Test worker","message":"Starting DiscountServiceIntegrationTest using Java 17.0.10 with PID 25028 (started by kirin in C:\\Users\\kirin\\IdeaProjects\\shop\\discount-api)"}
{"@timestamp":"2025-10-22T19:10:51.0184823+03:00","level":"INFO","thread_name":"Test worker","message":"The following 1 profile is active: \"test\""}
{"@timestamp":"2025-10-22T19:10:51.1694844+03:00","level":"INFO","thread_name":"Test worker","message":"Fetching config from server at : http://localhost:8888"}
{"@timestamp":"2025-10-22T19:10:51.1694844+03:00","level":"INFO","thread_name":"Test worker","message":"Exception on Url - http://localhost:8888:org.springframework.web.client.ResourceAccessException: I/O error on GET request for \"http://localhost:8888/discount-api/test\": Connection refused: no further information. Will be trying the next url if available"}
{"@timestamp":"2025-10-22T19:10:51.1694844+03:00","level":"WARN","thread_name":"Test worker","message":"Could not locate PropertySource ([ConfigServerConfigDataResource@6eda012b uris = array<String>['http://localhost:8888'], optional = true, profiles = 'test']): I/O error on GET request for \"http://localhost:8888/discount-api/test\": Connection refused: no further information"}
{"@timestamp":"2025-10-22T19:10:51.1694844+03:00","level":"INFO","thread_name":"Test worker","message":"Fetching config from server at : http://localhost:8888"}
{"@timestamp":"2025-10-22T19:10:51.1704834+03:00","level":"INFO","thread_name":"Test worker","message":"Exception on Url - http://localhost:8888:org.springframework.web.client.ResourceAccessException: I/O error on GET request for \"http://localhost:8888/discount-api/default\": Connection refused: no further information. Will be trying the next url if available"}
{"@timestamp":"2025-10-22T19:10:51.1704834+03:00","level":"WARN","thread_name":"Test worker","message":"Could not locate PropertySource ([ConfigServerConfigDataResource@781dbe44 uris = array<String>['http://localhost:8888'], optional = true, profiles = 'default']): I/O error on GET request for \"http://localhost:8888/discount-api/default\": Connection refused: no further information"}
{"@timestamp":"2025-10-22T19:10:52.1098106+03:00","level":"INFO","thread_name":"Test worker","message":"Multiple Spring Data modules found, entering strict repository configuration mode"}
{"@timestamp":"2025-10-22T19:10:52.1118102+03:00","level":"INFO","thread_name":"Test worker","message":"Bootstrapping Spring Data JPA repositories in DEFAULT mode."}
{"@timestamp":"2025-10-22T19:10:52.2520529+03:00","level":"INFO","thread_name":"Test worker","message":"Finished Spring Data repository scanning in 130 ms. Found 1 JPA repository interface."}
{"@timestamp":"2025-10-22T19:10:52.2690542+03:00","level":"INFO","thread_name":"Test worker","message":"Multiple Spring Data modules found, entering strict repository configuration mode"}
{"@timestamp":"2025-10-22T19:10:52.2710537+03:00","level":"INFO","thread_name":"Test worker","message":"Bootstrapping Spring Data Redis repositories in DEFAULT mode."}
{"@timestamp":"2025-10-22T19:10:52.291053+03:00","level":"INFO","thread_name":"Test worker","message":"Spring Data Redis - Could not safely identify store assignment for repository candidate interface ru.innotech.discountapi.adapters.repository.DiscountRepository; If you want this repository to be a Redis repository, consider annotating your entities with one of these annotations: org.springframework.data.redis.core.RedisHash (preferred), or consider extending one of the following types with your repository: org.springframework.data.keyvalue.repository.KeyValueRepository"}
{"@timestamp":"2025-10-22T19:10:52.291053+03:00","level":"INFO","thread_name":"Test worker","message":"Finished Spring Data repository scanning in 5 ms. Found 0 Redis repository interfaces."}
{"@timestamp":"2025-10-22T19:10:52.6504198+03:00","level":"INFO","thread_name":"Test worker","message":"BeanFactory id=06f01438-587a-303b-a2d0-54e46c391792"}
{"@timestamp":"2025-10-22T19:10:55.9760257+03:00","level":"INFO","thread_name":"Test worker","message":"Tomcat initialized with port 0 (http)"}
{"@timestamp":"2025-10-22T19:10:55.9920254+03:00","level":"INFO","thread_name":"Test worker","message":"Initializing ProtocolHandler [\"http-nio-auto-1\"]"}
{"@timestamp":"2025-10-22T19:10:55.9950281+03:00","level":"INFO","thread_name":"Test worker","message":"Starting service [Tomcat]"}
{"@timestamp":"2025-10-22T19:10:55.9960261+03:00","level":"INFO","thread_name":"Test worker","message":"Starting Servlet engine: [Apache Tomcat/10.1.44]"}
{"@timestamp":"2025-10-22T19:10:56.1758724+03:00","level":"INFO","thread_name":"Test worker","message":"Initializing Spring embedded WebApplicationContext"}
{"@timestamp":"2025-10-22T19:10:56.1768732+03:00","level":"INFO","thread_name":"Test worker","message":"Root WebApplicationContext: initialization completed in 5002 ms"}
{"@timestamp":"2025-10-22T19:10:58.9794244+03:00","level":"INFO","thread_name":"Test worker","message":"HHH000204: Processing PersistenceUnitInfo [name: default]"}
{"@timestamp":"2025-10-22T19:10:59.0671547+03:00","level":"INFO","thread_name":"Test worker","message":"HHH000412: Hibernate ORM core version 6.6.26.Final"}
{"@timestamp":"2025-10-22T19:10:59.1201956+03:00","level":"INFO","thread_name":"Test worker","message":"HHH000026: Second-level cache disabled"}
{"@timestamp":"2025-10-22T19:10:59.5840333+03:00","level":"INFO","thread_name":"Test worker","message":"No LoadTimeWeaver setup: ignoring JPA class transformer"}
{"@timestamp":"2025-10-22T19:10:59.6280473+03:00","level":"INFO","thread_name":"Test worker","message":"HikariPool-1 - Starting..."}
{"@timestamp":"2025-10-22T19:10:59.7385498+03:00","level":"INFO","thread_name":"Test worker","message":"HikariPool-1 - Added connection org.postgresql.jdbc.PgConnection@2ff61c95"}
{"@timestamp":"2025-10-22T19:10:59.7407208+03:00","level":"INFO","thread_name":"Test worker","message":"HikariPool-1 - Start completed."}
{"@timestamp":"2025-10-22T19:10:59.8251184+03:00","level":"INFO","thread_name":"Test worker","message":"HHH10001005: Database info:\n\tDatabase JDBC URL [Connecting through datasource 'HikariDataSource (HikariPool-1)']\n\tDatabase driver: undefined/unknown\n\tDatabase version: 12.3\n\tAutocommit mode: undefined/unknown\n\tIsolation level: undefined/unknown\n\tMinimum pool size: undefined/unknown\n\tMaximum pool size: undefined/unknown"}
{"@timestamp":"2025-10-22T19:11:01.4725927+03:00","level":"INFO","thread_name":"Test worker","message":"HHH000489: No JTA platform available (set 'hibernate.transaction.jta.platform' to enable JTA platform integration)"}
{"@timestamp":"2025-10-22T19:11:01.534575+03:00","level":"INFO","thread_name":"Test worker","message":"Initialized JPA EntityManagerFactory for persistence unit 'default'"}
{"@timestamp":"2025-10-22T19:11:03.4489122+03:00","level":"WARN","thread_name":"Test worker","message":"spring.jpa.open-in-view is enabled by default. Therefore, database queries may be performed during view rendering. Explicitly configure spring.jpa.open-in-view to disable this warning"}
{"@timestamp":"2025-10-22T19:11:05.2176259+03:00","level":"INFO","thread_name":"Test worker","message":"Initializing Spring TestDispatcherServlet ''"}
{"@timestamp":"2025-10-22T19:11:05.2176259+03:00","level":"INFO","thread_name":"Test worker","message":"Initializing Servlet ''"}
{"@timestamp":"2025-10-22T19:11:05.2246261+03:00","level":"INFO","thread_name":"Test worker","message":"Exposing 1 endpoint beneath base path '/actuator'"}
{"@timestamp":"2025-10-22T19:11:05.2376259+03:00","level":"INFO","thread_name":"Test worker","message":"Completed initialization in 20 ms"}
{"@timestamp":"2025-10-22T19:11:06.3851868+03:00","level":"INFO","thread_name":"Test worker","message":"Cannot determine local hostname"}
{"@timestamp":"2025-10-22T19:11:06.4090314+03:00","level":"INFO","thread_name":"Test worker","message":"Eureka HTTP Client uses RestTemplate."}
{"@timestamp":"2025-10-22T19:11:06.4876623+03:00","level":"WARN","thread_name":"Test worker","message":"Spring Cloud LoadBalancer is currently working with the default cache. While this cache implementation is useful for development and tests, it's recommended to use Caffeine cache in production.You can switch to using Caffeine cache, by adding it and org.springframework.cache.caffeine.CaffeineCacheManager to the classpath."}
{"@timestamp":"2025-10-22T19:11:06.6577881+03:00","level":"INFO","thread_name":"Test worker","message":"Starting ProtocolHandler [\"http-nio-auto-1\"]"}
{"@timestamp":"2025-10-22T19:11:06.6657905+03:00","level":"INFO","thread_name":"Test worker","message":"Tomcat started on port 52422 (http) with context path '/'"}
{"@timestamp":"2025-10-22T19:11:07.7754033+03:00","level":"INFO","thread_name":"Test worker","message":"Cannot determine local hostname"}
{"@timestamp":"2025-10-22T19:11:07.8034363+03:00","level":"INFO","thread_name":"Test worker","message":"Started DiscountServiceIntegrationTest in 18.746 seconds (process running for 22.574)"}
{"@timestamp":"2025-10-22T19:13:45.7789616+03:00","level":"INFO","thread_name":"Test worker","message":"Starting DiscountServiceIntegrationTest using Java 17.0.10 with PID 45064 (started by kirin in C:\\Users\\kirin\\IdeaProjects\\shop\\discount-api)"}
{"@timestamp":"2025-10-22T19:13:45.7799603+03:00","level":"INFO","thread_name":"Test worker","message":"The following 1 profile is active: \"test\""}
{"@timestamp":"2025-10-22T19:13:45.9406553+03:00","level":"INFO","thread_name":"Test worker","message":"Fetching config from server at : http://localhost:8888"}
{"@timestamp":"2025-10-22T19:13:45.9406553+03:00","level":"INFO","thread_name":"Test worker","message":"Exception on Url - http://localhost:8888:org.springframework.web.client.ResourceAccessException: I/O error on GET request for \"http://localhost:8888/discount-api/test\": Connection refused: no further information. Will be trying the next url if available"}
{"@timestamp":"2025-10-22T19:13:45.9406553+03:00","level":"WARN","thread_name":"Test worker","message":"Could not locate PropertySource ([ConfigServerConfigDataResource@6eda012b uris = array<String>['http://localhost:8888'], optional = true, profiles = 'test']): I/O error on GET request for \"http://localhost:8888/discount-api/test\": Connection refused: no further information"}
{"@timestamp":"2025-10-22T19:13:45.9406553+03:00","level":"INFO","thread_name":"Test worker","message":"Fetching config from server at : http://localhost:8888"}
{"@timestamp":"2025-10-22T19:13:45.9406553+03:00","level":"INFO","thread_name":"Test worker","message":"Exception on Url - http://localhost:8888:org.springframework.web.client.ResourceAccessException: I/O error on GET request for \"http://localhost:8888/discount-api/default\": Connection refused: no further information. Will be trying the next url if available"}
{"@timestamp":"2025-10-22T19:13:45.9406553+03:00","level":"WARN","thread_name":"Test worker","message":"Could not locate PropertySource ([ConfigServerConfigDataResource@781dbe44 uris = array<String>['http://localhost:8888'], optional = true, profiles = 'default']): I/O error on GET request for \"http://localhost:8888/discount-api/default\": Connection refused: no further information"}
{"@timestamp":"2025-10-22T19:13:46.9667732+03:00","level":"INFO","thread_name":"Test worker","message":"Multiple Spring Data modules found, entering strict repository configuration mode"}
{"@timestamp":"2025-10-22T19:13:46.9687783+03:00","level":"INFO","thread_name":"Test worker","message":"Bootstrapping Spring Data JPA repositories in DEFAULT mode."}
{"@timestamp":"2025-10-22T19:13:47.0991731+03:00","level":"INFO","thread_name":"Test worker","message":"Finished Spring Data repository scanning in 119 ms. Found 1 JPA repository interface."}
{"@timestamp":"2025-10-22T19:13:47.1141444+03:00","level":"INFO","thread_name":"Test worker","message":"Multiple Spring Data modules found, entering strict repository configuration mode"}
{"@timestamp":"2025-10-22T19:13:47.1161437+03:00","level":"INFO","thread_name":"Test worker","message":"Bootstrapping Spring Data Redis repositories in DEFAULT mode."}
{"@timestamp":"2025-10-22T19:13:47.1451434+03:00","level":"INFO","thread_name":"Test worker","message":"Spring Data Redis - Could not safely identify store assignment for repository candidate interface ru.innotech.discountapi.adapters.repository.DiscountRepository; If you want this repository to be a Redis repository, consider annotating your entities with one of these annotations: org.springframework.data.redis.core.RedisHash (preferred), or consider extending one of the following types with your repository: org.springframework.data.keyvalue.repository.KeyValueRepository"}
{"@timestamp":"2025-10-22T19:13:47.1451434+03:00","level":"INFO","thread_name":"Test worker","message":"Finished Spring Data repository scanning in 17 ms. Found 0 Redis repository interfaces."}
{"@timestamp":"2025-10-22T19:13:47.4930845+03:00","level":"INFO","thread_name":"Test worker","message":"BeanFactory id=06f01438-587a-303b-a2d0-54e46c391792"}
{"@timestamp":"2025-10-22T19:13:48.4322724+03:00","level":"INFO","thread_name":"Test worker","message":"Tomcat initialized with port 0 (http)"}
{"@timestamp":"2025-10-22T19:13:48.4482732+03:00","level":"INFO","thread_name":"Test worker","message":"Initializing ProtocolHandler [\"http-nio-auto-1\"]"}
{"@timestamp":"2025-10-22T19:13:48.4512726+03:00","level":"INFO","thread_name":"Test worker","message":"Starting service [Tomcat]"}
{"@timestamp":"2025-10-22T19:13:48.4512726+03:00","level":"INFO","thread_name":"Test worker","message":"Starting Servlet engine: [Apache Tomcat/10.1.44]"}
{"@timestamp":"2025-10-22T19:13:48.5643286+03:00","level":"INFO","thread_name":"Test worker","message":"Initializing Spring embedded WebApplicationContext"}
{"@timestamp":"2025-10-22T19:13:48.5643286+03:00","level":"INFO","thread_name":"Test worker","message":"Root WebApplicationContext: initialization completed in 2619 ms"}
{"@timestamp":"2025-10-22T19:13:49.6822835+03:00","level":"INFO","thread_name":"Test worker","message":"HHH000204: Processing PersistenceUnitInfo [name: default]"}
{"@timestamp":"2025-10-22T19:13:49.7798679+03:00","level":"INFO","thread_name":"Test worker","message":"HHH000412: Hibernate ORM core version 6.6.26.Final"}
{"@timestamp":"2025-10-22T19:13:49.8499579+03:00","level":"INFO","thread_name":"Test worker","message":"HHH000026: Second-level cache disabled"}
{"@timestamp":"2025-10-22T19:13:50.1988864+03:00","level":"INFO","thread_name":"Test worker","message":"No LoadTimeWeaver setup: ignoring JPA class transformer"}
{"@timestamp":"2025-10-22T19:13:50.2269176+03:00","level":"INFO","thread_name":"Test worker","message":"HikariPool-1 - Starting..."}
{"@timestamp":"2025-10-22T19:13:50.304643+03:00","level":"INFO","thread_name":"Test worker","message":"HikariPool-1 - Added connection org.postgresql.jdbc.PgConnection@58a0b88e"}
{"@timestamp":"2025-10-22T19:13:50.3066422+03:00","level":"INFO","thread_name":"Test worker","message":"HikariPool-1 - Start completed."}
{"@timestamp":"2025-10-22T19:13:50.3704406+03:00","level":"INFO","thread_name":"Test worker","message":"HHH10001005: Database info:\n\tDatabase JDBC URL [Connecting through datasource 'HikariDataSource (HikariPool-1)']\n\tDatabase driver: undefined/unknown\n\tDatabase version: 12.3\n\tAutocommit mode: undefined/unknown\n\tIsolation level: undefined/unknown\n\tMinimum pool size: undefined/unknown\n\tMaximum pool size: undefined/unknown"}
{"@timestamp":"2025-10-22T19:13:51.3673153+03:00","level":"INFO","thread_name":"Test worker","message":"HHH000489: No JTA platform available (set 'hibernate.transaction.jta.platform' to enable JTA platform integration)"}
{"@timestamp":"2025-10-22T19:13:51.4092236+03:00","level":"INFO","thread_name":"Test worker","message":"Initialized JPA EntityManagerFactory for persistence unit 'default'"}
{"@timestamp":"2025-10-22T19:13:52.5832729+03:00","level":"WARN","thread_name":"Test worker","message":"spring.jpa.open-in-view is enabled by default. Therefore, database queries may be performed during view rendering. Explicitly configure spring.jpa.open-in-view to disable this warning"}
{"@timestamp":"2025-10-22T19:13:54.2086379+03:00","level":"INFO","thread_name":"Test worker","message":"Initializing Spring TestDispatcherServlet ''"}
{"@timestamp":"2025-10-22T19:13:54.2096366+03:00","level":"INFO","thread_name":"Test worker","message":"Initializing Servlet ''"}
{"@timestamp":"2025-10-22T19:13:54.2206368+03:00","level":"INFO","thread_name":"Test worker","message":"Exposing 1 endpoint beneath base path '/actuator'"}
{"@timestamp":"2025-10-22T19:13:54.2336361+03:00","level":"INFO","thread_name":"Test worker","message":"Completed initialization in 24 ms"}
{"@timestamp":"2025-10-22T19:13:55.3612367+03:00","level":"INFO","thread_name":"Test worker","message":"Cannot determine local hostname"}
{"@timestamp":"2025-10-22T19:13:55.3842375+03:00","level":"INFO","thread_name":"Test worker","message":"Eureka HTTP Client uses RestTemplate."}
{"@timestamp":"2025-10-22T19:13:55.4705209+03:00","level":"WARN","thread_name":"Test worker","message":"Spring Cloud LoadBalancer is currently working with the default cache. While this cache implementation is useful for development and tests, it's recommended to use Caffeine cache in production.You can switch to using Caffeine cache, by adding it and org.springframework.cache.caffeine.CaffeineCacheManager to the classpath."}
{"@timestamp":"2025-10-22T19:13:55.6551548+03:00","level":"INFO","thread_name":"Test worker","message":"Starting ProtocolHandler [\"http-nio-auto-1\"]"}
{"@timestamp":"2025-10-22T19:13:55.6682545+03:00","level":"INFO","thread_name":"Test worker","message":"Tomcat started on port 52483 (http) with context path '/'"}
{"@timestamp":"2025-10-22T19:13:56.7809724+03:00","level":"INFO","thread_name":"Test worker","message":"Cannot determine local hostname"}
{"@timestamp":"2025-10-22T19:13:56.8004951+03:00","level":"INFO","thread_name":"Test worker","message":"Started DiscountServiceIntegrationTest in 12.893 seconds (process running for 16.411)"}
{"@timestamp":"2025-10-22T19:16:23.6268352+03:00","level":"INFO","thread_name":"Test worker","message":"Starting DiscountServiceIntegrationTest using Java 17.0.10 with PID 45488 (started by kirin in C:\\Users\\kirin\\IdeaProjects\\shop\\discount-api)"}
{"@timestamp":"2025-10-22T19:16:23.6268352+03:00","level":"INFO","thread_name":"Test worker","message":"The following 1 profile is active: \"test\""}
{"@timestamp":"2025-10-22T19:16:23.7867009+03:00","level":"INFO","thread_name":"Test worker","message":"Fetching config from server at : http://localhost:8888"}
{"@timestamp":"2025-10-22T19:16:23.7867009+03:00","level":"INFO","thread_name":"Test worker","message":"Exception on Url - http://localhost:8888:org.springframework.web.client.ResourceAccessException: I/O error on GET request for \"http://localhost:8888/discount-api/test\": Connection refused: no further information. Will be trying the next url if available"}
{"@timestamp":"2025-10-22T19:16:23.7867009+03:00","level":"WARN","thread_name":"Test worker","message":"Could not locate PropertySource ([ConfigServerConfigDataResource@6eda012b uris = array<String>['http://localhost:8888'], optional = true, profiles = 'test']): I/O error on GET request for \"http://localhost:8888/discount-api/test\": Connection refused: no further information"}
{"@timestamp":"2025-10-22T19:16:23.7867009+03:00","level":"INFO","thread_name":"Test worker","message":"Fetching config from server at : http://localhost:8888"}
{"@timestamp":"2025-10-22T19:16:23.7867009+03:00","level":"INFO","thread_name":"Test worker","message":"Exception on Url - http://localhost:8888:org.springframework.web.client.ResourceAccessException: I/O error on GET request for \"http://localhost:8888/discount-api/default\": Connection refused: no further information. Will be trying the next url if available"}
{"@timestamp":"2025-10-22T19:16:23.7867009+03:00","level":"WARN","thread_name":"Test worker","message":"Could not locate PropertySource ([ConfigServerConfigDataResource@781dbe44 uris = array<String>['http://localhost:8888'], optional = true, profiles = 'default']): I/O error on GET request for \"http://localhost:8888/discount-api/default\": Connection refused: no further information"}
{"@timestamp":"2025-10-22T19:16:24.9021018+03:00","level":"INFO","thread_name":"Test worker","message":"Multiple Spring Data modules found, entering strict repository configuration mode"}
{"@timestamp":"2025-10-22T19:16:24.9051047+03:00","level":"INFO","thread_name":"Test worker","message":"Bootstrapping Spring Data JPA repositories in DEFAULT mode."}
{"@timestamp":"2025-10-22T19:16:25.0551017+03:00","level":"INFO","thread_name":"Test worker","message":"Finished Spring Data repository scanning in 138 ms. Found 1 JPA repository interface."}
{"@timestamp":"2025-10-22T19:16:25.0691011+03:00","level":"INFO","thread_name":"Test worker","message":"Multiple Spring Data modules found, entering strict repository configuration mode"}
{"@timestamp":"2025-10-22T19:16:25.070103+03:00","level":"INFO","thread_name":"Test worker","message":"Bootstrapping Spring Data Redis repositories in DEFAULT mode."}
{"@timestamp":"2025-10-22T19:16:25.0851024+03:00","level":"INFO","thread_name":"Test worker","message":"Spring Data Redis - Could not safely identify store assignment for repository candidate interface ru.innotech.discountapi.adapters.repository.DiscountRepository; If you want this repository to be a Redis repository, consider annotating your entities with one of these annotations: org.springframework.data.redis.core.RedisHash (preferred), or consider extending one of the following types with your repository: org.springframework.data.keyvalue.repository.KeyValueRepository"}
{"@timestamp":"2025-10-22T19:16:25.0851024+03:00","level":"INFO","thread_name":"Test worker","message":"Finished Spring Data repository scanning in 5 ms. Found 0 Redis repository interfaces."}
{"@timestamp":"2025-10-22T19:16:25.3893373+03:00","level":"INFO","thread_name":"Test worker","message":"BeanFactory id=06f01438-587a-303b-a2d0-54e46c391792"}
{"@timestamp":"2025-10-22T19:16:26.2053098+03:00","level":"INFO","thread_name":"Test worker","message":"Tomcat initialized with port 0 (http)"}
{"@timestamp":"2025-10-22T19:16:26.2233094+03:00","level":"INFO","thread_name":"Test worker","message":"Initializing ProtocolHandler [\"http-nio-auto-1\"]"}
{"@timestamp":"2025-10-22T19:16:26.2258906+03:00","level":"INFO","thread_name":"Test worker","message":"Starting service [Tomcat]"}
{"@timestamp":"2025-10-22T19:16:26.2268919+03:00","level":"INFO","thread_name":"Test worker","message":"Starting Servlet engine: [Apache Tomcat/10.1.44]"}
{"@timestamp":"2025-10-22T19:16:26.330052+03:00","level":"INFO","thread_name":"Test worker","message":"Initializing Spring embedded WebApplicationContext"}
{"@timestamp":"2025-10-22T19:16:26.330052+03:00","level":"INFO","thread_name":"Test worker","message":"Root WebApplicationContext: initialization completed in 2539 ms"}
{"@timestamp":"2025-10-22T19:16:27.6823345+03:00","level":"INFO","thread_name":"Test worker","message":"HHH000204: Processing PersistenceUnitInfo [name: default]"}
{"@timestamp":"2025-10-22T19:16:27.7612499+03:00","level":"INFO","thread_name":"Test worker","message":"HHH000412: Hibernate ORM core version 6.6.26.Final"}
{"@timestamp":"2025-10-22T19:16:27.8120953+03:00","level":"INFO","thread_name":"Test worker","message":"HHH000026: Second-level cache disabled"}
{"@timestamp":"2025-10-22T19:16:28.1766445+03:00","level":"INFO","thread_name":"Test worker","message":"No LoadTimeWeaver setup: ignoring JPA class transformer"}
{"@timestamp":"2025-10-22T19:16:28.2066382+03:00","level":"INFO","thread_name":"Test worker","message":"HikariPool-1 - Starting..."}
{"@timestamp":"2025-10-22T19:16:28.282567+03:00","level":"INFO","thread_name":"Test worker","message":"HikariPool-1 - Added connection org.postgresql.jdbc.PgConnection@1b404a21"}
{"@timestamp":"2025-10-22T19:16:28.2845662+03:00","level":"INFO","thread_name":"Test worker","message":"HikariPool-1 - Start completed."}
{"@timestamp":"2025-10-22T19:16:28.3446016+03:00","level":"INFO","thread_name":"Test worker","message":"HHH10001005: Database info:\n\tDatabase JDBC URL [Connecting through datasource 'HikariDataSource (HikariPool-1)']\n\tDatabase driver: undefined/unknown\n\tDatabase version: 12.3\n\tAutocommit mode: undefined/unknown\n\tIsolation level: undefined/unknown\n\tMinimum pool size: undefined/unknown\n\tMaximum pool size: undefined/unknown"}
{"@timestamp":"2025-10-22T19:16:29.1044933+03:00","level":"INFO","thread_name":"Test worker","message":"HHH000489: No JTA platform available (set 'hibernate.transaction.jta.platform' to enable JTA platform integration)"}
{"@timestamp":"2025-10-22T19:16:29.1447862+03:00","level":"INFO","thread_name":"Test worker","message":"Initialized JPA EntityManagerFactory for persistence unit 'default'"}
{"@timestamp":"2025-10-22T19:16:30.2420841+03:00","level":"WARN","thread_name":"Test worker","message":"spring.jpa.open-in-view is enabled by default. Therefore, database queries may be performed during view rendering. Explicitly configure spring.jpa.open-in-view to disable this warning"}
{"@timestamp":"2025-10-22T19:16:31.7373203+03:00","level":"INFO","thread_name":"Test worker","message":"Initializing Spring TestDispatcherServlet ''"}
{"@timestamp":"2025-10-22T19:16:31.7373203+03:00","level":"INFO","thread_name":"Test worker","message":"Initializing Servlet ''"}
{"@timestamp":"2025-10-22T19:16:31.7463177+03:00","level":"INFO","thread_name":"Test worker","message":"Exposing 1 endpoint beneath base path '/actuator'"}
{"@timestamp":"2025-10-22T19:16:31.7673192+03:00","level":"INFO","thread_name":"Test worker","message":"Completed initialization in 30 ms"}
{"@timestamp":"2025-10-22T19:16:32.8977159+03:00","level":"INFO","thread_name":"Test worker","message":"Cannot determine local hostname"}
{"@timestamp":"2025-10-22T19:16:32.9253536+03:00","level":"INFO","thread_name":"Test worker","message":"Eureka HTTP Client uses RestTemplate."}
{"@timestamp":"2025-10-22T19:16:33.0000442+03:00","level":"WARN","thread_name":"Test worker","message":"Spring Cloud LoadBalancer is currently working with the default cache. While this cache implementation is useful for development and tests, it's recommended to use Caffeine cache in production.You can switch to using Caffeine cache, by adding it and org.springframework.cache.caffeine.CaffeineCacheManager to the classpath."}
{"@timestamp":"2025-10-22T19:16:33.1671378+03:00","level":"INFO","thread_name":"Test worker","message":"Starting ProtocolHandler [\"http-nio-auto-1\"]"}
{"@timestamp":"2025-10-22T19:16:33.1781366+03:00","level":"INFO","thread_name":"Test worker","message":"Tomcat started on port 52539 (http) with context path '/'"}
{"@timestamp":"2025-10-22T19:16:34.2830022+03:00","level":"INFO","thread_name":"Test worker","message":"Cannot determine local hostname"}
{"@timestamp":"2025-10-22T19:16:34.3171647+03:00","level":"INFO","thread_name":"Test worker","message":"Started DiscountServiceIntegrationTest in 12.603 seconds (process running for 16.074)"}
{"@timestamp":"2025-10-22T19:16:37.894236+03:00","level":"INFO","thread_name":"SpringApplicationShutdownHook","message":"Commencing graceful shutdown. Waiting for active requests to complete"}
{"@timestamp":"2025-10-22T19:16:38.1082865+03:00","level":"INFO","thread_name":"tomcat-shutdown","message":"Graceful shutdown complete"}
{"@timestamp":"2025-10-22T19:16:38.121947+03:00","level":"INFO","thread_name":"SpringApplicationShutdownHook","message":"Closing JPA EntityManagerFactory for persistence unit 'default'"}
{"@timestamp":"2025-10-22T19:16:38.1229479+03:00","level":"INFO","thread_name":"SpringApplicationShutdownHook","message":"HikariPool-1 - Shutdown initiated..."}
{"@timestamp":"2025-10-22T19:16:38.1249471+03:00","level":"INFO","thread_name":"SpringApplicationShutdownHook","message":"HikariPool-1 - Shutdown completed."}
{"@timestamp":"2025-10-22T19:21:17.8811564+03:00","level":"INFO","thread_name":"Test worker","message":"Starting DiscountServiceIntegrationTest using Java 17.0.10 with PID 41032 (started by kirin in C:\\Users\\kirin\\IdeaProjects\\shop\\discount-api)"}
{"@timestamp":"2025-10-22T19:21:17.8821566+03:00","level":"INFO","thread_name":"Test worker","message":"The following 1 profile is active: \"test\""}
{"@timestamp":"2025-10-22T19:21:18.011716+03:00","level":"INFO","thread_name":"Test worker","message":"Fetching config from server at : http://localhost:8888"}
{"@timestamp":"2025-10-22T19:21:18.011716+03:00","level":"INFO","thread_name":"Test worker","message":"Exception on Url - http://localhost:8888:org.springframework.web.client.ResourceAccessException: I/O error on GET request for \"http://localhost:8888/discount-api/test\": Connection refused: no further information. Will be trying the next url if available"}
{"@timestamp":"2025-10-22T19:21:18.011716+03:00","level":"WARN","thread_name":"Test worker","message":"Could not locate PropertySource ([ConfigServerConfigDataResource@2ce524d2 uris = array<String>['http://localhost:8888'], optional = true, profiles = 'test']): I/O error on GET request for \"http://localhost:8888/discount-api/test\": Connection refused: no further information"}
{"@timestamp":"2025-10-22T19:21:18.011716+03:00","level":"INFO","thread_name":"Test worker","message":"Fetching config from server at : http://localhost:8888"}
{"@timestamp":"2025-10-22T19:21:18.011716+03:00","level":"INFO","thread_name":"Test worker","message":"Exception on Url - http://localhost:8888:org.springframework.web.client.ResourceAccessException: I/O error on GET request for \"http://localhost:8888/discount-api/default\": Connection refused: no further information. Will be trying the next url if available"}
{"@timestamp":"2025-10-22T19:21:18.011716+03:00","level":"WARN","thread_name":"Test worker","message":"Could not locate PropertySource ([ConfigServerConfigDataResource@3869a6e5 uris = array<String>['http://localhost:8888'], optional = true, profiles = 'default']): I/O error on GET request for \"http://localhost:8888/discount-api/default\": Connection refused: no further information"}
{"@timestamp":"2025-10-22T19:21:18.9472886+03:00","level":"INFO","thread_name":"Test worker","message":"Multiple Spring Data modules found, entering strict repository configuration mode"}
{"@timestamp":"2025-10-22T19:21:18.9482893+03:00","level":"INFO","thread_name":"Test worker","message":"Bootstrapping Spring Data JPA repositories in DEFAULT mode."}
{"@timestamp":"2025-10-22T19:21:19.0691273+03:00","level":"INFO","thread_name":"Test worker","message":"Finished Spring Data repository scanning in 110 ms. Found 1 JPA repository interface."}
{"@timestamp":"2025-10-22T19:21:19.0811275+03:00","level":"INFO","thread_name":"Test worker","message":"Multiple Spring Data modules found, entering strict repository configuration mode"}
{"@timestamp":"2025-10-22T19:21:19.0811275+03:00","level":"INFO","thread_name":"Test worker","message":"Bootstrapping Spring Data Redis repositories in DEFAULT mode."}
{"@timestamp":"2025-10-22T19:21:19.0941288+03:00","level":"INFO","thread_name":"Test worker","message":"Spring Data Redis - Could not safely identify store assignment for repository candidate interface ru.innotech.discountapi.adapters.repository.DiscountRepository; If you want this repository to be a Redis repository, consider annotating your entities with one of these annotations: org.springframework.data.redis.core.RedisHash (preferred), or consider extending one of the following types with your repository: org.springframework.data.keyvalue.repository.KeyValueRepository"}
{"@timestamp":"2025-10-22T19:21:19.0941288+03:00","level":"INFO","thread_name":"Test worker","message":"Finished Spring Data repository scanning in 5 ms. Found 0 Redis repository interfaces."}
{"@timestamp":"2025-10-22T19:21:19.4086737+03:00","level":"INFO","thread_name":"Test worker","message":"BeanFactory id=06f01438-587a-303b-a2d0-54e46c391792"}
{"@timestamp":"2025-10-22T19:21:20.3019912+03:00","level":"INFO","thread_name":"Test worker","message":"Tomcat initialized with port 0 (http)"}
{"@timestamp":"2025-10-22T19:21:20.3174002+03:00","level":"INFO","thread_name":"Test worker","message":"Initializing ProtocolHandler [\"http-nio-auto-1\"]"}
{"@timestamp":"2025-10-22T19:21:20.3195061+03:00","level":"INFO","thread_name":"Test worker","message":"Starting service [Tomcat]"}
{"@timestamp":"2025-10-22T19:21:20.3195357+03:00","level":"INFO","thread_name":"Test worker","message":"Starting Servlet engine: [Apache Tomcat/10.1.44]"}
{"@timestamp":"2025-10-22T19:21:20.4127416+03:00","level":"INFO","thread_name":"Test worker","message":"Initializing Spring embedded WebApplicationContext"}
{"@timestamp":"2025-10-22T19:21:20.4127416+03:00","level":"INFO","thread_name":"Test worker","message":"Root WebApplicationContext: initialization completed in 2397 ms"}
{"@timestamp":"2025-10-22T19:21:21.3934856+03:00","level":"INFO","thread_name":"Test worker","message":"HHH000204: Processing PersistenceUnitInfo [name: default]"}
{"@timestamp":"2025-10-22T19:21:21.4611874+03:00","level":"INFO","thread_name":"Test worker","message":"HHH000412: Hibernate ORM core version 6.6.26.Final"}
{"@timestamp":"2025-10-22T19:21:21.4911614+03:00","level":"INFO","thread_name":"Test worker","message":"HHH000026: Second-level cache disabled"}
{"@timestamp":"2025-10-22T19:21:21.6961149+03:00","level":"INFO","thread_name":"Test worker","message":"No LoadTimeWeaver setup: ignoring JPA class transformer"}
{"@timestamp":"2025-10-22T19:21:21.7181515+03:00","level":"INFO","thread_name":"Test worker","message":"HikariPool-1 - Starting..."}
{"@timestamp":"2025-10-22T19:21:21.7819487+03:00","level":"INFO","thread_name":"Test worker","message":"HikariPool-1 - Added connection org.postgresql.jdbc.PgConnection@56c278bf"}
{"@timestamp":"2025-10-22T19:21:21.7830088+03:00","level":"INFO","thread_name":"Test worker","message":"HikariPool-1 - Start completed."}
{"@timestamp":"2025-10-22T19:21:21.8326254+03:00","level":"INFO","thread_name":"Test worker","message":"HHH10001005: Database info:\n\tDatabase JDBC URL [Connecting through datasource 'HikariDataSource (HikariPool-1)']\n\tDatabase driver: undefined/unknown\n\tDatabase version: 12.3\n\tAutocommit mode: undefined/unknown\n\tIsolation level: undefined/unknown\n\tMinimum pool size: undefined/unknown\n\tMaximum pool size: undefined/unknown"}
{"@timestamp":"2025-10-22T19:21:22.4516645+03:00","level":"INFO","thread_name":"Test worker","message":"HHH000489: No JTA platform available (set 'hibernate.transaction.jta.platform' to enable JTA platform integration)"}
{"@timestamp":"2025-10-22T19:21:22.4924987+03:00","level":"INFO","thread_name":"Test worker","message":"Initialized JPA EntityManagerFactory for persistence unit 'default'"}
{"@timestamp":"2025-10-22T19:21:23.3750785+03:00","level":"WARN","thread_name":"Test worker","message":"spring.jpa.open-in-view is enabled by default. Therefore, database queries may be performed during view rendering. Explicitly configure spring.jpa.open-in-view to disable this warning"}
{"@timestamp":"2025-10-22T19:21:24.5973363+03:00","level":"INFO","thread_name":"Test worker","message":"Initializing Spring TestDispatcherServlet ''"}
{"@timestamp":"2025-10-22T19:21:24.5973363+03:00","level":"INFO","thread_name":"Test worker","message":"Initializing Servlet ''"}
{"@timestamp":"2025-10-22T19:21:24.6052985+03:00","level":"INFO","thread_name":"Test worker","message":"Exposing 1 endpoint beneath base path '/actuator'"}
{"@timestamp":"2025-10-22T19:21:24.6176147+03:00","level":"INFO","thread_name":"Test worker","message":"Completed initialization in 20 ms"}
{"@timestamp":"2025-10-22T19:21:25.7596084+03:00","level":"INFO","thread_name":"Test worker","message":"Cannot determine local hostname"}
{"@timestamp":"2025-10-22T19:21:25.7876087+03:00","level":"INFO","thread_name":"Test worker","message":"Eureka HTTP Client uses RestTemplate."}
{"@timestamp":"2025-10-22T19:21:25.8580393+03:00","level":"WARN","thread_name":"Test worker","message":"Spring Cloud LoadBalancer is currently working with the default cache. While this cache implementation is useful for development and tests, it's recommended to use Caffeine cache in production.You can switch to using Caffeine cache, by adding it and org.springframework.cache.caffeine.CaffeineCacheManager to the classpath."}
{"@timestamp":"2025-10-22T19:21:26.0073447+03:00","level":"INFO","thread_name":"Test worker","message":"Starting ProtocolHandler [\"http-nio-auto-1\"]"}
{"@timestamp":"2025-10-22T19:21:26.0163448+03:00","level":"INFO","thread_name":"Test worker","message":"Tomcat started on port 52682 (http) with context path '/'"}
{"@timestamp":"2025-10-22T19:21:27.1268438+03:00","level":"INFO","thread_name":"Test worker","message":"Cannot determine local hostname"}
{"@timestamp":"2025-10-22T19:21:27.1398425+03:00","level":"INFO","thread_name":"Test worker","message":"Started DiscountServiceIntegrationTest in 11.087 seconds (process running for 14.233)"}
{"@timestamp":"2025-10-22T19:21:30.5672781+03:00","level":"INFO","thread_name":"SpringApplicationShutdownHook","message":"Commencing graceful shutdown. Waiting for active requests to complete"}
{"@timestamp":"2025-10-22T19:21:30.7602175+03:00","level":"INFO","thread_name":"tomcat-shutdown","message":"Graceful shutdown complete"}
{"@timestamp":"2025-10-22T19:21:30.7707721+03:00","level":"INFO","thread_name":"SpringApplicationShutdownHook","message":"Closing JPA EntityManagerFactory for persistence unit 'default'"}
{"@timestamp":"2025-10-22T19:21:30.7727699+03:00","level":"INFO","thread_name":"SpringApplicationShutdownHook","message":"HikariPool-1 - Shutdown initiated..."}
{"@timestamp":"2025-10-22T19:21:30.7737696+03:00","level":"INFO","thread_name":"SpringApplicationShutdownHook","message":"HikariPool-1 - Shutdown completed."}
{"@timestamp":"2025-10-22T19:22:20.9562478+03:00","level":"INFO","thread_name":"Test worker","message":"Starting DiscountServiceIntegrationTest using Java 17.0.10 with PID 7144 (started by kirin in C:\\Users\\kirin\\IdeaProjects\\shop\\discount-api)"}
{"@timestamp":"2025-10-22T19:22:20.9562478+03:00","level":"INFO","thread_name":"Test worker","message":"The following 1 profile is active: \"test\""}
{"@timestamp":"2025-10-22T19:22:21.1215018+03:00","level":"INFO","thread_name":"Test worker","message":"Fetching config from server at : http://localhost:8888"}
{"@timestamp":"2025-10-22T19:22:21.1215018+03:00","level":"INFO","thread_name":"Test worker","message":"Exception on Url - http://localhost:8888:org.springframework.web.client.ResourceAccessException: I/O error on GET request for \"http://localhost:8888/discount-api/test\": Connection refused: no further information. Will be trying the next url if available"}
{"@timestamp":"2025-10-22T19:22:21.1215018+03:00","level":"WARN","thread_name":"Test worker","message":"Could not locate PropertySource ([ConfigServerConfigDataResource@255d9277 uris = array<String>['http://localhost:8888'], optional = true, profiles = 'test']): I/O error on GET request for \"http://localhost:8888/discount-api/test\": Connection refused: no further information"}
{"@timestamp":"2025-10-22T19:22:21.1215018+03:00","level":"INFO","thread_name":"Test worker","message":"Fetching config from server at : http://localhost:8888"}
{"@timestamp":"2025-10-22T19:22:21.1215018+03:00","level":"INFO","thread_name":"Test worker","message":"Exception on Url - http://localhost:8888:org.springframework.web.client.ResourceAccessException: I/O error on GET request for \"http://localhost:8888/discount-api/default\": Connection refused: no further information. Will be trying the next url if available"}
{"@timestamp":"2025-10-22T19:22:21.1215018+03:00","level":"WARN","thread_name":"Test worker","message":"Could not locate PropertySource ([ConfigServerConfigDataResource@1de13f34 uris = array<String>['http://localhost:8888'], optional = true, profiles = 'default']): I/O error on GET request for \"http://localhost:8888/discount-api/default\": Connection refused: no further information"}
{"@timestamp":"2025-10-22T19:22:22.0421659+03:00","level":"INFO","thread_name":"Test worker","message":"Multiple Spring Data modules found, entering strict repository configuration mode"}
{"@timestamp":"2025-10-22T19:22:22.044155+03:00","level":"INFO","thread_name":"Test worker","message":"Bootstrapping Spring Data JPA repositories in DEFAULT mode."}
{"@timestamp":"2025-10-22T19:22:22.1675586+03:00","level":"INFO","thread_name":"Test worker","message":"Finished Spring Data repository scanning in 111 ms. Found 1 JPA repository interface."}
{"@timestamp":"2025-10-22T19:22:22.1815501+03:00","level":"INFO","thread_name":"Test worker","message":"Multiple Spring Data modules found, entering strict repository configuration mode"}
{"@timestamp":"2025-10-22T19:22:22.1815501+03:00","level":"INFO","thread_name":"Test worker","message":"Bootstrapping Spring Data Redis repositories in DEFAULT mode."}
{"@timestamp":"2025-10-22T19:22:22.1995512+03:00","level":"INFO","thread_name":"Test worker","message":"Spring Data Redis - Could not safely identify store assignment for repository candidate interface ru.innotech.discountapi.adapters.repository.DiscountRepository; If you want this repository to be a Redis repository, consider annotating your entities with one of these annotations: org.springframework.data.redis.core.RedisHash (preferred), or consider extending one of the following types with your repository: org.springframework.data.keyvalue.repository.KeyValueRepository"}
{"@timestamp":"2025-10-22T19:22:22.1995512+03:00","level":"INFO","thread_name":"Test worker","message":"Finished Spring Data repository scanning in 7 ms. Found 0 Redis repository interfaces."}
{"@timestamp":"2025-10-22T19:22:22.4753453+03:00","level":"INFO","thread_name":"Test worker","message":"BeanFactory id=06f01438-587a-303b-a2d0-54e46c391792"}
{"@timestamp":"2025-10-22T19:22:23.203424+03:00","level":"INFO","thread_name":"Test worker","message":"Tomcat initialized with port 0 (http)"}
{"@timestamp":"2025-10-22T19:22:23.2194235+03:00","level":"INFO","thread_name":"Test worker","message":"Initializing ProtocolHandler [\"http-nio-auto-1\"]"}
{"@timestamp":"2025-10-22T19:22:23.2204594+03:00","level":"INFO","thread_name":"Test worker","message":"Starting service [Tomcat]"}
{"@timestamp":"2025-10-22T19:22:23.2214284+03:00","level":"INFO","thread_name":"Test worker","message":"Starting Servlet engine: [Apache Tomcat/10.1.44]"}
{"@timestamp":"2025-10-22T19:22:23.3024551+03:00","level":"INFO","thread_name":"Test worker","message":"Initializing Spring embedded WebApplicationContext"}
{"@timestamp":"2025-10-22T19:22:23.3024551+03:00","level":"INFO","thread_name":"Test worker","message":"Root WebApplicationContext: initialization completed in 2177 ms"}
{"@timestamp":"2025-10-22T19:22:24.3400098+03:00","level":"INFO","thread_name":"Test worker","message":"HHH000204: Processing PersistenceUnitInfo [name: default]"}
{"@timestamp":"2025-10-22T19:22:24.4386115+03:00","level":"INFO","thread_name":"Test worker","message":"HHH000412: Hibernate ORM core version 6.6.26.Final"}
{"@timestamp":"2025-10-22T19:22:24.4752115+03:00","level":"INFO","thread_name":"Test worker","message":"HHH000026: Second-level cache disabled"}
{"@timestamp":"2025-10-22T19:22:24.7020547+03:00","level":"INFO","thread_name":"Test worker","message":"No LoadTimeWeaver setup: ignoring JPA class transformer"}
{"@timestamp":"2025-10-22T19:22:24.7300548+03:00","level":"INFO","thread_name":"Test worker","message":"HikariPool-1 - Starting..."}
{"@timestamp":"2025-10-22T19:22:24.7997013+03:00","level":"INFO","thread_name":"Test worker","message":"HikariPool-1 - Added connection org.postgresql.jdbc.PgConnection@346e62d7"}
{"@timestamp":"2025-10-22T19:22:24.8012883+03:00","level":"INFO","thread_name":"Test worker","message":"HikariPool-1 - Start completed."}
{"@timestamp":"2025-10-22T19:22:24.8534362+03:00","level":"INFO","thread_name":"Test worker","message":"HHH10001005: Database info:\n\tDatabase JDBC URL [Connecting through datasource 'HikariDataSource (HikariPool-1)']\n\tDatabase driver: undefined/unknown\n\tDatabase version: 12.3\n\tAutocommit mode: undefined/unknown\n\tIsolation level: undefined/unknown\n\tMinimum pool size: undefined/unknown\n\tMaximum pool size: undefined/unknown"}
{"@timestamp":"2025-10-22T19:22:25.4734567+03:00","level":"INFO","thread_name":"Test worker","message":"HHH000489: No JTA platform available (set 'hibernate.transaction.jta.platform' to enable JTA platform integration)"}
{"@timestamp":"2025-10-22T19:22:25.5137117+03:00","level":"INFO","thread_name":"Test worker","message":"Initialized JPA EntityManagerFactory for persistence unit 'default'"}
{"@timestamp":"2025-10-22T19:22:26.3574407+03:00","level":"WARN","thread_name":"Test worker","message":"spring.jpa.open-in-view is enabled by default. Therefore, database queries may be performed during view rendering. Explicitly configure spring.jpa.open-in-view to disable this warning"}
{"@timestamp":"2025-10-22T19:22:27.5995225+03:00","level":"INFO","thread_name":"Test worker","message":"Initializing Spring TestDispatcherServlet ''"}
{"@timestamp":"2025-10-22T19:22:27.5995225+03:00","level":"INFO","thread_name":"Test worker","message":"Initializing Servlet ''"}
{"@timestamp":"2025-10-22T19:22:27.6098771+03:00","level":"INFO","thread_name":"Test worker","message":"Exposing 1 endpoint beneath base path '/actuator'"}
{"@timestamp":"2025-10-22T19:22:27.6281298+03:00","level":"INFO","thread_name":"Test worker","message":"Completed initialization in 27 ms"}
{"@timestamp":"2025-10-22T19:22:28.782032+03:00","level":"INFO","thread_name":"Test worker","message":"Cannot determine local hostname"}
{"@timestamp":"2025-10-22T19:22:28.8270816+03:00","level":"INFO","thread_name":"Test worker","message":"Eureka HTTP Client uses RestTemplate."}
{"@timestamp":"2025-10-22T19:22:28.9017114+03:00","level":"WARN","thread_name":"Test worker","message":"Spring Cloud LoadBalancer is currently working with the default cache. While this cache implementation is useful for development and tests, it's recommended to use Caffeine cache in production.You can switch to using Caffeine cache, by adding it and org.springframework.cache.caffeine.CaffeineCacheManager to the classpath."}
{"@timestamp":"2025-10-22T19:22:29.0604793+03:00","level":"INFO","thread_name":"Test worker","message":"Starting ProtocolHandler [\"http-nio-auto-1\"]"}
{"@timestamp":"2025-10-22T19:22:29.0714796+03:00","level":"INFO","thread_name":"Test worker","message":"Tomcat started on port 52721 (http) with context path '/'"}
{"@timestamp":"2025-10-22T19:22:30.1697116+03:00","level":"INFO","thread_name":"Test worker","message":"Cannot determine local hostname"}
{"@timestamp":"2025-10-22T19:22:30.2017044+03:00","level":"INFO","thread_name":"Test worker","message":"Started DiscountServiceIntegrationTest in 11.077 seconds (process running for 14.206)"}
{"@timestamp":"2025-10-22T19:22:31.0657641+03:00","level":"INFO","thread_name":"lettuce-eventExecutorLoop-1-1","message":"Reconnecting, last destination was localhost/127.0.0.1:52706"}
{"@timestamp":"2025-10-22T19:22:31.0723177+03:00","level":"WARN","thread_name":"lettuce-nioEventLoop-4-2","message":"Cannot reconnect to [localhost/<unresolved>:52706]: Connection closed prematurely"}
{"@timestamp":"2025-10-22T19:22:31.5166318+03:00","level":"INFO","thread_name":"SpringApplicationShutdownHook","message":"Commencing graceful shutdown. Waiting for active requests to complete"}
{"@timestamp":"2025-10-22T19:22:31.715071+03:00","level":"INFO","thread_name":"tomcat-shutdown","message":"Graceful shutdown complete"}
{"@timestamp":"2025-10-22T19:22:31.7265786+03:00","level":"INFO","thread_name":"SpringApplicationShutdownHook","message":"Closing JPA EntityManagerFactory for persistence unit 'default'"}
{"@timestamp":"2025-10-22T19:22:31.7275792+03:00","level":"INFO","thread_name":"SpringApplicationShutdownHook","message":"HikariPool-1 - Shutdown initiated..."}
{"@timestamp":"2025-10-22T19:22:31.7312353+03:00","level":"INFO","thread_name":"SpringApplicationShutdownHook","message":"HikariPool-1 - Shutdown completed."}
{"@timestamp":"2025-10-22T19:23:02.0323357+03:00","level":"INFO","thread_name":"Test worker","message":"Starting DiscountControllerTest using Java 17.0.10 with PID 42508 (started by kirin in C:\\Users\\kirin\\IdeaProjects\\shop\\discount-api)"}
{"@timestamp":"2025-10-22T19:23:02.0323357+03:00","level":"INFO","thread_name":"Test worker","message":"The following 1 profile is active: \"test\""}
{"@timestamp":"2025-10-22T19:23:02.1940052+03:00","level":"INFO","thread_name":"Test worker","message":"Fetching config from server at : http://localhost:8888"}
{"@timestamp":"2025-10-22T19:23:02.1940052+03:00","level":"INFO","thread_name":"Test worker","message":"Exception on Url - http://localhost:8888:org.springframework.web.client.ResourceAccessException: I/O error on GET request for \"http://localhost:8888/discount-api/test\": Connection refused: no further information. Will be trying the next url if available"}
{"@timestamp":"2025-10-22T19:23:02.1940052+03:00","level":"WARN","thread_name":"Test worker","message":"Could not locate PropertySource ([ConfigServerConfigDataResource@755a7218 uris = array<String>['http://localhost:8888'], optional = true, profiles = 'test']): I/O error on GET request for \"http://localhost:8888/discount-api/test\": Connection refused: no further information"}
{"@timestamp":"2025-10-22T19:23:02.1940052+03:00","level":"INFO","thread_name":"Test worker","message":"Fetching config from server at : http://localhost:8888"}
{"@timestamp":"2025-10-22T19:23:02.1940052+03:00","level":"INFO","thread_name":"Test worker","message":"Exception on Url - http://localhost:8888:org.springframework.web.client.ResourceAccessException: I/O error on GET request for \"http://localhost:8888/discount-api/default\": Connection refused: no further information. Will be trying the next url if available"}
{"@timestamp":"2025-10-22T19:23:02.1940052+03:00","level":"WARN","thread_name":"Test worker","message":"Could not locate PropertySource ([ConfigServerConfigDataResource@70c29356 uris = array<String>['http://localhost:8888'], optional = true, profiles = 'default']): I/O error on GET request for \"http://localhost:8888/discount-api/default\": Connection refused: no further information"}
{"@timestamp":"2025-10-22T19:23:03.1807409+03:00","level":"INFO","thread_name":"Test worker","message":"Multiple Spring Data modules found, entering strict repository configuration mode"}
{"@timestamp":"2025-10-22T19:23:03.1827414+03:00","level":"INFO","thread_name":"Test worker","message":"Bootstrapping Spring Data JPA repositories in DEFAULT mode."}
{"@timestamp":"2025-10-22T19:23:03.3057106+03:00","level":"INFO","thread_name":"Test worker","message":"Finished Spring Data repository scanning in 112 ms. Found 1 JPA repository interface."}
{"@timestamp":"2025-10-22T19:23:03.3199377+03:00","level":"INFO","thread_name":"Test worker","message":"Multiple Spring Data modules found, entering strict repository configuration mode"}
{"@timestamp":"2025-10-22T19:23:03.3229355+03:00","level":"INFO","thread_name":"Test worker","message":"Bootstrapping Spring Data Redis repositories in DEFAULT mode."}
{"@timestamp":"2025-10-22T19:23:03.3419371+03:00","level":"INFO","thread_name":"Test worker","message":"Spring Data Redis - Could not safely identify store assignment for repository candidate interface ru.innotech.discountapi.adapters.repository.DiscountRepository; If you want this repository to be a Redis repository, consider annotating your entities with one of these annotations: org.springframework.data.redis.core.RedisHash (preferred), or consider extending one of the following types with your repository: org.springframework.data.keyvalue.repository.KeyValueRepository"}
{"@timestamp":"2025-10-22T19:23:03.3419371+03:00","level":"INFO","thread_name":"Test worker","message":"Finished Spring Data repository scanning in 8 ms. Found 0 Redis repository interfaces."}
{"@timestamp":"2025-10-22T19:23:03.68263+03:00","level":"INFO","thread_name":"Test worker","message":"BeanFactory id=06f01438-587a-303b-a2d0-54e46c391792"}
{"@timestamp":"2025-10-22T19:23:04.5040759+03:00","level":"INFO","thread_name":"Test worker","message":"Tomcat initialized with port 0 (http)"}
{"@timestamp":"2025-10-22T19:23:04.5180762+03:00","level":"INFO","thread_name":"Test worker","message":"Initializing ProtocolHandler [\"http-nio-auto-1\"]"}
{"@timestamp":"2025-10-22T19:23:04.5210759+03:00","level":"INFO","thread_name":"Test worker","message":"Starting service [Tomcat]"}
{"@timestamp":"2025-10-22T19:23:04.5210759+03:00","level":"INFO","thread_name":"Test worker","message":"Starting Servlet engine: [Apache Tomcat/10.1.44]"}
{"@timestamp":"2025-10-22T19:23:04.6014654+03:00","level":"INFO","thread_name":"Test worker","message":"Initializing Spring embedded WebApplicationContext"}
{"@timestamp":"2025-10-22T19:23:04.6014654+03:00","level":"INFO","thread_name":"Test worker","message":"Root WebApplicationContext: initialization completed in 2403 ms"}
{"@timestamp":"2025-10-22T19:23:05.5955208+03:00","level":"INFO","thread_name":"Test worker","message":"HHH000204: Processing PersistenceUnitInfo [name: default]"}
{"@timestamp":"2025-10-22T19:23:05.6475773+03:00","level":"INFO","thread_name":"Test worker","message":"HHH000412: Hibernate ORM core version 6.6.26.Final"}
{"@timestamp":"2025-10-22T19:23:05.6735461+03:00","level":"INFO","thread_name":"Test worker","message":"HHH000026: Second-level cache disabled"}
{"@timestamp":"2025-10-22T19:23:05.9114645+03:00","level":"INFO","thread_name":"Test worker","message":"No LoadTimeWeaver setup: ignoring JPA class transformer"}
{"@timestamp":"2025-10-22T19:23:05.9424382+03:00","level":"INFO","thread_name":"Test worker","message":"HikariPool-1 - Starting..."}
{"@timestamp":"2025-10-22T19:23:06.0269571+03:00","level":"INFO","thread_name":"Test worker","message":"HikariPool-1 - Added connection org.postgresql.jdbc.PgConnection@32f0a9c2"}
{"@timestamp":"2025-10-22T19:23:06.0285821+03:00","level":"INFO","thread_name":"Test worker","message":"HikariPool-1 - Start completed."}
{"@timestamp":"2025-10-22T19:23:06.081981+03:00","level":"INFO","thread_name":"Test worker","message":"HHH10001005: Database info:\n\tDatabase JDBC URL [Connecting through datasource 'HikariDataSource (HikariPool-1)']\n\tDatabase driver: undefined/unknown\n\tDatabase version: 12.3\n\tAutocommit mode: undefined/unknown\n\tIsolation level: undefined/unknown\n\tMinimum pool size: undefined/unknown\n\tMaximum pool size: undefined/unknown"}
{"@timestamp":"2025-10-22T19:23:06.8108476+03:00","level":"INFO","thread_name":"Test worker","message":"HHH000489: No JTA platform available (set 'hibernate.transaction.jta.platform' to enable JTA platform integration)"}
{"@timestamp":"2025-10-22T19:23:06.8500607+03:00","level":"INFO","thread_name":"Test worker","message":"Initialized JPA EntityManagerFactory for persistence unit 'default'"}
{"@timestamp":"2025-10-22T19:23:08.5235511+03:00","level":"WARN","thread_name":"Test worker","message":"spring.jpa.open-in-view is enabled by default. Therefore, database queries may be performed during view rendering. Explicitly configure spring.jpa.open-in-view to disable this warning"}
{"@timestamp":"2025-10-22T19:23:10.7572793+03:00","level":"INFO","thread_name":"Test worker","message":"Initializing Spring TestDispatcherServlet ''"}
{"@timestamp":"2025-10-22T19:23:10.7572793+03:00","level":"INFO","thread_name":"Test worker","message":"Initializing Servlet ''"}
{"@timestamp":"2025-10-22T19:23:10.7718849+03:00","level":"INFO","thread_name":"Test worker","message":"Exposing 1 endpoint beneath base path '/actuator'"}
{"@timestamp":"2025-10-22T19:23:10.7980432+03:00","level":"INFO","thread_name":"Test worker","message":"Completed initialization in 40 ms"}
{"@timestamp":"2025-10-22T19:23:11.9923799+03:00","level":"INFO","thread_name":"Test worker","message":"Cannot determine local hostname"}
{"@timestamp":"2025-10-22T19:23:12.027373+03:00","level":"INFO","thread_name":"Test worker","message":"Eureka HTTP Client uses RestTemplate."}
{"@timestamp":"2025-10-22T19:23:12.1433743+03:00","level":"WARN","thread_name":"Test worker","message":"Spring Cloud LoadBalancer is currently working with the default cache. While this cache implementation is useful for development and tests, it's recommended to use Caffeine cache in production.You can switch to using Caffeine cache, by adding it and org.springframework.cache.caffeine.CaffeineCacheManager to the classpath."}
{"@timestamp":"2025-10-22T19:23:12.4468423+03:00","level":"INFO","thread_name":"Test worker","message":"Starting ProtocolHandler [\"http-nio-auto-1\"]"}
{"@timestamp":"2025-10-22T19:23:12.4678438+03:00","level":"INFO","thread_name":"Test worker","message":"Tomcat started on port 52766 (http) with context path '/'"}
{"@timestamp":"2025-10-22T19:23:13.6227553+03:00","level":"INFO","thread_name":"Test worker","message":"Cannot determine local hostname"}
{"@timestamp":"2025-10-22T19:23:13.6543866+03:00","level":"INFO","thread_name":"Test worker","message":"Started DiscountControllerTest in 13.449 seconds (process running for 16.637)"}
{"@timestamp":"2025-10-22T19:23:15.1256624+03:00","level":"INFO","thread_name":"SpringApplicationShutdownHook","message":"Commencing graceful shutdown. Waiting for active requests to complete"}
{"@timestamp":"2025-10-22T19:23:15.3616139+03:00","level":"INFO","thread_name":"tomcat-shutdown","message":"Graceful shutdown complete"}
{"@timestamp":"2025-10-22T19:23:15.3716113+03:00","level":"INFO","thread_name":"SpringApplicationShutdownHook","message":"Closing JPA EntityManagerFactory for persistence unit 'default'"}
{"@timestamp":"2025-10-22T19:23:15.3736133+03:00","level":"INFO","thread_name":"SpringApplicationShutdownHook","message":"HikariPool-1 - Shutdown initiated..."}
{"@timestamp":"2025-10-22T19:23:15.3746145+03:00","level":"INFO","thread_name":"SpringApplicationShutdownHook","message":"HikariPool-1 - Shutdown completed."}
{"@timestamp":"2025-10-22T19:24:13.1312189+03:00","level":"INFO","thread_name":"Test worker","message":"Starting DiscountServiceIntegrationTest using Java 17.0.10 with PID 2248 (started by kirin in C:\\Users\\kirin\\IdeaProjects\\shop\\discount-api)"}
{"@timestamp":"2025-10-22T19:24:13.1321623+03:00","level":"INFO","thread_name":"Test worker","message":"The following 1 profile is active: \"test\""}
{"@timestamp":"2025-10-22T19:24:13.2761573+03:00","level":"INFO","thread_name":"Test worker","message":"Fetching config from server at : http://localhost:8888"}
{"@timestamp":"2025-10-22T19:24:13.2761573+03:00","level":"INFO","thread_name":"Test worker","message":"Exception on Url - http://localhost:8888:org.springframework.web.client.ResourceAccessException: I/O error on GET request for \"http://localhost:8888/discount-api/test\": Connection refused: no further information. Will be trying the next url if available"}
{"@timestamp":"2025-10-22T19:24:13.2761573+03:00","level":"WARN","thread_name":"Test worker","message":"Could not locate PropertySource ([ConfigServerConfigDataResource@53ea380b uris = array<String>['http://localhost:8888'], optional = true, profiles = 'test']): I/O error on GET request for \"http://localhost:8888/discount-api/test\": Connection refused: no further information"}
{"@timestamp":"2025-10-22T19:24:13.2761573+03:00","level":"INFO","thread_name":"Test worker","message":"Fetching config from server at : http://localhost:8888"}
{"@timestamp":"2025-10-22T19:24:13.2761573+03:00","level":"INFO","thread_name":"Test worker","message":"Exception on Url - http://localhost:8888:org.springframework.web.client.ResourceAccessException: I/O error on GET request for \"http://localhost:8888/discount-api/default\": Connection refused: no further information. Will be trying the next url if available"}
{"@timestamp":"2025-10-22T19:24:13.2761573+03:00","level":"WARN","thread_name":"Test worker","message":"Could not locate PropertySource ([ConfigServerConfigDataResource@578c3fd9 uris = array<String>['http://localhost:8888'], optional = true, profiles = 'default']): I/O error on GET request for \"http://localhost:8888/discount-api/default\": Connection refused: no further information"}
{"@timestamp":"2025-10-22T19:24:14.1999444+03:00","level":"INFO","thread_name":"Test worker","message":"Multiple Spring Data modules found, entering strict repository configuration mode"}
{"@timestamp":"2025-10-22T19:24:14.2029147+03:00","level":"INFO","thread_name":"Test worker","message":"Bootstrapping Spring Data JPA repositories in DEFAULT mode."}
{"@timestamp":"2025-10-22T19:24:14.3256661+03:00","level":"INFO","thread_name":"Test worker","message":"Finished Spring Data repository scanning in 112 ms. Found 1 JPA repository interface."}
{"@timestamp":"2025-10-22T19:24:14.3375645+03:00","level":"INFO","thread_name":"Test worker","message":"Multiple Spring Data modules found, entering strict repository configuration mode"}
{"@timestamp":"2025-10-22T19:24:14.3386068+03:00","level":"INFO","thread_name":"Test worker","message":"Bootstrapping Spring Data Redis repositories in DEFAULT mode."}
{"@timestamp":"2025-10-22T19:24:14.3532437+03:00","level":"INFO","thread_name":"Test worker","message":"Spring Data Redis - Could not safely identify store assignment for repository candidate interface ru.innotech.discountapi.adapters.repository.DiscountRepository; If you want this repository to be a Redis repository, consider annotating your entities with one of these annotations: org.springframework.data.redis.core.RedisHash (preferred), or consider extending one of the following types with your repository: org.springframework.data.keyvalue.repository.KeyValueRepository"}
{"@timestamp":"2025-10-22T19:24:14.3532437+03:00","level":"INFO","thread_name":"Test worker","message":"Finished Spring Data repository scanning in 5 ms. Found 0 Redis repository interfaces."}
{"@timestamp":"2025-10-22T19:24:14.6471074+03:00","level":"INFO","thread_name":"Test worker","message":"BeanFactory id=06f01438-587a-303b-a2d0-54e46c391792"}
{"@timestamp":"2025-10-22T19:24:15.3685426+03:00","level":"INFO","thread_name":"Test worker","message":"Tomcat initialized with port 0 (http)"}
{"@timestamp":"2025-10-22T19:24:15.3815069+03:00","level":"INFO","thread_name":"Test worker","message":"Initializing ProtocolHandler [\"http-nio-auto-1\"]"}
{"@timestamp":"2025-10-22T19:24:15.3845139+03:00","level":"INFO","thread_name":"Test worker","message":"Starting service [Tomcat]"}
{"@timestamp":"2025-10-22T19:24:15.3855445+03:00","level":"INFO","thread_name":"Test worker","message":"Starting Servlet engine: [Apache Tomcat/10.1.44]"}
{"@timestamp":"2025-10-22T19:24:15.469557+03:00","level":"INFO","thread_name":"Test worker","message":"Initializing Spring embedded WebApplicationContext"}
{"@timestamp":"2025-10-22T19:24:15.469557+03:00","level":"INFO","thread_name":"Test worker","message":"Root WebApplicationContext: initialization completed in 2187 ms"}
{"@timestamp":"2025-10-22T19:24:16.4220828+03:00","level":"INFO","thread_name":"Test worker","message":"HHH000204: Processing PersistenceUnitInfo [name: default]"}
{"@timestamp":"2025-10-22T19:24:16.5161076+03:00","level":"INFO","thread_name":"Test worker","message":"HHH000412: Hibernate ORM core version 6.6.26.Final"}
{"@timestamp":"2025-10-22T19:24:16.5520878+03:00","level":"INFO","thread_name":"Test worker","message":"HHH000026: Second-level cache disabled"}
{"@timestamp":"2025-10-22T19:24:16.7542849+03:00","level":"INFO","thread_name":"Test worker","message":"No LoadTimeWeaver setup: ignoring JPA class transformer"}
{"@timestamp":"2025-10-22T19:24:16.7788672+03:00","level":"INFO","thread_name":"Test worker","message":"HikariPool-1 - Starting..."}
{"@timestamp":"2025-10-22T19:24:16.8401898+03:00","level":"INFO","thread_name":"Test worker","message":"HikariPool-1 - Added connection org.postgresql.jdbc.PgConnection@31dd8a0b"}
{"@timestamp":"2025-10-22T19:24:16.8412453+03:00","level":"INFO","thread_name":"Test worker","message":"HikariPool-1 - Start completed."}
{"@timestamp":"2025-10-22T19:24:16.889536+03:00","level":"INFO","thread_name":"Test worker","message":"HHH10001005: Database info:\n\tDatabase JDBC URL [Connecting through datasource 'HikariDataSource (HikariPool-1)']\n\tDatabase driver: undefined/unknown\n\tDatabase version: 12.3\n\tAutocommit mode: undefined/unknown\n\tIsolation level: undefined/unknown\n\tMinimum pool size: undefined/unknown\n\tMaximum pool size: undefined/unknown"}
{"@timestamp":"2025-10-22T19:24:17.4565172+03:00","level":"INFO","thread_name":"Test worker","message":"HHH000489: No JTA platform available (set 'hibernate.transaction.jta.platform' to enable JTA platform integration)"}
{"@timestamp":"2025-10-22T19:24:17.4944242+03:00","level":"INFO","thread_name":"Test worker","message":"Initialized JPA EntityManagerFactory for persistence unit 'default'"}
{"@timestamp":"2025-10-22T19:24:18.4355624+03:00","level":"WARN","thread_name":"Test worker","message":"spring.jpa.open-in-view is enabled by default. Therefore, database queries may be performed during view rendering. Explicitly configure spring.jpa.open-in-view to disable this warning"}
{"@timestamp":"2025-10-22T19:24:19.6488878+03:00","level":"INFO","thread_name":"Test worker","message":"Initializing Spring TestDispatcherServlet ''"}
{"@timestamp":"2025-10-22T19:24:19.6488878+03:00","level":"INFO","thread_name":"Test worker","message":"Initializing Servlet ''"}
{"@timestamp":"2025-10-22T19:24:19.6586028+03:00","level":"INFO","thread_name":"Test worker","message":"Exposing 1 endpoint beneath base path '/actuator'"}
{"@timestamp":"2025-10-22T19:24:19.673586+03:00","level":"INFO","thread_name":"Test worker","message":"Completed initialization in 25 ms"}
{"@timestamp":"2025-10-22T19:24:20.843945+03:00","level":"INFO","thread_name":"Test worker","message":"Cannot determine local hostname"}
{"@timestamp":"2025-10-22T19:24:20.8748508+03:00","level":"INFO","thread_name":"Test worker","message":"Eureka HTTP Client uses RestTemplate."}
{"@timestamp":"2025-10-22T19:24:20.9598842+03:00","level":"WARN","thread_name":"Test worker","message":"Spring Cloud LoadBalancer is currently working with the default cache. While this cache implementation is useful for development and tests, it's recommended to use Caffeine cache in production.You can switch to using Caffeine cache, by adding it and org.springframework.cache.caffeine.CaffeineCacheManager to the classpath."}
{"@timestamp":"2025-10-22T19:24:21.1106081+03:00","level":"INFO","thread_name":"Test worker","message":"Starting ProtocolHandler [\"http-nio-auto-1\"]"}
{"@timestamp":"2025-10-22T19:24:21.1196066+03:00","level":"INFO","thread_name":"Test worker","message":"Tomcat started on port 52827 (http) with context path '/'"}
{"@timestamp":"2025-10-22T19:24:22.2248349+03:00","level":"INFO","thread_name":"Test worker","message":"Cannot determine local hostname"}
{"@timestamp":"2025-10-22T19:24:22.2468938+03:00","level":"INFO","thread_name":"Test worker","message":"Started DiscountServiceIntegrationTest in 10.927 seconds (process running for 14.054)"}
{"@timestamp":"2025-10-22T19:24:23.1129707+03:00","level":"INFO","thread_name":"lettuce-eventExecutorLoop-1-1","message":"Reconnecting, last destination was localhost/127.0.0.1:52812"}
{"@timestamp":"2025-10-22T19:24:23.1188583+03:00","level":"WARN","thread_name":"lettuce-nioEventLoop-4-2","message":"Cannot reconnect to [localhost/<unresolved>:52812]: Connection closed prematurely"}
{"@timestamp":"2025-10-22T19:24:23.4537009+03:00","level":"INFO","thread_name":"SpringApplicationShutdownHook","message":"Commencing graceful shutdown. Waiting for active requests to complete"}
{"@timestamp":"2025-10-22T19:24:23.6681029+03:00","level":"INFO","thread_name":"tomcat-shutdown","message":"Graceful shutdown complete"}
{"@timestamp":"2025-10-22T19:24:23.6798282+03:00","level":"INFO","thread_name":"SpringApplicationShutdownHook","message":"Closing JPA EntityManagerFactory for persistence unit 'default'"}
{"@timestamp":"2025-10-22T19:24:23.6817585+03:00","level":"INFO","thread_name":"SpringApplicationShutdownHook","message":"HikariPool-1 - Shutdown initiated..."}
{"@timestamp":"2025-10-22T19:24:23.6846345+03:00","level":"INFO","thread_name":"SpringApplicationShutdownHook","message":"HikariPool-1 - Shutdown completed."}
{"@timestamp":"2025-10-22T19:26:23.0964269+03:00","level":"INFO","thread_name":"Test worker","message":"Starting DiscountServiceIntegrationTest using Java 17.0.10 with PID 41516 (started by kirin in C:\\Users\\kirin\\IdeaProjects\\shop\\discount-api)"}
{"@timestamp":"2025-10-22T19:26:23.0964269+03:00","level":"INFO","thread_name":"Test worker","message":"The following 1 profile is active: \"test\""}
{"@timestamp":"2025-10-22T19:26:23.2390999+03:00","level":"INFO","thread_name":"Test worker","message":"Fetching config from server at : http://localhost:8888"}
{"@timestamp":"2025-10-22T19:26:23.2390999+03:00","level":"INFO","thread_name":"Test worker","message":"Exception on Url - http://localhost:8888:org.springframework.web.client.ResourceAccessException: I/O error on GET request for \"http://localhost:8888/discount-api/test\": Connection refused: no further information. Will be trying the next url if available"}
{"@timestamp":"2025-10-22T19:26:23.2390999+03:00","level":"WARN","thread_name":"Test worker","message":"Could not locate PropertySource ([ConfigServerConfigDataResource@578c3fd9 uris = array<String>['http://localhost:8888'], optional = true, profiles = 'test']): I/O error on GET request for \"http://localhost:8888/discount-api/test\": Connection refused: no further information"}
{"@timestamp":"2025-10-22T19:26:23.2390999+03:00","level":"INFO","thread_name":"Test worker","message":"Fetching config from server at : http://localhost:8888"}
{"@timestamp":"2025-10-22T19:26:23.2390999+03:00","level":"INFO","thread_name":"Test worker","message":"Exception on Url - http://localhost:8888:org.springframework.web.client.ResourceAccessException: I/O error on GET request for \"http://localhost:8888/discount-api/default\": Connection refused: no further information. Will be trying the next url if available"}
{"@timestamp":"2025-10-22T19:26:23.2390999+03:00","level":"WARN","thread_name":"Test worker","message":"Could not locate PropertySource ([ConfigServerConfigDataResource@245cb8df uris = array<String>['http://localhost:8888'], optional = true, profiles = 'default']): I/O error on GET request for \"http://localhost:8888/discount-api/default\": Connection refused: no further information"}
{"@timestamp":"2025-10-22T19:26:24.1765228+03:00","level":"INFO","thread_name":"Test worker","message":"Multiple Spring Data modules found, entering strict repository configuration mode"}
{"@timestamp":"2025-10-22T19:26:24.1785214+03:00","level":"INFO","thread_name":"Test worker","message":"Bootstrapping Spring Data JPA repositories in DEFAULT mode."}
{"@timestamp":"2025-10-22T19:26:24.3070162+03:00","level":"INFO","thread_name":"Test worker","message":"Finished Spring Data repository scanning in 112 ms. Found 1 JPA repository interface."}
{"@timestamp":"2025-10-22T19:26:24.3250242+03:00","level":"INFO","thread_name":"Test worker","message":"Multiple Spring Data modules found, entering strict repository configuration mode"}
{"@timestamp":"2025-10-22T19:26:24.3260255+03:00","level":"INFO","thread_name":"Test worker","message":"Bootstrapping Spring Data Redis repositories in DEFAULT mode."}
{"@timestamp":"2025-10-22T19:26:24.3420246+03:00","level":"INFO","thread_name":"Test worker","message":"Spring Data Redis - Could not safely identify store assignment for repository candidate interface ru.innotech.discountapi.adapters.repository.DiscountRepository; If you want this repository to be a Redis repository, consider annotating your entities with one of these annotations: org.springframework.data.redis.core.RedisHash (preferred), or consider extending one of the following types with your repository: org.springframework.data.keyvalue.repository.KeyValueRepository"}
{"@timestamp":"2025-10-22T19:26:24.3420246+03:00","level":"INFO","thread_name":"Test worker","message":"Finished Spring Data repository scanning in 7 ms. Found 0 Redis repository interfaces."}
{"@timestamp":"2025-10-22T19:26:24.6474634+03:00","level":"INFO","thread_name":"Test worker","message":"BeanFactory id=06f01438-587a-303b-a2d0-54e46c391792"}
{"@timestamp":"2025-10-22T19:26:25.3300238+03:00","level":"INFO","thread_name":"Test worker","message":"Tomcat initialized with port 0 (http)"}
{"@timestamp":"2025-10-22T19:26:25.3420034+03:00","level":"INFO","thread_name":"Test worker","message":"Initializing ProtocolHandler [\"http-nio-auto-1\"]"}
{"@timestamp":"2025-10-22T19:26:25.3430475+03:00","level":"INFO","thread_name":"Test worker","message":"Starting service [Tomcat]"}
{"@timestamp":"2025-10-22T19:26:25.3439782+03:00","level":"INFO","thread_name":"Test worker","message":"Starting Servlet engine: [Apache Tomcat/10.1.44]"}
{"@timestamp":"2025-10-22T19:26:25.4212631+03:00","level":"INFO","thread_name":"Test worker","message":"Initializing Spring embedded WebApplicationContext"}
{"@timestamp":"2025-10-22T19:26:25.4212631+03:00","level":"INFO","thread_name":"Test worker","message":"Root WebApplicationContext: initialization completed in 2178 ms"}
{"@timestamp":"2025-10-22T19:26:26.476455+03:00","level":"INFO","thread_name":"Test worker","message":"HHH000204: Processing PersistenceUnitInfo [name: default]"}
{"@timestamp":"2025-10-22T19:26:26.5784549+03:00","level":"INFO","thread_name":"Test worker","message":"HHH000412: Hibernate ORM core version 6.6.26.Final"}
{"@timestamp":"2025-10-22T19:26:26.645063+03:00","level":"INFO","thread_name":"Test worker","message":"HHH000026: Second-level cache disabled"}
{"@timestamp":"2025-10-22T19:26:26.9076481+03:00","level":"INFO","thread_name":"Test worker","message":"No LoadTimeWeaver setup: ignoring JPA class transformer"}
{"@timestamp":"2025-10-22T19:26:26.9296767+03:00","level":"INFO","thread_name":"Test worker","message":"HikariPool-1 - Starting..."}
{"@timestamp":"2025-10-22T19:26:26.9934593+03:00","level":"INFO","thread_name":"Test worker","message":"HikariPool-1 - Added connection org.postgresql.jdbc.PgConnection@4ee6b207"}
{"@timestamp":"2025-10-22T19:26:26.9945267+03:00","level":"INFO","thread_name":"Test worker","message":"HikariPool-1 - Start completed."}
{"@timestamp":"2025-10-22T19:26:27.0443162+03:00","level":"INFO","thread_name":"Test worker","message":"HHH10001005: Database info:\n\tDatabase JDBC URL [Connecting through datasource 'HikariDataSource (HikariPool-1)']\n\tDatabase driver: undefined/unknown\n\tDatabase version: 12.3\n\tAutocommit mode: undefined/unknown\n\tIsolation level: undefined/unknown\n\tMinimum pool size: undefined/unknown\n\tMaximum pool size: undefined/unknown"}
{"@timestamp":"2025-10-22T19:26:27.6425885+03:00","level":"INFO","thread_name":"Test worker","message":"HHH000489: No JTA platform available (set 'hibernate.transaction.jta.platform' to enable JTA platform integration)"}
{"@timestamp":"2025-10-22T19:26:27.6783467+03:00","level":"INFO","thread_name":"Test worker","message":"Initialized JPA EntityManagerFactory for persistence unit 'default'"}
{"@timestamp":"2025-10-22T19:26:28.6298305+03:00","level":"WARN","thread_name":"Test worker","message":"spring.jpa.open-in-view is enabled by default. Therefore, database queries may be performed during view rendering. Explicitly configure spring.jpa.open-in-view to disable this warning"}
{"@timestamp":"2025-10-22T19:26:29.8566033+03:00","level":"INFO","thread_name":"Test worker","message":"Initializing Spring TestDispatcherServlet ''"}
{"@timestamp":"2025-10-22T19:26:29.8566033+03:00","level":"INFO","thread_name":"Test worker","message":"Initializing Servlet ''"}
{"@timestamp":"2025-10-22T19:26:29.8639399+03:00","level":"INFO","thread_name":"Test worker","message":"Exposing 1 endpoint beneath base path '/actuator'"}
{"@timestamp":"2025-10-22T19:26:29.8793131+03:00","level":"INFO","thread_name":"Test worker","message":"Completed initialization in 23 ms"}
{"@timestamp":"2025-10-22T19:26:31.0078477+03:00","level":"INFO","thread_name":"Test worker","message":"Cannot determine local hostname"}
{"@timestamp":"2025-10-22T19:26:31.0399396+03:00","level":"INFO","thread_name":"Test worker","message":"Eureka HTTP Client uses RestTemplate."}
{"@timestamp":"2025-10-22T19:26:31.1129446+03:00","level":"WARN","thread_name":"Test worker","message":"Spring Cloud LoadBalancer is currently working with the default cache. While this cache implementation is useful for development and tests, it's recommended to use Caffeine cache in production.You can switch to using Caffeine cache, by adding it and org.springframework.cache.caffeine.CaffeineCacheManager to the classpath."}
{"@timestamp":"2025-10-22T19:26:31.2659458+03:00","level":"INFO","thread_name":"Test worker","message":"Starting ProtocolHandler [\"http-nio-auto-1\"]"}
{"@timestamp":"2025-10-22T19:26:31.2729125+03:00","level":"INFO","thread_name":"Test worker","message":"Tomcat started on port 52909 (http) with context path '/'"}
{"@timestamp":"2025-10-22T19:26:32.3739358+03:00","level":"INFO","thread_name":"Test worker","message":"Cannot determine local hostname"}
{"@timestamp":"2025-10-22T19:26:32.3874528+03:00","level":"INFO","thread_name":"Test worker","message":"Started DiscountServiceIntegrationTest in 11.129 seconds (process running for 14.202)"}
{"@timestamp":"2025-10-22T19:26:33.1310631+03:00","level":"INFO","thread_name":"Test worker","batchSize":"0","op":"getDiscounts","message":"Get discounts: returned 0"}
{"@timestamp":"2025-10-22T19:26:33.2940769+03:00","level":"INFO","thread_name":"lettuce-eventExecutorLoop-1-1","message":"Reconnecting, last destination was localhost/127.0.0.1:52892"}
{"@timestamp":"2025-10-22T19:26:33.3001095+03:00","level":"WARN","thread_name":"lettuce-nioEventLoop-4-2","message":"Cannot reconnect to [localhost/<unresolved>:52892]: Connection closed prematurely"}
{"@timestamp":"2025-10-22T19:26:33.6484877+03:00","level":"INFO","thread_name":"SpringApplicationShutdownHook","message":"Commencing graceful shutdown. Waiting for active requests to complete"}
{"@timestamp":"2025-10-22T19:26:32.8211084+03:00","level":"INFO","thread_name":"tomcat-shutdown","message":"Graceful shutdown complete"}
{"@timestamp":"2025-10-22T19:26:34.5480741+03:00","level":"INFO","thread_name":"SpringApplicationShutdownHook","message":"Closing JPA EntityManagerFactory for persistence unit 'default'"}
{"@timestamp":"2025-10-22T19:26:34.5504723+03:00","level":"INFO","thread_name":"SpringApplicationShutdownHook","message":"HikariPool-1 - Shutdown initiated..."}
{"@timestamp":"2025-10-22T19:26:34.5525076+03:00","level":"INFO","thread_name":"SpringApplicationShutdownHook","message":"HikariPool-1 - Shutdown completed."}
{"@timestamp":"2025-10-22T19:27:28.5477034+03:00","level":"INFO","thread_name":"Test worker","message":"Starting DiscountServiceIntegrationTest using Java 17.0.10 with PID 15004 (started by kirin in C:\\Users\\kirin\\IdeaProjects\\shop\\discount-api)"}
{"@timestamp":"2025-10-22T19:27:28.5487024+03:00","level":"INFO","thread_name":"Test worker","message":"The following 1 profile is active: \"test\""}
{"@timestamp":"2025-10-22T19:27:28.7029153+03:00","level":"INFO","thread_name":"Test worker","message":"Fetching config from server at : http://localhost:8888"}
{"@timestamp":"2025-10-22T19:27:28.7029153+03:00","level":"INFO","thread_name":"Test worker","message":"Exception on Url - http://localhost:8888:org.springframework.web.client.ResourceAccessException: I/O error on GET request for \"http://localhost:8888/discount-api/test\": Connection refused: no further information. Will be trying the next url if available"}
{"@timestamp":"2025-10-22T19:27:28.7029153+03:00","level":"WARN","thread_name":"Test worker","message":"Could not locate PropertySource ([ConfigServerConfigDataResource@57e03347 uris = array<String>['http://localhost:8888'], optional = true, profiles = 'test']): I/O error on GET request for \"http://localhost:8888/discount-api/test\": Connection refused: no further information"}
{"@timestamp":"2025-10-22T19:27:28.7029153+03:00","level":"INFO","thread_name":"Test worker","message":"Fetching config from server at : http://localhost:8888"}
{"@timestamp":"2025-10-22T19:27:28.7029153+03:00","level":"INFO","thread_name":"Test worker","message":"Exception on Url - http://localhost:8888:org.springframework.web.client.ResourceAccessException: I/O error on GET request for \"http://localhost:8888/discount-api/default\": Connection refused: no further information. Will be trying the next url if available"}
{"@timestamp":"2025-10-22T19:27:28.7029153+03:00","level":"WARN","thread_name":"Test worker","message":"Could not locate PropertySource ([ConfigServerConfigDataResource@2edb2f8b uris = array<String>['http://localhost:8888'], optional = true, profiles = 'default']): I/O error on GET request for \"http://localhost:8888/discount-api/default\": Connection refused: no further information"}
{"@timestamp":"2025-10-22T19:27:29.7857776+03:00","level":"INFO","thread_name":"Test worker","message":"Multiple Spring Data modules found, entering strict repository configuration mode"}
{"@timestamp":"2025-10-22T19:27:29.7877789+03:00","level":"INFO","thread_name":"Test worker","message":"Bootstrapping Spring Data JPA repositories in DEFAULT mode."}
{"@timestamp":"2025-10-22T19:27:29.9242972+03:00","level":"INFO","thread_name":"Test worker","message":"Finished Spring Data repository scanning in 126 ms. Found 1 JPA repository interface."}
{"@timestamp":"2025-10-22T19:27:29.9362989+03:00","level":"INFO","thread_name":"Test worker","message":"Multiple Spring Data modules found, entering strict repository configuration mode"}
{"@timestamp":"2025-10-22T19:27:29.9382636+03:00","level":"INFO","thread_name":"Test worker","message":"Bootstrapping Spring Data Redis repositories in DEFAULT mode."}
{"@timestamp":"2025-10-22T19:27:29.9522585+03:00","level":"INFO","thread_name":"Test worker","message":"Spring Data Redis - Could not safely identify store assignment for repository candidate interface ru.innotech.discountapi.adapters.repository.DiscountRepository; If you want this repository to be a Redis repository, consider annotating your entities with one of these annotations: org.springframework.data.redis.core.RedisHash (preferred), or consider extending one of the following types with your repository: org.springframework.data.keyvalue.repository.KeyValueRepository"}
{"@timestamp":"2025-10-22T19:27:29.9522585+03:00","level":"INFO","thread_name":"Test worker","message":"Finished Spring Data repository scanning in 6 ms. Found 0 Redis repository interfaces."}
{"@timestamp":"2025-10-22T19:27:30.3173521+03:00","level":"INFO","thread_name":"Test worker","message":"BeanFactory id=06f01438-587a-303b-a2d0-54e46c391792"}
{"@timestamp":"2025-10-22T19:27:31.21772+03:00","level":"INFO","thread_name":"Test worker","message":"Tomcat initialized with port 0 (http)"}
{"@timestamp":"2025-10-22T19:27:31.231332+03:00","level":"INFO","thread_name":"Test worker","message":"Initializing ProtocolHandler [\"http-nio-auto-1\"]"}
{"@timestamp":"2025-10-22T19:27:31.2343322+03:00","level":"INFO","thread_name":"Test worker","message":"Starting service [Tomcat]"}
{"@timestamp":"2025-10-22T19:27:31.2343322+03:00","level":"INFO","thread_name":"Test worker","message":"Starting Servlet engine: [Apache Tomcat/10.1.44]"}
{"@timestamp":"2025-10-22T19:27:31.3135201+03:00","level":"INFO","thread_name":"Test worker","message":"Initializing Spring embedded WebApplicationContext"}
{"@timestamp":"2025-10-22T19:27:31.3135201+03:00","level":"INFO","thread_name":"Test worker","message":"Root WebApplicationContext: initialization completed in 2606 ms"}
{"@timestamp":"2025-10-22T19:27:32.5992584+03:00","level":"INFO","thread_name":"Test worker","message":"HHH000204: Processing PersistenceUnitInfo [name: default]"}
{"@timestamp":"2025-10-22T19:27:32.6721311+03:00","level":"INFO","thread_name":"Test worker","message":"HHH000412: Hibernate ORM core version 6.6.26.Final"}
{"@timestamp":"2025-10-22T19:27:32.7248751+03:00","level":"INFO","thread_name":"Test worker","message":"HHH000026: Second-level cache disabled"}
{"@timestamp":"2025-10-22T19:27:33.1078484+03:00","level":"INFO","thread_name":"Test worker","message":"No LoadTimeWeaver setup: ignoring JPA class transformer"}
{"@timestamp":"2025-10-22T19:27:33.1488448+03:00","level":"INFO","thread_name":"Test worker","message":"HikariPool-1 - Starting..."}
{"@timestamp":"2025-10-22T19:27:33.2328104+03:00","level":"INFO","thread_name":"Test worker","message":"HikariPool-1 - Added connection org.postgresql.jdbc.PgConnection@2404ab3a"}
{"@timestamp":"2025-10-22T19:27:33.2338709+03:00","level":"INFO","thread_name":"Test worker","message":"HikariPool-1 - Start completed."}
{"@timestamp":"2025-10-22T19:27:33.299672+03:00","level":"INFO","thread_name":"Test worker","message":"HHH10001005: Database info:\n\tDatabase JDBC URL [Connecting through datasource 'HikariDataSource (HikariPool-1)']\n\tDatabase driver: undefined/unknown\n\tDatabase version: 12.3\n\tAutocommit mode: undefined/unknown\n\tIsolation level: undefined/unknown\n\tMinimum pool size: undefined/unknown\n\tMaximum pool size: undefined/unknown"}
{"@timestamp":"2025-10-22T19:27:34.2043662+03:00","level":"INFO","thread_name":"Test worker","message":"HHH000489: No JTA platform available (set 'hibernate.transaction.jta.platform' to enable JTA platform integration)"}
{"@timestamp":"2025-10-22T19:27:34.247867+03:00","level":"INFO","thread_name":"Test worker","message":"Initialized JPA EntityManagerFactory for persistence unit 'default'"}
{"@timestamp":"2025-10-22T19:27:35.1642128+03:00","level":"WARN","thread_name":"Test worker","message":"spring.jpa.open-in-view is enabled by default. Therefore, database queries may be performed during view rendering. Explicitly configure spring.jpa.open-in-view to disable this warning"}
{"@timestamp":"2025-10-22T19:27:36.4153081+03:00","level":"INFO","thread_name":"Test worker","message":"Initializing Spring TestDispatcherServlet ''"}
{"@timestamp":"2025-10-22T19:27:36.4153081+03:00","level":"INFO","thread_name":"Test worker","message":"Initializing Servlet ''"}
{"@timestamp":"2025-10-22T19:27:36.4233086+03:00","level":"INFO","thread_name":"Test worker","message":"Exposing 1 endpoint beneath base path '/actuator'"}
{"@timestamp":"2025-10-22T19:27:36.4383097+03:00","level":"INFO","thread_name":"Test worker","message":"Completed initialization in 22 ms"}
{"@timestamp":"2025-10-22T19:27:37.5747679+03:00","level":"INFO","thread_name":"Test worker","message":"Cannot determine local hostname"}
{"@timestamp":"2025-10-22T19:27:37.6065289+03:00","level":"INFO","thread_name":"Test worker","message":"Eureka HTTP Client uses RestTemplate."}
{"@timestamp":"2025-10-22T19:27:37.7113069+03:00","level":"WARN","thread_name":"Test worker","message":"Spring Cloud LoadBalancer is currently working with the default cache. While this cache implementation is useful for development and tests, it's recommended to use Caffeine cache in production.You can switch to using Caffeine cache, by adding it and org.springframework.cache.caffeine.CaffeineCacheManager to the classpath."}
{"@timestamp":"2025-10-22T19:27:37.8608453+03:00","level":"INFO","thread_name":"Test worker","message":"Starting ProtocolHandler [\"http-nio-auto-1\"]"}
{"@timestamp":"2025-10-22T19:27:37.8714974+03:00","level":"INFO","thread_name":"Test worker","message":"Tomcat started on port 53390 (http) with context path '/'"}
{"@timestamp":"2025-10-22T19:27:38.9749146+03:00","level":"INFO","thread_name":"Test worker","message":"Cannot determine local hostname"}
{"@timestamp":"2025-10-22T19:27:39.0028841+03:00","level":"INFO","thread_name":"Test worker","message":"Started DiscountServiceIntegrationTest in 12.327 seconds (process running for 15.905)"}
{"@timestamp":"2025-10-22T19:29:07.4030317+03:00","level":"WARN","thread_name":"HikariPool-1:housekeeper","message":"HikariPool-1 - Thread starvation or clock leap detected (housekeeper delta=1m34s62ms874µs800ns)."}
{"@timestamp":"2025-10-22T19:32:15.6982406+03:00","level":"WARN","thread_name":"HikariPool-1:housekeeper","message":"HikariPool-1 - Thread starvation or clock leap detected (housekeeper delta=3m8s295ms367µs100ns)."}
{"@timestamp":"2025-10-22T19:32:15.8187768+03:00","level":"INFO","thread_name":"Test worker","batchSize":"0","op":"getDiscounts","message":"Get discounts: returned 0"}
{"@timestamp":"2025-10-22T19:35:25.66179+03:00","level":"INFO","thread_name":"Test worker","message":"Starting DiscountServiceIntegrationTest using Java 17.0.10 with PID 42984 (started by kirin in C:\\Users\\kirin\\IdeaProjects\\shop\\discount-api)"}
{"@timestamp":"2025-10-22T19:35:25.6627915+03:00","level":"INFO","thread_name":"Test worker","message":"The following 1 profile is active: \"test\""}
{"@timestamp":"2025-10-22T19:35:25.8232174+03:00","level":"INFO","thread_name":"Test worker","message":"Fetching config from server at : http://localhost:8888"}
{"@timestamp":"2025-10-22T19:35:25.8232174+03:00","level":"INFO","thread_name":"Test worker","message":"Exception on Url - http://localhost:8888:org.springframework.web.client.ResourceAccessException: I/O error on GET request for \"http://localhost:8888/discount-api/test\": Connection refused: no further information. Will be trying the next url if available"}
{"@timestamp":"2025-10-22T19:35:25.8232174+03:00","level":"WARN","thread_name":"Test worker","message":"Could not locate PropertySource ([ConfigServerConfigDataResource@7d484fcd uris = array<String>['http://localhost:8888'], optional = true, profiles = 'test']): I/O error on GET request for \"http://localhost:8888/discount-api/test\": Connection refused: no further information"}
{"@timestamp":"2025-10-22T19:35:25.8232174+03:00","level":"INFO","thread_name":"Test worker","message":"Fetching config from server at : http://localhost:8888"}
{"@timestamp":"2025-10-22T19:35:25.8232174+03:00","level":"INFO","thread_name":"Test worker","message":"Exception on Url - http://localhost:8888:org.springframework.web.client.ResourceAccessException: I/O error on GET request for \"http://localhost:8888/discount-api/default\": Connection refused: no further information. Will be trying the next url if available"}
{"@timestamp":"2025-10-22T19:35:25.8232174+03:00","level":"WARN","thread_name":"Test worker","message":"Could not locate PropertySource ([ConfigServerConfigDataResource@788e3702 uris = array<String>['http://localhost:8888'], optional = true, profiles = 'default']): I/O error on GET request for \"http://localhost:8888/discount-api/default\": Connection refused: no further information"}
{"@timestamp":"2025-10-22T19:35:26.7782188+03:00","level":"INFO","thread_name":"Test worker","message":"Multiple Spring Data modules found, entering strict repository configuration mode"}
{"@timestamp":"2025-10-22T19:35:26.780219+03:00","level":"INFO","thread_name":"Test worker","message":"Bootstrapping Spring Data JPA repositories in DEFAULT mode."}
{"@timestamp":"2025-10-22T19:35:26.9004116+03:00","level":"INFO","thread_name":"Test worker","message":"Finished Spring Data repository scanning in 110 ms. Found 1 JPA repository interface."}
{"@timestamp":"2025-10-22T19:35:26.9144125+03:00","level":"INFO","thread_name":"Test worker","message":"Multiple Spring Data modules found, entering strict repository configuration mode"}
{"@timestamp":"2025-10-22T19:35:26.9183839+03:00","level":"INFO","thread_name":"Test worker","message":"Bootstrapping Spring Data Redis repositories in DEFAULT mode."}
{"@timestamp":"2025-10-22T19:35:26.9303838+03:00","level":"INFO","thread_name":"Test worker","message":"Spring Data Redis - Could not safely identify store assignment for repository candidate interface ru.innotech.discountapi.adapters.repository.DiscountRepository; If you want this repository to be a Redis repository, consider annotating your entities with one of these annotations: org.springframework.data.redis.core.RedisHash (preferred), or consider extending one of the following types with your repository: org.springframework.data.keyvalue.repository.KeyValueRepository"}
{"@timestamp":"2025-10-22T19:35:26.9303838+03:00","level":"INFO","thread_name":"Test worker","message":"Finished Spring Data repository scanning in 5 ms. Found 0 Redis repository interfaces."}
{"@timestamp":"2025-10-22T19:35:27.2263173+03:00","level":"INFO","thread_name":"Test worker","message":"BeanFactory id=06f01438-587a-303b-a2d0-54e46c391792"}
{"@timestamp":"2025-10-22T19:35:28.0324856+03:00","level":"INFO","thread_name":"Test worker","message":"Tomcat initialized with port 0 (http)"}
{"@timestamp":"2025-10-22T19:35:28.0434856+03:00","level":"INFO","thread_name":"Test worker","message":"Initializing ProtocolHandler [\"http-nio-auto-1\"]"}
{"@timestamp":"2025-10-22T19:35:28.0454858+03:00","level":"INFO","thread_name":"Test worker","message":"Starting service [Tomcat]"}
{"@timestamp":"2025-10-22T19:35:28.0454858+03:00","level":"INFO","thread_name":"Test worker","message":"Starting Servlet engine: [Apache Tomcat/10.1.44]"}
{"@timestamp":"2025-10-22T19:35:28.1310526+03:00","level":"INFO","thread_name":"Test worker","message":"Initializing Spring embedded WebApplicationContext"}
{"@timestamp":"2025-10-22T19:35:28.1310526+03:00","level":"INFO","thread_name":"Test worker","message":"Root WebApplicationContext: initialization completed in 2304 ms"}
{"@timestamp":"2025-10-22T19:35:29.1691282+03:00","level":"INFO","thread_name":"Test worker","message":"HHH000204: Processing PersistenceUnitInfo [name: default]"}
{"@timestamp":"2025-10-22T19:35:29.2141268+03:00","level":"INFO","thread_name":"Test worker","message":"HHH000412: Hibernate ORM core version 6.6.26.Final"}
{"@timestamp":"2025-10-22T19:35:29.2391289+03:00","level":"INFO","thread_name":"Test worker","message":"HHH000026: Second-level cache disabled"}
{"@timestamp":"2025-10-22T19:35:29.4544293+03:00","level":"INFO","thread_name":"Test worker","message":"No LoadTimeWeaver setup: ignoring JPA class transformer"}
{"@timestamp":"2025-10-22T19:35:29.4763884+03:00","level":"INFO","thread_name":"Test worker","message":"HikariPool-1 - Starting..."}
{"@timestamp":"2025-10-22T19:35:29.5405769+03:00","level":"INFO","thread_name":"Test worker","message":"HikariPool-1 - Added connection org.postgresql.jdbc.PgConnection@31dd8a0b"}
{"@timestamp":"2025-10-22T19:35:29.5421528+03:00","level":"INFO","thread_name":"Test worker","message":"HikariPool-1 - Start completed."}
{"@timestamp":"2025-10-22T19:35:29.5947372+03:00","level":"INFO","thread_name":"Test worker","message":"HHH10001005: Database info:\n\tDatabase JDBC URL [Connecting through datasource 'HikariDataSource (HikariPool-1)']\n\tDatabase driver: undefined/unknown\n\tDatabase version: 12.3\n\tAutocommit mode: undefined/unknown\n\tIsolation level: undefined/unknown\n\tMinimum pool size: undefined/unknown\n\tMaximum pool size: undefined/unknown"}
{"@timestamp":"2025-10-22T19:35:30.1965114+03:00","level":"INFO","thread_name":"Test worker","message":"HHH000489: No JTA platform available (set 'hibernate.transaction.jta.platform' to enable JTA platform integration)"}
{"@timestamp":"2025-10-22T19:35:30.2355131+03:00","level":"INFO","thread_name":"Test worker","message":"Initialized JPA EntityManagerFactory for persistence unit 'default'"}
{"@timestamp":"2025-10-22T19:35:31.0962701+03:00","level":"WARN","thread_name":"Test worker","message":"spring.jpa.open-in-view is enabled by default. Therefore, database queries may be performed during view rendering. Explicitly configure spring.jpa.open-in-view to disable this warning"}
{"@timestamp":"2025-10-22T19:35:32.330038+03:00","level":"INFO","thread_name":"Test worker","message":"Initializing Spring TestDispatcherServlet ''"}
{"@timestamp":"2025-10-22T19:35:32.3305521+03:00","level":"INFO","thread_name":"Test worker","message":"Initializing Servlet ''"}
{"@timestamp":"2025-10-22T19:35:32.3457843+03:00","level":"INFO","thread_name":"Test worker","message":"Exposing 1 endpoint beneath base path '/actuator'"}
{"@timestamp":"2025-10-22T19:35:32.3589629+03:00","level":"INFO","thread_name":"Test worker","message":"Completed initialization in 28 ms"}
{"@timestamp":"2025-10-22T19:35:33.5105465+03:00","level":"INFO","thread_name":"Test worker","message":"Cannot determine local hostname"}
{"@timestamp":"2025-10-22T19:35:33.5449178+03:00","level":"INFO","thread_name":"Test worker","message":"Eureka HTTP Client uses RestTemplate."}
{"@timestamp":"2025-10-22T19:35:33.6231306+03:00","level":"WARN","thread_name":"Test worker","message":"Spring Cloud LoadBalancer is currently working with the default cache. While this cache implementation is useful for development and tests, it's recommended to use Caffeine cache in production.You can switch to using Caffeine cache, by adding it and org.springframework.cache.caffeine.CaffeineCacheManager to the classpath."}
{"@timestamp":"2025-10-22T19:35:33.77413+03:00","level":"INFO","thread_name":"Test worker","message":"Starting ProtocolHandler [\"http-nio-auto-1\"]"}
{"@timestamp":"2025-10-22T19:35:33.7851291+03:00","level":"INFO","thread_name":"Test worker","message":"Tomcat started on port 53615 (http) with context path '/'"}
{"@timestamp":"2025-10-22T19:35:34.8959248+03:00","level":"INFO","thread_name":"Test worker","message":"Cannot determine local hostname"}
{"@timestamp":"2025-10-22T19:35:34.9138942+03:00","level":"INFO","thread_name":"Test worker","message":"Started DiscountServiceIntegrationTest in 11.11 seconds (process running for 14.171)"}
{"@timestamp":"2025-10-22T19:35:35.7116326+03:00","level":"INFO","thread_name":"Test worker","batchSize":"2","op":"getDiscounts","message":"Get discounts: returned 2"}
{"@timestamp":"2025-10-22T19:35:35.8132479+03:00","level":"INFO","thread_name":"lettuce-eventExecutorLoop-1-1","message":"Reconnecting, last destination was localhost/127.0.0.1:53597"}
{"@timestamp":"2025-10-22T19:35:35.8183877+03:00","level":"WARN","thread_name":"lettuce-nioEventLoop-4-2","message":"Cannot reconnect to [localhost/<unresolved>:53597]: Connection closed prematurely"}
{"@timestamp":"2025-10-22T19:35:36.2108495+03:00","level":"INFO","thread_name":"SpringApplicationShutdownHook","message":"Commencing graceful shutdown. Waiting for active requests to complete"}
{"@timestamp":"2025-10-22T19:35:36.3991721+03:00","level":"INFO","thread_name":"tomcat-shutdown","message":"Graceful shutdown complete"}
{"@timestamp":"2025-10-22T19:35:36.4093767+03:00","level":"INFO","thread_name":"SpringApplicationShutdownHook","message":"Closing JPA EntityManagerFactory for persistence unit 'default'"}
{"@timestamp":"2025-10-22T19:35:36.4113993+03:00","level":"INFO","thread_name":"SpringApplicationShutdownHook","message":"HikariPool-1 - Shutdown initiated..."}
{"@timestamp":"2025-10-22T19:35:36.4129704+03:00","level":"INFO","thread_name":"SpringApplicationShutdownHook","message":"HikariPool-1 - Shutdown completed."}
{"@timestamp":"2025-10-22T19:40:36.4283617+03:00","level":"INFO","thread_name":"Test worker","message":"Starting DiscountServiceIntegrationTest using Java 17.0.10 with PID 13808 (started by kirin in C:\\Users\\kirin\\IdeaProjects\\shop\\discount-api)"}
{"@timestamp":"2025-10-22T19:40:36.4283617+03:00","level":"INFO","thread_name":"Test worker","message":"The following 1 profile is active: \"test\""}
{"@timestamp":"2025-10-22T19:40:36.5740796+03:00","level":"INFO","thread_name":"Test worker","message":"Fetching config from server at : http://localhost:8888"}
{"@timestamp":"2025-10-22T19:40:36.5740796+03:00","level":"INFO","thread_name":"Test worker","message":"Exception on Url - http://localhost:8888:org.springframework.web.client.ResourceAccessException: I/O error on GET request for \"http://localhost:8888/discount-api/test\": Connection refused: no further information. Will be trying the next url if available"}
{"@timestamp":"2025-10-22T19:40:36.5740796+03:00","level":"WARN","thread_name":"Test worker","message":"Could not locate PropertySource ([ConfigServerConfigDataResource@53ea380b uris = array<String>['http://localhost:8888'], optional = true, profiles = 'test']): I/O error on GET request for \"http://localhost:8888/discount-api/test\": Connection refused: no further information"}
{"@timestamp":"2025-10-22T19:40:36.5740796+03:00","level":"INFO","thread_name":"Test worker","message":"Fetching config from server at : http://localhost:8888"}
{"@timestamp":"2025-10-22T19:40:36.5740796+03:00","level":"INFO","thread_name":"Test worker","message":"Exception on Url - http://localhost:8888:org.springframework.web.client.ResourceAccessException: I/O error on GET request for \"http://localhost:8888/discount-api/default\": Connection refused: no further information. Will be trying the next url if available"}
{"@timestamp":"2025-10-22T19:40:36.5740796+03:00","level":"WARN","thread_name":"Test worker","message":"Could not locate PropertySource ([ConfigServerConfigDataResource@578c3fd9 uris = array<String>['http://localhost:8888'], optional = true, profiles = 'default']): I/O error on GET request for \"http://localhost:8888/discount-api/default\": Connection refused: no further information"}
{"@timestamp":"2025-10-22T19:40:37.5707731+03:00","level":"INFO","thread_name":"Test worker","message":"Multiple Spring Data modules found, entering strict repository configuration mode"}
{"@timestamp":"2025-10-22T19:40:37.5727729+03:00","level":"INFO","thread_name":"Test worker","message":"Bootstrapping Spring Data JPA repositories in DEFAULT mode."}
{"@timestamp":"2025-10-22T19:40:37.6883904+03:00","level":"INFO","thread_name":"Test worker","message":"Finished Spring Data repository scanning in 107 ms. Found 1 JPA repository interface."}
{"@timestamp":"2025-10-22T19:40:37.70139+03:00","level":"INFO","thread_name":"Test worker","message":"Multiple Spring Data modules found, entering strict repository configuration mode"}
{"@timestamp":"2025-10-22T19:40:37.7033909+03:00","level":"INFO","thread_name":"Test worker","message":"Bootstrapping Spring Data Redis repositories in DEFAULT mode."}
{"@timestamp":"2025-10-22T19:40:37.7173905+03:00","level":"INFO","thread_name":"Test worker","message":"Spring Data Redis - Could not safely identify store assignment for repository candidate interface ru.innotech.discountapi.adapters.repository.DiscountRepository; If you want this repository to be a Redis repository, consider annotating your entities with one of these annotations: org.springframework.data.redis.core.RedisHash (preferred), or consider extending one of the following types with your repository: org.springframework.data.keyvalue.repository.KeyValueRepository"}
{"@timestamp":"2025-10-22T19:40:37.7173905+03:00","level":"INFO","thread_name":"Test worker","message":"Finished Spring Data repository scanning in 6 ms. Found 0 Redis repository interfaces."}
{"@timestamp":"2025-10-22T19:40:38.0466183+03:00","level":"INFO","thread_name":"Test worker","message":"BeanFactory id=06f01438-587a-303b-a2d0-54e46c391792"}
{"@timestamp":"2025-10-22T19:40:38.9540674+03:00","level":"INFO","thread_name":"Test worker","message":"Tomcat initialized with port 0 (http)"}
{"@timestamp":"2025-10-22T19:40:38.9725895+03:00","level":"INFO","thread_name":"Test worker","message":"Initializing ProtocolHandler [\"http-nio-auto-1\"]"}
{"@timestamp":"2025-10-22T19:40:38.9745838+03:00","level":"INFO","thread_name":"Test worker","message":"Starting service [Tomcat]"}
{"@timestamp":"2025-10-22T19:40:38.9745838+03:00","level":"INFO","thread_name":"Test worker","message":"Starting Servlet engine: [Apache Tomcat/10.1.44]"}
{"@timestamp":"2025-10-22T19:40:39.0635833+03:00","level":"INFO","thread_name":"Test worker","message":"Initializing Spring embedded WebApplicationContext"}
{"@timestamp":"2025-10-22T19:40:39.0635833+03:00","level":"INFO","thread_name":"Test worker","message":"Root WebApplicationContext: initialization completed in 2485 ms"}
{"@timestamp":"2025-10-22T19:40:40.1214856+03:00","level":"INFO","thread_name":"Test worker","message":"HHH000204: Processing PersistenceUnitInfo [name: default]"}
{"@timestamp":"2025-10-22T19:40:40.1986359+03:00","level":"INFO","thread_name":"Test worker","message":"HHH000412: Hibernate ORM core version 6.6.26.Final"}
{"@timestamp":"2025-10-22T19:40:40.2316346+03:00","level":"INFO","thread_name":"Test worker","message":"HHH000026: Second-level cache disabled"}
{"@timestamp":"2025-10-22T19:40:40.4503262+03:00","level":"INFO","thread_name":"Test worker","message":"No LoadTimeWeaver setup: ignoring JPA class transformer"}
{"@timestamp":"2025-10-22T19:40:40.4783261+03:00","level":"INFO","thread_name":"Test worker","message":"HikariPool-1 - Starting..."}
{"@timestamp":"2025-10-22T19:40:40.5467623+03:00","level":"INFO","thread_name":"Test worker","message":"HikariPool-1 - Added connection org.postgresql.jdbc.PgConnection@6804a46a"}
{"@timestamp":"2025-10-22T19:40:40.5478442+03:00","level":"INFO","thread_name":"Test worker","message":"HikariPool-1 - Start completed."}
{"@timestamp":"2025-10-22T19:40:40.6011991+03:00","level":"INFO","thread_name":"Test worker","message":"HHH10001005: Database info:\n\tDatabase JDBC URL [Connecting through datasource 'HikariDataSource (HikariPool-1)']\n\tDatabase driver: undefined/unknown\n\tDatabase version: 12.3\n\tAutocommit mode: undefined/unknown\n\tIsolation level: undefined/unknown\n\tMinimum pool size: undefined/unknown\n\tMaximum pool size: undefined/unknown"}
{"@timestamp":"2025-10-22T19:40:41.2650686+03:00","level":"INFO","thread_name":"Test worker","message":"HHH000489: No JTA platform available (set 'hibernate.transaction.jta.platform' to enable JTA platform integration)"}
{"@timestamp":"2025-10-22T19:40:41.3038254+03:00","level":"INFO","thread_name":"Test worker","message":"Initialized JPA EntityManagerFactory for persistence unit 'default'"}
{"@timestamp":"2025-10-22T19:40:42.2116796+03:00","level":"WARN","thread_name":"Test worker","message":"spring.jpa.open-in-view is enabled by default. Therefore, database queries may be performed during view rendering. Explicitly configure spring.jpa.open-in-view to disable this warning"}
{"@timestamp":"2025-10-22T19:40:43.5395667+03:00","level":"INFO","thread_name":"Test worker","message":"Initializing Spring TestDispatcherServlet ''"}
{"@timestamp":"2025-10-22T19:40:43.5400835+03:00","level":"INFO","thread_name":"Test worker","message":"Initializing Servlet ''"}
{"@timestamp":"2025-10-22T19:40:43.5464092+03:00","level":"INFO","thread_name":"Test worker","message":"Exposing 1 endpoint beneath base path '/actuator'"}
{"@timestamp":"2025-10-22T19:40:43.5594074+03:00","level":"INFO","thread_name":"Test worker","message":"Completed initialization in 19 ms"}
{"@timestamp":"2025-10-22T19:40:44.6936766+03:00","level":"INFO","thread_name":"Test worker","message":"Cannot determine local hostname"}
{"@timestamp":"2025-10-22T19:40:44.7236773+03:00","level":"INFO","thread_name":"Test worker","message":"Eureka HTTP Client uses RestTemplate."}
{"@timestamp":"2025-10-22T19:40:44.8030581+03:00","level":"WARN","thread_name":"Test worker","message":"Spring Cloud LoadBalancer is currently working with the default cache. While this cache implementation is useful for development and tests, it's recommended to use Caffeine cache in production.You can switch to using Caffeine cache, by adding it and org.springframework.cache.caffeine.CaffeineCacheManager to the classpath."}
{"@timestamp":"2025-10-22T19:40:44.9778181+03:00","level":"INFO","thread_name":"Test worker","message":"Starting ProtocolHandler [\"http-nio-auto-1\"]"}
{"@timestamp":"2025-10-22T19:40:44.995327+03:00","level":"INFO","thread_name":"Test worker","message":"Tomcat started on port 53743 (http) with context path '/'"}
{"@timestamp":"2025-10-22T19:40:46.1005849+03:00","level":"INFO","thread_name":"Test worker","message":"Cannot determine local hostname"}
{"@timestamp":"2025-10-22T19:40:46.1236295+03:00","level":"INFO","thread_name":"Test worker","message":"Started DiscountServiceIntegrationTest in 11.664 seconds (process running for 14.941)"}
{"@timestamp":"2025-10-22T19:40:46.9701984+03:00","level":"INFO","thread_name":"Test worker","batchSize":"2","op":"getDiscounts","message":"Get discounts: returned 2"}
{"@timestamp":"2025-10-22T19:40:47.0680253+03:00","level":"INFO","thread_name":"lettuce-eventExecutorLoop-1-1","message":"Reconnecting, last destination was localhost/127.0.0.1:53727"}
{"@timestamp":"2025-10-22T19:40:47.0741759+03:00","level":"WARN","thread_name":"lettuce-nioEventLoop-4-2","message":"Cannot reconnect to [localhost/<unresolved>:53727]: Connection closed prematurely"}
{"@timestamp":"2025-10-22T19:40:47.4765412+03:00","level":"INFO","thread_name":"SpringApplicationShutdownHook","message":"Commencing graceful shutdown. Waiting for active requests to complete"}
{"@timestamp":"2025-10-22T19:40:47.6868365+03:00","level":"INFO","thread_name":"tomcat-shutdown","message":"Graceful shutdown complete"}
{"@timestamp":"2025-10-22T19:40:47.6988095+03:00","level":"INFO","thread_name":"SpringApplicationShutdownHook","message":"Closing JPA EntityManagerFactory for persistence unit 'default'"}
{"@timestamp":"2025-10-22T19:40:47.6998129+03:00","level":"INFO","thread_name":"SpringApplicationShutdownHook","message":"HikariPool-1 - Shutdown initiated..."}
{"@timestamp":"2025-10-22T19:40:47.7028096+03:00","level":"INFO","thread_name":"SpringApplicationShutdownHook","message":"HikariPool-1 - Shutdown completed."}
{"@timestamp":"2025-10-22T19:42:06.4721908+03:00","level":"INFO","thread_name":"Test worker","message":"Starting DiscountServiceIntegrationTest using Java 17.0.10 with PID 46496 (started by kirin in C:\\Users\\kirin\\IdeaProjects\\shop\\discount-api)"}
{"@timestamp":"2025-10-22T19:42:06.4731913+03:00","level":"INFO","thread_name":"Test worker","message":"The following 1 profile is active: \"test\""}
{"@timestamp":"2025-10-22T19:42:06.6208353+03:00","level":"INFO","thread_name":"Test worker","message":"Fetching config from server at : http://localhost:8888"}
{"@timestamp":"2025-10-22T19:42:06.6208353+03:00","level":"INFO","thread_name":"Test worker","message":"Exception on Url - http://localhost:8888:org.springframework.web.client.ResourceAccessException: I/O error on GET request for \"http://localhost:8888/discount-api/test\": Connection refused: no further information. Will be trying the next url if available"}
{"@timestamp":"2025-10-22T19:42:06.6208353+03:00","level":"WARN","thread_name":"Test worker","message":"Could not locate PropertySource ([ConfigServerConfigDataResource@7f6b7426 uris = array<String>['http://localhost:8888'], optional = true, profiles = 'test']): I/O error on GET request for \"http://localhost:8888/discount-api/test\": Connection refused: no further information"}
{"@timestamp":"2025-10-22T19:42:06.6208353+03:00","level":"INFO","thread_name":"Test worker","message":"Fetching config from server at : http://localhost:8888"}
{"@timestamp":"2025-10-22T19:42:06.6208353+03:00","level":"INFO","thread_name":"Test worker","message":"Exception on Url - http://localhost:8888:org.springframework.web.client.ResourceAccessException: I/O error on GET request for \"http://localhost:8888/discount-api/default\": Connection refused: no further information. Will be trying the next url if available"}
{"@timestamp":"2025-10-22T19:42:06.6208353+03:00","level":"WARN","thread_name":"Test worker","message":"Could not locate PropertySource ([ConfigServerConfigDataResource@687eb455 uris = array<String>['http://localhost:8888'], optional = true, profiles = 'default']): I/O error on GET request for \"http://localhost:8888/discount-api/default\": Connection refused: no further information"}
{"@timestamp":"2025-10-22T19:42:16.0416062+03:00","level":"INFO","thread_name":"Test worker","message":"Starting DiscountServiceIntegrationTest using Java 17.0.10 with PID 46252 (started by kirin in C:\\Users\\kirin\\IdeaProjects\\shop\\discount-api)"}
{"@timestamp":"2025-10-22T19:42:16.0426091+03:00","level":"INFO","thread_name":"Test worker","message":"The following 1 profile is active: \"test\""}
{"@timestamp":"2025-10-22T19:42:16.2002211+03:00","level":"INFO","thread_name":"Test worker","message":"Fetching config from server at : http://localhost:8888"}
{"@timestamp":"2025-10-22T19:42:16.2002211+03:00","level":"INFO","thread_name":"Test worker","message":"Exception on Url - http://localhost:8888:org.springframework.web.client.ResourceAccessException: I/O error on GET request for \"http://localhost:8888/discount-api/test\": Connection refused: no further information. Will be trying the next url if available"}
{"@timestamp":"2025-10-22T19:42:16.2002211+03:00","level":"WARN","thread_name":"Test worker","message":"Could not locate PropertySource ([ConfigServerConfigDataResource@687eb455 uris = array<String>['http://localhost:8888'], optional = true, profiles = 'test']): I/O error on GET request for \"http://localhost:8888/discount-api/test\": Connection refused: no further information"}
{"@timestamp":"2025-10-22T19:42:16.2002211+03:00","level":"INFO","thread_name":"Test worker","message":"Fetching config from server at : http://localhost:8888"}
{"@timestamp":"2025-10-22T19:42:16.2002211+03:00","level":"INFO","thread_name":"Test worker","message":"Exception on Url - http://localhost:8888:org.springframework.web.client.ResourceAccessException: I/O error on GET request for \"http://localhost:8888/discount-api/default\": Connection refused: no further information. Will be trying the next url if available"}
{"@timestamp":"2025-10-22T19:42:16.2002211+03:00","level":"WARN","thread_name":"Test worker","message":"Could not locate PropertySource ([ConfigServerConfigDataResource@6d969330 uris = array<String>['http://localhost:8888'], optional = true, profiles = 'default']): I/O error on GET request for \"http://localhost:8888/discount-api/default\": Connection refused: no further information"}
{"@timestamp":"2025-10-22T19:42:17.4429401+03:00","level":"INFO","thread_name":"Test worker","message":"Multiple Spring Data modules found, entering strict repository configuration mode"}
{"@timestamp":"2025-10-22T19:42:17.4456339+03:00","level":"INFO","thread_name":"Test worker","message":"Bootstrapping Spring Data JPA repositories in DEFAULT mode."}
{"@timestamp":"2025-10-22T19:42:17.6241374+03:00","level":"INFO","thread_name":"Test worker","message":"Finished Spring Data repository scanning in 163 ms. Found 1 JPA repository interface."}
{"@timestamp":"2025-10-22T19:42:17.6385413+03:00","level":"INFO","thread_name":"Test worker","message":"Multiple Spring Data modules found, entering strict repository configuration mode"}
{"@timestamp":"2025-10-22T19:42:17.6395401+03:00","level":"INFO","thread_name":"Test worker","message":"Bootstrapping Spring Data Redis repositories in DEFAULT mode."}
{"@timestamp":"2025-10-22T19:42:17.6535391+03:00","level":"INFO","thread_name":"Test worker","message":"Spring Data Redis - Could not safely identify store assignment for repository candidate interface ru.innotech.discountapi.adapters.repository.DiscountRepository; If you want this repository to be a Redis repository, consider annotating your entities with one of these annotations: org.springframework.data.redis.core.RedisHash (preferred), or consider extending one of the following types with your repository: org.springframework.data.keyvalue.repository.KeyValueRepository"}
{"@timestamp":"2025-10-22T19:42:17.6535391+03:00","level":"INFO","thread_name":"Test worker","message":"Finished Spring Data repository scanning in 5 ms. Found 0 Redis repository interfaces."}
{"@timestamp":"2025-10-22T19:42:18.0280119+03:00","level":"INFO","thread_name":"Test worker","message":"BeanFactory id=06f01438-587a-303b-a2d0-54e46c391792"}
{"@timestamp":"2025-10-22T19:42:20.2370572+03:00","level":"INFO","thread_name":"Test worker","message":"Tomcat initialized with port 0 (http)"}
{"@timestamp":"2025-10-22T19:42:20.2601757+03:00","level":"INFO","thread_name":"Test worker","message":"Initializing ProtocolHandler [\"http-nio-auto-1\"]"}
{"@timestamp":"2025-10-22T19:42:20.2641763+03:00","level":"INFO","thread_name":"Test worker","message":"Starting service [Tomcat]"}
{"@timestamp":"2025-10-22T19:42:20.2641763+03:00","level":"INFO","thread_name":"Test worker","message":"Starting Servlet engine: [Apache Tomcat/10.1.44]"}
{"@timestamp":"2025-10-22T19:42:20.4350229+03:00","level":"INFO","thread_name":"Test worker","message":"Initializing Spring embedded WebApplicationContext"}
{"@timestamp":"2025-10-22T19:42:20.4350229+03:00","level":"INFO","thread_name":"Test worker","message":"Root WebApplicationContext: initialization completed in 4231 ms"}
{"@timestamp":"2025-10-22T19:42:24.1647049+03:00","level":"INFO","thread_name":"Test worker","message":"HHH000204: Processing PersistenceUnitInfo [name: default]"}
{"@timestamp":"2025-10-22T19:42:24.2597039+03:00","level":"INFO","thread_name":"Test worker","message":"HHH000412: Hibernate ORM core version 6.6.26.Final"}
{"@timestamp":"2025-10-22T19:42:24.3163298+03:00","level":"INFO","thread_name":"Test worker","message":"HHH000026: Second-level cache disabled"}
{"@timestamp":"2025-10-22T19:42:24.7643652+03:00","level":"INFO","thread_name":"Test worker","message":"No LoadTimeWeaver setup: ignoring JPA class transformer"}
{"@timestamp":"2025-10-22T19:42:24.812364+03:00","level":"INFO","thread_name":"Test worker","message":"HikariPool-1 - Starting..."}
{"@timestamp":"2025-10-22T19:42:24.9264953+03:00","level":"INFO","thread_name":"Test worker","message":"HikariPool-1 - Added connection org.postgresql.jdbc.PgConnection@278e51f1"}
{"@timestamp":"2025-10-22T19:42:24.9286156+03:00","level":"INFO","thread_name":"Test worker","message":"HikariPool-1 - Start completed."}
{"@timestamp":"2025-10-22T19:42:25.0225154+03:00","level":"INFO","thread_name":"Test worker","message":"HHH10001005: Database info:\n\tDatabase JDBC URL [Connecting through datasource 'HikariDataSource (HikariPool-1)']\n\tDatabase driver: undefined/unknown\n\tDatabase version: 12.3\n\tAutocommit mode: undefined/unknown\n\tIsolation level: undefined/unknown\n\tMinimum pool size: undefined/unknown\n\tMaximum pool size: undefined/unknown"}
{"@timestamp":"2025-10-22T19:42:26.247943+03:00","level":"INFO","thread_name":"Test worker","message":"HHH000489: No JTA platform available (set 'hibernate.transaction.jta.platform' to enable JTA platform integration)"}
{"@timestamp":"2025-10-22T19:42:26.2930079+03:00","level":"INFO","thread_name":"Test worker","message":"Initialized JPA EntityManagerFactory for persistence unit 'default'"}
{"@timestamp":"2025-10-22T19:42:27.2971574+03:00","level":"WARN","thread_name":"Test worker","message":"spring.jpa.open-in-view is enabled by default. Therefore, database queries may be performed during view rendering. Explicitly configure spring.jpa.open-in-view to disable this warning"}
{"@timestamp":"2025-10-22T19:42:28.6436666+03:00","level":"INFO","thread_name":"Test worker","message":"Initializing Spring TestDispatcherServlet ''"}
{"@timestamp":"2025-10-22T19:42:28.6436666+03:00","level":"INFO","thread_name":"Test worker","message":"Initializing Servlet ''"}
{"@timestamp":"2025-10-22T19:42:28.6516654+03:00","level":"INFO","thread_name":"Test worker","message":"Exposing 1 endpoint beneath base path '/actuator'"}
{"@timestamp":"2025-10-22T19:42:28.665664+03:00","level":"INFO","thread_name":"Test worker","message":"Completed initialization in 21 ms"}
{"@timestamp":"2025-10-22T19:42:29.8009487+03:00","level":"INFO","thread_name":"Test worker","message":"Cannot determine local hostname"}
{"@timestamp":"2025-10-22T19:42:29.8374684+03:00","level":"INFO","thread_name":"Test worker","message":"Eureka HTTP Client uses RestTemplate."}
{"@timestamp":"2025-10-22T19:42:29.9223146+03:00","level":"WARN","thread_name":"Test worker","message":"Spring Cloud LoadBalancer is currently working with the default cache. While this cache implementation is useful for development and tests, it's recommended to use Caffeine cache in production.You can switch to using Caffeine cache, by adding it and org.springframework.cache.caffeine.CaffeineCacheManager to the classpath."}
{"@timestamp":"2025-10-22T19:42:30.1238517+03:00","level":"INFO","thread_name":"Test worker","message":"Starting ProtocolHandler [\"http-nio-auto-1\"]"}
{"@timestamp":"2025-10-22T19:42:30.134851+03:00","level":"INFO","thread_name":"Test worker","message":"Tomcat started on port 53831 (http) with context path '/'"}
{"@timestamp":"2025-10-22T19:42:31.2373173+03:00","level":"INFO","thread_name":"Test worker","message":"Cannot determine local hostname"}
{"@timestamp":"2025-10-22T19:42:31.2703197+03:00","level":"INFO","thread_name":"Test worker","message":"Started DiscountServiceIntegrationTest in 17.313 seconds (process running for 20.771)"}
{"@timestamp":"2025-10-22T19:42:32.112872+03:00","level":"INFO","thread_name":"Test worker","batchSize":"2","op":"getDiscounts","message":"Get discounts: returned 2"}
{"@timestamp":"2025-10-22T19:42:51.5451078+03:00","level":"INFO","thread_name":"Test worker","message":"Starting DiscountServiceIntegrationTest using Java 17.0.10 with PID 7756 (started by kirin in C:\\Users\\kirin\\IdeaProjects\\shop\\discount-api)"}
{"@timestamp":"2025-10-22T19:42:51.5451078+03:00","level":"INFO","thread_name":"Test worker","message":"The following 1 profile is active: \"test\""}
{"@timestamp":"2025-10-22T19:42:51.716343+03:00","level":"INFO","thread_name":"Test worker","message":"Fetching config from server at : http://localhost:8888"}
{"@timestamp":"2025-10-22T19:42:51.716343+03:00","level":"INFO","thread_name":"Test worker","message":"Exception on Url - http://localhost:8888:org.springframework.web.client.ResourceAccessException: I/O error on GET request for \"http://localhost:8888/discount-api/test\": Connection refused: no further information. Will be trying the next url if available"}
{"@timestamp":"2025-10-22T19:42:51.716343+03:00","level":"WARN","thread_name":"Test worker","message":"Could not locate PropertySource ([ConfigServerConfigDataResource@7f6b7426 uris = array<String>['http://localhost:8888'], optional = true, profiles = 'test']): I/O error on GET request for \"http://localhost:8888/discount-api/test\": Connection refused: no further information"}
{"@timestamp":"2025-10-22T19:42:51.716343+03:00","level":"INFO","thread_name":"Test worker","message":"Fetching config from server at : http://localhost:8888"}
{"@timestamp":"2025-10-22T19:42:51.716343+03:00","level":"INFO","thread_name":"Test worker","message":"Exception on Url - http://localhost:8888:org.springframework.web.client.ResourceAccessException: I/O error on GET request for \"http://localhost:8888/discount-api/default\": Connection refused: no further information. Will be trying the next url if available"}
{"@timestamp":"2025-10-22T19:42:51.716343+03:00","level":"WARN","thread_name":"Test worker","message":"Could not locate PropertySource ([ConfigServerConfigDataResource@687eb455 uris = array<String>['http://localhost:8888'], optional = true, profiles = 'default']): I/O error on GET request for \"http://localhost:8888/discount-api/default\": Connection refused: no further information"}
{"@timestamp":"2025-10-22T19:42:52.7841965+03:00","level":"INFO","thread_name":"Test worker","message":"Multiple Spring Data modules found, entering strict repository configuration mode"}
{"@timestamp":"2025-10-22T19:42:52.7861957+03:00","level":"INFO","thread_name":"Test worker","message":"Bootstrapping Spring Data JPA repositories in DEFAULT mode."}
{"@timestamp":"2025-10-22T19:42:52.9610089+03:00","level":"INFO","thread_name":"Test worker","message":"Finished Spring Data repository scanning in 164 ms. Found 1 JPA repository interface."}
{"@timestamp":"2025-10-22T19:42:52.9806144+03:00","level":"INFO","thread_name":"Test worker","message":"Multiple Spring Data modules found, entering strict repository configuration mode"}
{"@timestamp":"2025-10-22T19:42:52.9816165+03:00","level":"INFO","thread_name":"Test worker","message":"Bootstrapping Spring Data Redis repositories in DEFAULT mode."}
{"@timestamp":"2025-10-22T19:42:53.0046162+03:00","level":"INFO","thread_name":"Test worker","message":"Spring Data Redis - Could not safely identify store assignment for repository candidate interface ru.innotech.discountapi.adapters.repository.DiscountRepository; If you want this repository to be a Redis repository, consider annotating your entities with one of these annotations: org.springframework.data.redis.core.RedisHash (preferred), or consider extending one of the following types with your repository: org.springframework.data.keyvalue.repository.KeyValueRepository"}
{"@timestamp":"2025-10-22T19:42:53.0046162+03:00","level":"INFO","thread_name":"Test worker","message":"Finished Spring Data repository scanning in 12 ms. Found 0 Redis repository interfaces."}
{"@timestamp":"2025-10-22T19:42:53.4714398+03:00","level":"INFO","thread_name":"Test worker","message":"BeanFactory id=06f01438-587a-303b-a2d0-54e46c391792"}
{"@timestamp":"2025-10-22T19:42:56.9318512+03:00","level":"INFO","thread_name":"Test worker","message":"Tomcat initialized with port 0 (http)"}
{"@timestamp":"2025-10-22T19:42:56.9508511+03:00","level":"INFO","thread_name":"Test worker","message":"Initializing ProtocolHandler [\"http-nio-auto-1\"]"}
{"@timestamp":"2025-10-22T19:42:56.9538497+03:00","level":"INFO","thread_name":"Test worker","message":"Starting service [Tomcat]"}
{"@timestamp":"2025-10-22T19:42:56.9538497+03:00","level":"INFO","thread_name":"Test worker","message":"Starting Servlet engine: [Apache Tomcat/10.1.44]"}
{"@timestamp":"2025-10-22T19:42:57.1396561+03:00","level":"INFO","thread_name":"Test worker","message":"Initializing Spring embedded WebApplicationContext"}
{"@timestamp":"2025-10-22T19:42:57.1401752+03:00","level":"INFO","thread_name":"Test worker","message":"Root WebApplicationContext: initialization completed in 5419 ms"}
{"@timestamp":"2025-10-22T19:42:58.8055657+03:00","level":"INFO","thread_name":"Test worker","message":"HHH000204: Processing PersistenceUnitInfo [name: default]"}
{"@timestamp":"2025-10-22T19:42:58.8795693+03:00","level":"INFO","thread_name":"Test worker","message":"HHH000412: Hibernate ORM core version 6.6.26.Final"}
{"@timestamp":"2025-10-22T19:42:58.9295681+03:00","level":"INFO","thread_name":"Test worker","message":"HHH000026: Second-level cache disabled"}
{"@timestamp":"2025-10-22T19:42:59.3100802+03:00","level":"INFO","thread_name":"Test worker","message":"No LoadTimeWeaver setup: ignoring JPA class transformer"}
{"@timestamp":"2025-10-22T19:42:59.3508323+03:00","level":"INFO","thread_name":"Test worker","message":"HikariPool-1 - Starting..."}
{"@timestamp":"2025-10-22T19:42:59.4318104+03:00","level":"INFO","thread_name":"Test worker","message":"HikariPool-1 - Added connection org.postgresql.jdbc.PgConnection@280aa1bd"}
{"@timestamp":"2025-10-22T19:42:59.4328101+03:00","level":"INFO","thread_name":"Test worker","message":"HikariPool-1 - Start completed."}
{"@timestamp":"2025-10-22T19:42:59.5069829+03:00","level":"INFO","thread_name":"Test worker","message":"HHH10001005: Database info:\n\tDatabase JDBC URL [Connecting through datasource 'HikariDataSource (HikariPool-1)']\n\tDatabase driver: undefined/unknown\n\tDatabase version: 12.3\n\tAutocommit mode: undefined/unknown\n\tIsolation level: undefined/unknown\n\tMinimum pool size: undefined/unknown\n\tMaximum pool size: undefined/unknown"}
{"@timestamp":"2025-10-22T19:43:00.1872212+03:00","level":"INFO","thread_name":"Test worker","message":"HHH000489: No JTA platform available (set 'hibernate.transaction.jta.platform' to enable JTA platform integration)"}
{"@timestamp":"2025-10-22T19:43:00.2277396+03:00","level":"INFO","thread_name":"Test worker","message":"Initialized JPA EntityManagerFactory for persistence unit 'default'"}
{"@timestamp":"2025-10-22T19:43:01.364338+03:00","level":"WARN","thread_name":"Test worker","message":"spring.jpa.open-in-view is enabled by default. Therefore, database queries may be performed during view rendering. Explicitly configure spring.jpa.open-in-view to disable this warning"}
{"@timestamp":"2025-10-22T19:43:02.774816+03:00","level":"INFO","thread_name":"Test worker","message":"Initializing Spring TestDispatcherServlet ''"}
{"@timestamp":"2025-10-22T19:43:02.774816+03:00","level":"INFO","thread_name":"Test worker","message":"Initializing Servlet ''"}
{"@timestamp":"2025-10-22T19:43:02.7838176+03:00","level":"INFO","thread_name":"Test worker","message":"Exposing 1 endpoint beneath base path '/actuator'"}
{"@timestamp":"2025-10-22T19:43:02.7988176+03:00","level":"INFO","thread_name":"Test worker","message":"Completed initialization in 24 ms"}
{"@timestamp":"2025-10-22T19:43:03.9370799+03:00","level":"INFO","thread_name":"Test worker","message":"Cannot determine local hostname"}
{"@timestamp":"2025-10-22T19:43:03.9774781+03:00","level":"INFO","thread_name":"Test worker","message":"Eureka HTTP Client uses RestTemplate."}
{"@timestamp":"2025-10-22T19:43:04.0885317+03:00","level":"WARN","thread_name":"Test worker","message":"Spring Cloud LoadBalancer is currently working with the default cache. While this cache implementation is useful for development and tests, it's recommended to use Caffeine cache in production.You can switch to using Caffeine cache, by adding it and org.springframework.cache.caffeine.CaffeineCacheManager to the classpath."}
{"@timestamp":"2025-10-22T19:43:04.2744484+03:00","level":"INFO","thread_name":"Test worker","message":"Starting ProtocolHandler [\"http-nio-auto-1\"]"}
{"@timestamp":"2025-10-22T19:43:04.3116581+03:00","level":"INFO","thread_name":"Test worker","message":"Tomcat started on port 53873 (http) with context path '/'"}
{"@timestamp":"2025-10-22T19:43:05.4146464+03:00","level":"INFO","thread_name":"Test worker","message":"Cannot determine local hostname"}
{"@timestamp":"2025-10-22T19:43:05.4366061+03:00","level":"INFO","thread_name":"Test worker","message":"Started DiscountServiceIntegrationTest in 15.859 seconds (process running for 19.56)"}
{"@timestamp":"2025-10-22T19:43:06.4367687+03:00","level":"INFO","thread_name":"Test worker","batchSize":"2","op":"getDiscounts","message":"Get discounts: returned 2"}
{"@timestamp":"2025-10-22T19:45:50.6522847+03:00","level":"INFO","thread_name":"Test worker","message":"Starting DiscountServiceIntegrationTest using Java 17.0.10 with PID 18352 (started by kirin in C:\\Users\\kirin\\IdeaProjects\\shop\\discount-api)"}
{"@timestamp":"2025-10-22T19:45:50.6532847+03:00","level":"INFO","thread_name":"Test worker","message":"The following 1 profile is active: \"test\""}
{"@timestamp":"2025-10-22T19:45:50.8071005+03:00","level":"INFO","thread_name":"Test worker","message":"Fetching config from server at : http://localhost:8888"}
{"@timestamp":"2025-10-22T19:45:50.8071005+03:00","level":"INFO","thread_name":"Test worker","message":"Exception on Url - http://localhost:8888:org.springframework.web.client.ResourceAccessException: I/O error on GET request for \"http://localhost:8888/discount-api/test\": Connection refused: no further information. Will be trying the next url if available"}
{"@timestamp":"2025-10-22T19:45:50.8071005+03:00","level":"WARN","thread_name":"Test worker","message":"Could not locate PropertySource ([ConfigServerConfigDataResource@687eb455 uris = array<String>['http://localhost:8888'], optional = true, profiles = 'test']): I/O error on GET request for \"http://localhost:8888/discount-api/test\": Connection refused: no further information"}
{"@timestamp":"2025-10-22T19:45:50.8071005+03:00","level":"INFO","thread_name":"Test worker","message":"Fetching config from server at : http://localhost:8888"}
{"@timestamp":"2025-10-22T19:45:50.8071005+03:00","level":"INFO","thread_name":"Test worker","message":"Exception on Url - http://localhost:8888:org.springframework.web.client.ResourceAccessException: I/O error on GET request for \"http://localhost:8888/discount-api/default\": Connection refused: no further information. Will be trying the next url if available"}
{"@timestamp":"2025-10-22T19:45:50.8071005+03:00","level":"WARN","thread_name":"Test worker","message":"Could not locate PropertySource ([ConfigServerConfigDataResource@6d969330 uris = array<String>['http://localhost:8888'], optional = true, profiles = 'default']): I/O error on GET request for \"http://localhost:8888/discount-api/default\": Connection refused: no further information"}
{"@timestamp":"2025-10-22T19:45:51.7847191+03:00","level":"INFO","thread_name":"Test worker","message":"Multiple Spring Data modules found, entering strict repository configuration mode"}
{"@timestamp":"2025-10-22T19:45:51.7867208+03:00","level":"INFO","thread_name":"Test worker","message":"Bootstrapping Spring Data JPA repositories in DEFAULT mode."}
{"@timestamp":"2025-10-22T19:45:51.9352371+03:00","level":"INFO","thread_name":"Test worker","message":"Finished Spring Data repository scanning in 138 ms. Found 1 JPA repository interface."}
{"@timestamp":"2025-10-22T19:45:51.9472357+03:00","level":"INFO","thread_name":"Test worker","message":"Multiple Spring Data modules found, entering strict repository configuration mode"}
{"@timestamp":"2025-10-22T19:45:51.9482366+03:00","level":"INFO","thread_name":"Test worker","message":"Bootstrapping Spring Data Redis repositories in DEFAULT mode."}
{"@timestamp":"2025-10-22T19:45:51.9612367+03:00","level":"INFO","thread_name":"Test worker","message":"Spring Data Redis - Could not safely identify store assignment for repository candidate interface ru.innotech.discountapi.adapters.repository.DiscountRepository; If you want this repository to be a Redis repository, consider annotating your entities with one of these annotations: org.springframework.data.redis.core.RedisHash (preferred), or consider extending one of the following types with your repository: org.springframework.data.keyvalue.repository.KeyValueRepository"}
{"@timestamp":"2025-10-22T19:45:51.9612367+03:00","level":"INFO","thread_name":"Test worker","message":"Finished Spring Data repository scanning in 5 ms. Found 0 Redis repository interfaces."}
{"@timestamp":"2025-10-22T19:45:52.3284654+03:00","level":"INFO","thread_name":"Test worker","message":"BeanFactory id=06f01438-587a-303b-a2d0-54e46c391792"}
{"@timestamp":"2025-10-22T19:45:53.0972195+03:00","level":"INFO","thread_name":"Test worker","message":"Tomcat initialized with port 0 (http)"}
{"@timestamp":"2025-10-22T19:45:53.113272+03:00","level":"INFO","thread_name":"Test worker","message":"Initializing ProtocolHandler [\"http-nio-auto-1\"]"}
{"@timestamp":"2025-10-22T19:45:53.1152732+03:00","level":"INFO","thread_name":"Test worker","message":"Starting service [Tomcat]"}
{"@timestamp":"2025-10-22T19:45:53.1152732+03:00","level":"INFO","thread_name":"Test worker","message":"Starting Servlet engine: [Apache Tomcat/10.1.44]"}
{"@timestamp":"2025-10-22T19:45:53.1902751+03:00","level":"INFO","thread_name":"Test worker","message":"Initializing Spring embedded WebApplicationContext"}
{"@timestamp":"2025-10-22T19:45:53.1902751+03:00","level":"INFO","thread_name":"Test worker","message":"Root WebApplicationContext: initialization completed in 2379 ms"}
{"@timestamp":"2025-10-22T19:45:56.889703+03:00","level":"INFO","thread_name":"Test worker","message":"HHH000204: Processing PersistenceUnitInfo [name: default]"}
{"@timestamp":"2025-10-22T19:45:57.1547897+03:00","level":"INFO","thread_name":"Test worker","message":"HHH000412: Hibernate ORM core version 6.6.26.Final"}
{"@timestamp":"2025-10-22T19:45:57.2166636+03:00","level":"INFO","thread_name":"Test worker","message":"HHH000026: Second-level cache disabled"}
{"@timestamp":"2025-10-22T19:45:57.6651646+03:00","level":"INFO","thread_name":"Test worker","message":"No LoadTimeWeaver setup: ignoring JPA class transformer"}
{"@timestamp":"2025-10-22T19:45:57.712854+03:00","level":"INFO","thread_name":"Test worker","message":"HikariPool-1 - Starting..."}
{"@timestamp":"2025-10-22T19:45:57.8228178+03:00","level":"INFO","thread_name":"Test worker","message":"HikariPool-1 - Added connection org.postgresql.jdbc.PgConnection@66a2bc61"}
{"@timestamp":"2025-10-22T19:45:57.8253834+03:00","level":"INFO","thread_name":"Test worker","message":"HikariPool-1 - Start completed."}
{"@timestamp":"2025-10-22T19:45:57.9172246+03:00","level":"INFO","thread_name":"Test worker","message":"HHH10001005: Database info:\n\tDatabase JDBC URL [Connecting through datasource 'HikariDataSource (HikariPool-1)']\n\tDatabase driver: undefined/unknown\n\tDatabase version: 12.3\n\tAutocommit mode: undefined/unknown\n\tIsolation level: undefined/unknown\n\tMinimum pool size: undefined/unknown\n\tMaximum pool size: undefined/unknown"}
{"@timestamp":"2025-10-22T19:45:59.0857671+03:00","level":"INFO","thread_name":"Test worker","message":"HHH000489: No JTA platform available (set 'hibernate.transaction.jta.platform' to enable JTA platform integration)"}
{"@timestamp":"2025-10-22T19:45:59.1463657+03:00","level":"INFO","thread_name":"Test worker","message":"Initialized JPA EntityManagerFactory for persistence unit 'default'"}
{"@timestamp":"2025-10-22T19:46:00.9265822+03:00","level":"WARN","thread_name":"Test worker","message":"spring.jpa.open-in-view is enabled by default. Therefore, database queries may be performed during view rendering. Explicitly configure spring.jpa.open-in-view to disable this warning"}
{"@timestamp":"2025-10-22T19:46:03.4271941+03:00","level":"INFO","thread_name":"Test worker","message":"Initializing Spring TestDispatcherServlet ''"}
{"@timestamp":"2025-10-22T19:46:03.4271941+03:00","level":"INFO","thread_name":"Test worker","message":"Initializing Servlet ''"}
{"@timestamp":"2025-10-22T19:46:03.4402389+03:00","level":"INFO","thread_name":"Test worker","message":"Exposing 1 endpoint beneath base path '/actuator'"}
{"@timestamp":"2025-10-22T19:46:03.4610839+03:00","level":"INFO","thread_name":"Test worker","message":"Completed initialization in 34 ms"}
{"@timestamp":"2025-10-22T19:46:04.6362549+03:00","level":"INFO","thread_name":"Test worker","message":"Cannot determine local hostname"}
{"@timestamp":"2025-10-22T19:46:04.6660571+03:00","level":"INFO","thread_name":"Test worker","message":"Eureka HTTP Client uses RestTemplate."}
{"@timestamp":"2025-10-22T19:46:04.7920338+03:00","level":"WARN","thread_name":"Test worker","message":"Spring Cloud LoadBalancer is currently working with the default cache. While this cache implementation is useful for development and tests, it's recommended to use Caffeine cache in production.You can switch to using Caffeine cache, by adding it and org.springframework.cache.caffeine.CaffeineCacheManager to the classpath."}
{"@timestamp":"2025-10-22T19:46:05.0654108+03:00","level":"INFO","thread_name":"Test worker","message":"Starting ProtocolHandler [\"http-nio-auto-1\"]"}
{"@timestamp":"2025-10-22T19:46:05.0814112+03:00","level":"INFO","thread_name":"Test worker","message":"Tomcat started on port 53955 (http) with context path '/'"}
{"@timestamp":"2025-10-22T19:46:06.2289731+03:00","level":"INFO","thread_name":"Test worker","message":"Cannot determine local hostname"}
{"@timestamp":"2025-10-22T19:46:06.2739422+03:00","level":"INFO","thread_name":"Test worker","message":"Started DiscountServiceIntegrationTest in 17.59 seconds (process running for 20.975)"}
{"@timestamp":"2025-10-22T19:46:07.1061082+03:00","level":"INFO","thread_name":"Test worker","batchSize":"2","op":"getDiscounts","message":"Get discounts: returned 2"}
{"@timestamp":"2025-10-22T19:46:11.0801575+03:00","level":"INFO","thread_name":"lettuce-eventExecutorLoop-1-1","message":"Reconnecting, last destination was localhost/127.0.0.1:53941"}
{"@timestamp":"2025-10-22T19:46:11.0858557+03:00","level":"WARN","thread_name":"lettuce-nioEventLoop-4-2","message":"Cannot reconnect to [localhost/<unresolved>:53941]: Connection closed prematurely"}
{"@timestamp":"2025-10-22T19:52:20.1699877+03:00","level":"INFO","thread_name":"Test worker","message":"Starting DiscountServiceIntegrationTest using Java 17.0.10 with PID 45888 (started by kirin in C:\\Users\\kirin\\IdeaProjects\\shop\\discount-api)"}
{"@timestamp":"2025-10-22T19:52:20.1709869+03:00","level":"INFO","thread_name":"Test worker","message":"The following 1 profile is active: \"test\""}
{"@timestamp":"2025-10-22T19:52:20.3267398+03:00","level":"INFO","thread_name":"Test worker","message":"Fetching config from server at : http://localhost:8888"}
{"@timestamp":"2025-10-22T19:52:20.3267398+03:00","level":"INFO","thread_name":"Test worker","message":"Exception on Url - http://localhost:8888:org.springframework.web.client.ResourceAccessException: I/O error on GET request for \"http://localhost:8888/discount-api/test\": Connection refused: no further information. Will be trying the next url if available"}
{"@timestamp":"2025-10-22T19:52:20.3267398+03:00","level":"WARN","thread_name":"Test worker","message":"Could not locate PropertySource ([ConfigServerConfigDataResource@687eb455 uris = array<String>['http://localhost:8888'], optional = true, profiles = 'test']): I/O error on GET request for \"http://localhost:8888/discount-api/test\": Connection refused: no further information"}
{"@timestamp":"2025-10-22T19:52:20.3267398+03:00","level":"INFO","thread_name":"Test worker","message":"Fetching config from server at : http://localhost:8888"}
{"@timestamp":"2025-10-22T19:52:20.3267398+03:00","level":"INFO","thread_name":"Test worker","message":"Exception on Url - http://localhost:8888:org.springframework.web.client.ResourceAccessException: I/O error on GET request for \"http://localhost:8888/discount-api/default\": Connection refused: no further information. Will be trying the next url if available"}
{"@timestamp":"2025-10-22T19:52:20.3267398+03:00","level":"WARN","thread_name":"Test worker","message":"Could not locate PropertySource ([ConfigServerConfigDataResource@6d969330 uris = array<String>['http://localhost:8888'], optional = true, profiles = 'default']): I/O error on GET request for \"http://localhost:8888/discount-api/default\": Connection refused: no further information"}
{"@timestamp":"2025-10-22T19:52:21.2434442+03:00","level":"INFO","thread_name":"Test worker","message":"Multiple Spring Data modules found, entering strict repository configuration mode"}
{"@timestamp":"2025-10-22T19:52:21.2454488+03:00","level":"INFO","thread_name":"Test worker","message":"Bootstrapping Spring Data JPA repositories in DEFAULT mode."}
{"@timestamp":"2025-10-22T19:52:21.3752711+03:00","level":"INFO","thread_name":"Test worker","message":"Finished Spring Data repository scanning in 120 ms. Found 1 JPA repository interface."}
{"@timestamp":"2025-10-22T19:52:21.3943074+03:00","level":"INFO","thread_name":"Test worker","message":"Multiple Spring Data modules found, entering strict repository configuration mode"}
{"@timestamp":"2025-10-22T19:52:21.395271+03:00","level":"INFO","thread_name":"Test worker","message":"Bootstrapping Spring Data Redis repositories in DEFAULT mode."}
{"@timestamp":"2025-10-22T19:52:21.4212716+03:00","level":"INFO","thread_name":"Test worker","message":"Spring Data Redis - Could not safely identify store assignment for repository candidate interface ru.innotech.discountapi.adapters.repository.DiscountRepository; If you want this repository to be a Redis repository, consider annotating your entities with one of these annotations: org.springframework.data.redis.core.RedisHash (preferred), or consider extending one of the following types with your repository: org.springframework.data.keyvalue.repository.KeyValueRepository"}
{"@timestamp":"2025-10-22T19:52:21.4212716+03:00","level":"INFO","thread_name":"Test worker","message":"Finished Spring Data repository scanning in 8 ms. Found 0 Redis repository interfaces."}
{"@timestamp":"2025-10-22T19:52:21.7633979+03:00","level":"INFO","thread_name":"Test worker","message":"BeanFactory id=dc6b5af5-5894-37e8-aae9-ed725077ab58"}
{"@timestamp":"2025-10-22T19:52:22.6412423+03:00","level":"INFO","thread_name":"Test worker","message":"Tomcat initialized with port 0 (http)"}
{"@timestamp":"2025-10-22T19:52:22.6652422+03:00","level":"INFO","thread_name":"Test worker","message":"Initializing ProtocolHandler [\"http-nio-auto-1\"]"}
{"@timestamp":"2025-10-22T19:52:22.6672422+03:00","level":"INFO","thread_name":"Test worker","message":"Starting service [Tomcat]"}
{"@timestamp":"2025-10-22T19:52:22.668242+03:00","level":"INFO","thread_name":"Test worker","message":"Starting Servlet engine: [Apache Tomcat/10.1.44]"}
{"@timestamp":"2025-10-22T19:52:22.7674207+03:00","level":"INFO","thread_name":"Test worker","message":"Initializing Spring embedded WebApplicationContext"}
{"@timestamp":"2025-10-22T19:52:22.768422+03:00","level":"INFO","thread_name":"Test worker","message":"Root WebApplicationContext: initialization completed in 2438 ms"}
{"@timestamp":"2025-10-22T19:52:23.5408027+03:00","level":"INFO","thread_name":"Test worker","message":"HHH000204: Processing PersistenceUnitInfo [name: default]"}
{"@timestamp":"2025-10-22T19:52:23.6190458+03:00","level":"INFO","thread_name":"Test worker","message":"HHH000412: Hibernate ORM core version 6.6.26.Final"}
{"@timestamp":"2025-10-22T19:52:23.6530524+03:00","level":"INFO","thread_name":"Test worker","message":"HHH000026: Second-level cache disabled"}
{"@timestamp":"2025-10-22T19:52:23.9158656+03:00","level":"INFO","thread_name":"Test worker","message":"No LoadTimeWeaver setup: ignoring JPA class transformer"}
{"@timestamp":"2025-10-22T19:52:23.9425781+03:00","level":"INFO","thread_name":"Test worker","message":"HikariPool-1 - Starting..."}
{"@timestamp":"2025-10-22T19:52:24.0167554+03:00","level":"INFO","thread_name":"Test worker","message":"HikariPool-1 - Added connection org.postgresql.jdbc.PgConnection@754fa706"}
{"@timestamp":"2025-10-22T19:52:24.0180929+03:00","level":"INFO","thread_name":"Test worker","message":"HikariPool-1 - Start completed."}
{"@timestamp":"2025-10-22T19:52:24.0745701+03:00","level":"INFO","thread_name":"Test worker","message":"HHH10001005: Database info:\n\tDatabase JDBC URL [Connecting through datasource 'HikariDataSource (HikariPool-1)']\n\tDatabase driver: undefined/unknown\n\tDatabase version: 12.3\n\tAutocommit mode: undefined/unknown\n\tIsolation level: undefined/unknown\n\tMinimum pool size: undefined/unknown\n\tMaximum pool size: undefined/unknown"}
{"@timestamp":"2025-10-22T19:52:24.735694+03:00","level":"INFO","thread_name":"Test worker","message":"HHH000489: No JTA platform available (set 'hibernate.transaction.jta.platform' to enable JTA platform integration)"}
{"@timestamp":"2025-10-22T19:52:24.7716514+03:00","level":"INFO","thread_name":"Test worker","message":"Initialized JPA EntityManagerFactory for persistence unit 'default'"}
{"@timestamp":"2025-10-22T19:52:26.6895023+03:00","level":"WARN","thread_name":"Test worker","message":"spring.jpa.open-in-view is enabled by default. Therefore, database queries may be performed during view rendering. Explicitly configure spring.jpa.open-in-view to disable this warning"}
{"@timestamp":"2025-10-22T19:52:28.2680529+03:00","level":"INFO","thread_name":"Test worker","message":"Initializing Spring TestDispatcherServlet ''"}
{"@timestamp":"2025-10-22T19:52:28.2680529+03:00","level":"INFO","thread_name":"Test worker","message":"Initializing Servlet ''"}
{"@timestamp":"2025-10-22T19:52:28.2780535+03:00","level":"INFO","thread_name":"Test worker","message":"Exposing 1 endpoint beneath base path '/actuator'"}
{"@timestamp":"2025-10-22T19:52:28.2950524+03:00","level":"INFO","thread_name":"Test worker","message":"Completed initialization in 27 ms"}
{"@timestamp":"2025-10-22T19:52:29.4286541+03:00","level":"INFO","thread_name":"Test worker","message":"Cannot determine local hostname"}
{"@timestamp":"2025-10-22T19:52:29.4595613+03:00","level":"INFO","thread_name":"Test worker","message":"Eureka HTTP Client uses RestTemplate."}
{"@timestamp":"2025-10-22T19:52:29.5237177+03:00","level":"WARN","thread_name":"Test worker","message":"Spring Cloud LoadBalancer is currently working with the default cache. While this cache implementation is useful for development and tests, it's recommended to use Caffeine cache in production.You can switch to using Caffeine cache, by adding it and org.springframework.cache.caffeine.CaffeineCacheManager to the classpath."}
{"@timestamp":"2025-10-22T19:52:29.6713851+03:00","level":"INFO","thread_name":"Test worker","message":"Starting ProtocolHandler [\"http-nio-auto-1\"]"}
{"@timestamp":"2025-10-22T19:52:29.6863852+03:00","level":"INFO","thread_name":"Test worker","message":"Tomcat started on port 54098 (http) with context path '/'"}
{"@timestamp":"2025-10-22T19:52:30.7807809+03:00","level":"INFO","thread_name":"Test worker","message":"Cannot determine local hostname"}
{"@timestamp":"2025-10-22T19:52:30.8095476+03:00","level":"INFO","thread_name":"Test worker","message":"Started DiscountServiceIntegrationTest in 12.519 seconds (process running for 15.856)"}
{"@timestamp":"2025-10-22T19:52:31.6451902+03:00","level":"INFO","thread_name":"Test worker","batchSize":"2","op":"getDiscounts","message":"Get discounts: returned 2"}
{"@timestamp":"2025-10-22T19:52:40.1119599+03:00","level":"INFO","thread_name":"lettuce-eventExecutorLoop-1-1","message":"Reconnecting, last destination was localhost/127.0.0.1:54084"}
{"@timestamp":"2025-10-22T19:52:40.1207672+03:00","level":"WARN","thread_name":"lettuce-nioEventLoop-4-2","message":"Cannot reconnect to [localhost/<unresolved>:54084]: Connection closed prematurely"}
{"@timestamp":"2025-10-22T19:54:11.6368285+03:00","level":"INFO","thread_name":"Test worker","message":"Starting DiscountServiceIntegrationTest using Java 17.0.10 with PID 41876 (started by kirin in C:\\Users\\kirin\\IdeaProjects\\shop\\discount-api)"}
{"@timestamp":"2025-10-22T19:54:11.637828+03:00","level":"INFO","thread_name":"Test worker","message":"The following 1 profile is active: \"test\""}
{"@timestamp":"2025-10-22T19:54:11.7796534+03:00","level":"INFO","thread_name":"Test worker","message":"Fetching config from server at : http://localhost:8888"}
{"@timestamp":"2025-10-22T19:54:11.7796534+03:00","level":"INFO","thread_name":"Test worker","message":"Exception on Url - http://localhost:8888:org.springframework.web.client.ResourceAccessException: I/O error on GET request for \"http://localhost:8888/discount-api/test\": Connection refused: no further information. Will be trying the next url if available"}
{"@timestamp":"2025-10-22T19:54:11.7796534+03:00","level":"WARN","thread_name":"Test worker","message":"Could not locate PropertySource ([ConfigServerConfigDataResource@1b17d8ab uris = array<String>['http://localhost:8888'], optional = true, profiles = 'test']): I/O error on GET request for \"http://localhost:8888/discount-api/test\": Connection refused: no further information"}
{"@timestamp":"2025-10-22T19:54:11.7796534+03:00","level":"INFO","thread_name":"Test worker","message":"Fetching config from server at : http://localhost:8888"}
{"@timestamp":"2025-10-22T19:54:11.7796534+03:00","level":"INFO","thread_name":"Test worker","message":"Exception on Url - http://localhost:8888:org.springframework.web.client.ResourceAccessException: I/O error on GET request for \"http://localhost:8888/discount-api/default\": Connection refused: no further information. Will be trying the next url if available"}
{"@timestamp":"2025-10-22T19:54:11.7796534+03:00","level":"WARN","thread_name":"Test worker","message":"Could not locate PropertySource ([ConfigServerConfigDataResource@7f6b7426 uris = array<String>['http://localhost:8888'], optional = true, profiles = 'default']): I/O error on GET request for \"http://localhost:8888/discount-api/default\": Connection refused: no further information"}
{"@timestamp":"2025-10-22T19:54:12.7454978+03:00","level":"INFO","thread_name":"Test worker","message":"Multiple Spring Data modules found, entering strict repository configuration mode"}
{"@timestamp":"2025-10-22T19:54:12.7474722+03:00","level":"INFO","thread_name":"Test worker","message":"Bootstrapping Spring Data JPA repositories in DEFAULT mode."}
{"@timestamp":"2025-10-22T19:54:12.8690775+03:00","level":"INFO","thread_name":"Test worker","message":"Finished Spring Data repository scanning in 109 ms. Found 1 JPA repository interface."}
{"@timestamp":"2025-10-22T19:54:12.8820774+03:00","level":"INFO","thread_name":"Test worker","message":"Multiple Spring Data modules found, entering strict repository configuration mode"}
{"@timestamp":"2025-10-22T19:54:12.8839116+03:00","level":"INFO","thread_name":"Test worker","message":"Bootstrapping Spring Data Redis repositories in DEFAULT mode."}
{"@timestamp":"2025-10-22T19:54:12.9044988+03:00","level":"INFO","thread_name":"Test worker","message":"Spring Data Redis - Could not safely identify store assignment for repository candidate interface ru.innotech.discountapi.adapters.repository.DiscountRepository; If you want this repository to be a Redis repository, consider annotating your entities with one of these annotations: org.springframework.data.redis.core.RedisHash (preferred), or consider extending one of the following types with your repository: org.springframework.data.keyvalue.repository.KeyValueRepository"}
{"@timestamp":"2025-10-22T19:54:12.9044988+03:00","level":"INFO","thread_name":"Test worker","message":"Finished Spring Data repository scanning in 7 ms. Found 0 Redis repository interfaces."}
{"@timestamp":"2025-10-22T19:54:13.3103616+03:00","level":"INFO","thread_name":"Test worker","message":"BeanFactory id=5f65a9f4-bb1b-3dad-b83f-2546f0139140"}
{"@timestamp":"2025-10-22T19:54:14.1388045+03:00","level":"INFO","thread_name":"Test worker","message":"Tomcat initialized with port 0 (http)"}
{"@timestamp":"2025-10-22T19:54:14.1544987+03:00","level":"INFO","thread_name":"Test worker","message":"Initializing ProtocolHandler [\"http-nio-auto-1\"]"}
{"@timestamp":"2025-10-22T19:54:14.1564991+03:00","level":"INFO","thread_name":"Test worker","message":"Starting service [Tomcat]"}
{"@timestamp":"2025-10-22T19:54:14.1564991+03:00","level":"INFO","thread_name":"Test worker","message":"Starting Servlet engine: [Apache Tomcat/10.1.44]"}
{"@timestamp":"2025-10-22T19:54:14.2333088+03:00","level":"INFO","thread_name":"Test worker","message":"Initializing Spring embedded WebApplicationContext"}
{"@timestamp":"2025-10-22T19:54:14.2333088+03:00","level":"INFO","thread_name":"Test worker","message":"Root WebApplicationContext: initialization completed in 2448 ms"}
{"@timestamp":"2025-10-22T19:54:16.8531503+03:00","level":"INFO","thread_name":"Test worker","message":"HHH000204: Processing PersistenceUnitInfo [name: default]"}
{"@timestamp":"2025-10-22T19:54:16.9428318+03:00","level":"INFO","thread_name":"Test worker","message":"HHH000412: Hibernate ORM core version 6.6.26.Final"}
{"@timestamp":"2025-10-22T19:54:17.0003518+03:00","level":"INFO","thread_name":"Test worker","message":"HHH000026: Second-level cache disabled"}
{"@timestamp":"2025-10-22T19:54:17.445602+03:00","level":"INFO","thread_name":"Test worker","message":"No LoadTimeWeaver setup: ignoring JPA class transformer"}
{"@timestamp":"2025-10-22T19:54:17.4905998+03:00","level":"INFO","thread_name":"Test worker","message":"HikariPool-1 - Starting..."}
{"@timestamp":"2025-10-22T19:54:17.5952015+03:00","level":"INFO","thread_name":"Test worker","message":"HikariPool-1 - Added connection org.postgresql.jdbc.PgConnection@e0fbed5"}
{"@timestamp":"2025-10-22T19:54:17.5972826+03:00","level":"INFO","thread_name":"Test worker","message":"HikariPool-1 - Start completed."}
{"@timestamp":"2025-10-22T19:54:17.7226585+03:00","level":"INFO","thread_name":"Test worker","message":"HHH10001005: Database info:\n\tDatabase JDBC URL [Connecting through datasource 'HikariDataSource (HikariPool-1)']\n\tDatabase driver: undefined/unknown\n\tDatabase version: 12.3\n\tAutocommit mode: undefined/unknown\n\tIsolation level: undefined/unknown\n\tMinimum pool size: undefined/unknown\n\tMaximum pool size: undefined/unknown"}
{"@timestamp":"2025-10-22T19:54:18.9481231+03:00","level":"INFO","thread_name":"Test worker","message":"HHH000489: No JTA platform available (set 'hibernate.transaction.jta.platform' to enable JTA platform integration)"}
{"@timestamp":"2025-10-22T19:54:19.0096291+03:00","level":"INFO","thread_name":"Test worker","message":"Initialized JPA EntityManagerFactory for persistence unit 'default'"}
{"@timestamp":"2025-10-22T19:54:22.1662763+03:00","level":"WARN","thread_name":"Test worker","message":"spring.jpa.open-in-view is enabled by default. Therefore, database queries may be performed during view rendering. Explicitly configure spring.jpa.open-in-view to disable this warning"}
{"@timestamp":"2025-10-22T19:54:25.7235762+03:00","level":"INFO","thread_name":"Test worker","message":"Initializing Spring TestDispatcherServlet ''"}
{"@timestamp":"2025-10-22T19:54:25.7235762+03:00","level":"INFO","thread_name":"Test worker","message":"Initializing Servlet ''"}
{"@timestamp":"2025-10-22T19:54:25.7465771+03:00","level":"INFO","thread_name":"Test worker","message":"Exposing 1 endpoint beneath base path '/actuator'"}
{"@timestamp":"2025-10-22T19:54:25.7781903+03:00","level":"INFO","thread_name":"Test worker","message":"Completed initialization in 55 ms"}
{"@timestamp":"2025-10-22T19:54:26.9583994+03:00","level":"INFO","thread_name":"Test worker","message":"Cannot determine local hostname"}
{"@timestamp":"2025-10-22T19:54:26.996923+03:00","level":"INFO","thread_name":"Test worker","message":"Eureka HTTP Client uses RestTemplate."}
{"@timestamp":"2025-10-22T19:54:27.1377406+03:00","level":"WARN","thread_name":"Test worker","message":"Spring Cloud LoadBalancer is currently working with the default cache. While this cache implementation is useful for development and tests, it's recommended to use Caffeine cache in production.You can switch to using Caffeine cache, by adding it and org.springframework.cache.caffeine.CaffeineCacheManager to the classpath."}
{"@timestamp":"2025-10-22T19:54:27.4190022+03:00","level":"INFO","thread_name":"Test worker","message":"Starting ProtocolHandler [\"http-nio-auto-1\"]"}
{"@timestamp":"2025-10-22T19:54:27.4330023+03:00","level":"INFO","thread_name":"Test worker","message":"Tomcat started on port 54155 (http) with context path '/'"}
{"@timestamp":"2025-10-22T19:54:28.5701498+03:00","level":"INFO","thread_name":"Test worker","message":"Cannot determine local hostname"}
{"@timestamp":"2025-10-22T19:54:28.5969905+03:00","level":"INFO","thread_name":"Test worker","message":"Started DiscountServiceIntegrationTest in 18.87 seconds (process running for 22.356)"}
{"@timestamp":"2025-10-22T19:54:29.8868481+03:00","level":"INFO","thread_name":"Test worker","batchSize":"2","op":"getDiscounts","message":"Get discounts: returned 2"}
{"@timestamp":"2025-10-22T19:54:50.1722951+03:00","level":"INFO","thread_name":"lettuce-eventExecutorLoop-1-1","message":"Reconnecting, last destination was localhost/127.0.0.1:54137"}
{"@timestamp":"2025-10-22T19:54:50.1826167+03:00","level":"WARN","thread_name":"lettuce-nioEventLoop-4-2","message":"Cannot reconnect to [localhost/<unresolved>:54137]: Connection closed prematurely"}
{"@timestamp":"2025-10-22T19:55:42.5162071+03:00","level":"INFO","thread_name":"Test worker","message":"Starting DiscountServiceIntegrationTest using Java 17.0.10 with PID 47828 (started by kirin in C:\\Users\\kirin\\IdeaProjects\\shop\\discount-api)"}
{"@timestamp":"2025-10-22T19:55:42.5172076+03:00","level":"INFO","thread_name":"Test worker","message":"The following 1 profile is active: \"test\""}
{"@timestamp":"2025-10-22T19:55:42.6924608+03:00","level":"INFO","thread_name":"Test worker","message":"Fetching config from server at : http://localhost:8888"}
{"@timestamp":"2025-10-22T19:55:42.6924608+03:00","level":"INFO","thread_name":"Test worker","message":"Exception on Url - http://localhost:8888:org.springframework.web.client.ResourceAccessException: I/O error on GET request for \"http://localhost:8888/discount-api/test\": Connection refused: no further information. Will be trying the next url if available"}
{"@timestamp":"2025-10-22T19:55:42.6924608+03:00","level":"WARN","thread_name":"Test worker","message":"Could not locate PropertySource ([ConfigServerConfigDataResource@e26a3df uris = array<String>['http://localhost:8888'], optional = true, profiles = 'test']): I/O error on GET request for \"http://localhost:8888/discount-api/test\": Connection refused: no further information"}
{"@timestamp":"2025-10-22T19:55:42.6924608+03:00","level":"INFO","thread_name":"Test worker","message":"Fetching config from server at : http://localhost:8888"}
{"@timestamp":"2025-10-22T19:55:42.6924608+03:00","level":"INFO","thread_name":"Test worker","message":"Exception on Url - http://localhost:8888:org.springframework.web.client.ResourceAccessException: I/O error on GET request for \"http://localhost:8888/discount-api/default\": Connection refused: no further information. Will be trying the next url if available"}
{"@timestamp":"2025-10-22T19:55:42.6924608+03:00","level":"WARN","thread_name":"Test worker","message":"Could not locate PropertySource ([ConfigServerConfigDataResource@57a667c8 uris = array<String>['http://localhost:8888'], optional = true, profiles = 'default']): I/O error on GET request for \"http://localhost:8888/discount-api/default\": Connection refused: no further information"}
{"@timestamp":"2025-10-22T19:55:43.7816245+03:00","level":"INFO","thread_name":"Test worker","message":"Multiple Spring Data modules found, entering strict repository configuration mode"}
{"@timestamp":"2025-10-22T19:55:43.7836027+03:00","level":"INFO","thread_name":"Test worker","message":"Bootstrapping Spring Data JPA repositories in DEFAULT mode."}
{"@timestamp":"2025-10-22T19:55:43.9255562+03:00","level":"INFO","thread_name":"Test worker","message":"Finished Spring Data repository scanning in 132 ms. Found 1 JPA repository interface."}
{"@timestamp":"2025-10-22T19:55:43.9476257+03:00","level":"INFO","thread_name":"Test worker","message":"Multiple Spring Data modules found, entering strict repository configuration mode"}
{"@timestamp":"2025-10-22T19:55:43.9500552+03:00","level":"INFO","thread_name":"Test worker","message":"Bootstrapping Spring Data Redis repositories in DEFAULT mode."}
{"@timestamp":"2025-10-22T19:55:43.9695697+03:00","level":"INFO","thread_name":"Test worker","message":"Spring Data Redis - Could not safely identify store assignment for repository candidate interface ru.innotech.discountapi.adapters.repository.DiscountRepository; If you want this repository to be a Redis repository, consider annotating your entities with one of these annotations: org.springframework.data.redis.core.RedisHash (preferred), or consider extending one of the following types with your repository: org.springframework.data.keyvalue.repository.KeyValueRepository"}
{"@timestamp":"2025-10-22T19:55:43.9695697+03:00","level":"INFO","thread_name":"Test worker","message":"Finished Spring Data repository scanning in 9 ms. Found 0 Redis repository interfaces."}
{"@timestamp":"2025-10-22T19:55:44.3689537+03:00","level":"INFO","thread_name":"Test worker","message":"BeanFactory id=5f65a9f4-bb1b-3dad-b83f-2546f0139140"}
{"@timestamp":"2025-10-22T19:55:45.1775681+03:00","level":"INFO","thread_name":"Test worker","message":"Tomcat initialized with port 0 (http)"}
{"@timestamp":"2025-10-22T19:55:45.1906127+03:00","level":"INFO","thread_name":"Test worker","message":"Initializing ProtocolHandler [\"http-nio-auto-1\"]"}
{"@timestamp":"2025-10-22T19:55:45.1916075+03:00","level":"INFO","thread_name":"Test worker","message":"Starting service [Tomcat]"}
{"@timestamp":"2025-10-22T19:55:45.1925859+03:00","level":"INFO","thread_name":"Test worker","message":"Starting Servlet engine: [Apache Tomcat/10.1.44]"}
{"@timestamp":"2025-10-22T19:55:45.2680052+03:00","level":"INFO","thread_name":"Test worker","message":"Initializing Spring embedded WebApplicationContext"}
{"@timestamp":"2025-10-22T19:55:45.2680052+03:00","level":"INFO","thread_name":"Test worker","message":"Root WebApplicationContext: initialization completed in 2569 ms"}
{"@timestamp":"2025-10-22T19:55:46.0123068+03:00","level":"INFO","thread_name":"Test worker","message":"HHH000204: Processing PersistenceUnitInfo [name: default]"}
{"@timestamp":"2025-10-22T19:55:46.0632827+03:00","level":"INFO","thread_name":"Test worker","message":"HHH000412: Hibernate ORM core version 6.6.26.Final"}
{"@timestamp":"2025-10-22T19:55:46.0979851+03:00","level":"INFO","thread_name":"Test worker","message":"HHH000026: Second-level cache disabled"}
{"@timestamp":"2025-10-22T19:55:46.3519562+03:00","level":"INFO","thread_name":"Test worker","message":"No LoadTimeWeaver setup: ignoring JPA class transformer"}
{"@timestamp":"2025-10-22T19:55:46.3789113+03:00","level":"INFO","thread_name":"Test worker","message":"HikariPool-1 - Starting..."}
{"@timestamp":"2025-10-22T19:55:46.4494543+03:00","level":"INFO","thread_name":"Test worker","message":"HikariPool-1 - Added connection org.postgresql.jdbc.PgConnection@42f2c28d"}
{"@timestamp":"2025-10-22T19:55:46.4514569+03:00","level":"INFO","thread_name":"Test worker","message":"HikariPool-1 - Start completed."}
{"@timestamp":"2025-10-22T19:55:46.5048728+03:00","level":"INFO","thread_name":"Test worker","message":"HHH10001005: Database info:\n\tDatabase JDBC URL [Connecting through datasource 'HikariDataSource (HikariPool-1)']\n\tDatabase driver: undefined/unknown\n\tDatabase version: 12.3\n\tAutocommit mode: undefined/unknown\n\tIsolation level: undefined/unknown\n\tMinimum pool size: undefined/unknown\n\tMaximum pool size: undefined/unknown"}
{"@timestamp":"2025-10-22T19:55:47.1583449+03:00","level":"INFO","thread_name":"Test worker","message":"HHH000489: No JTA platform available (set 'hibernate.transaction.jta.platform' to enable JTA platform integration)"}
{"@timestamp":"2025-10-22T19:55:47.202517+03:00","level":"INFO","thread_name":"Test worker","message":"Initialized JPA EntityManagerFactory for persistence unit 'default'"}
{"@timestamp":"2025-10-22T19:55:50.9159623+03:00","level":"WARN","thread_name":"Test worker","message":"spring.jpa.open-in-view is enabled by default. Therefore, database queries may be performed during view rendering. Explicitly configure spring.jpa.open-in-view to disable this warning"}
{"@timestamp":"2025-10-22T19:55:53.9493156+03:00","level":"INFO","thread_name":"Test worker","message":"Initializing Spring TestDispatcherServlet ''"}
{"@timestamp":"2025-10-22T19:55:53.9493156+03:00","level":"INFO","thread_name":"Test worker","message":"Initializing Servlet ''"}
{"@timestamp":"2025-10-22T19:55:53.9623178+03:00","level":"INFO","thread_name":"Test worker","message":"Exposing 1 endpoint beneath base path '/actuator'"}
{"@timestamp":"2025-10-22T19:55:53.9843166+03:00","level":"INFO","thread_name":"Test worker","message":"Completed initialization in 35 ms"}
{"@timestamp":"2025-10-22T19:55:55.1762547+03:00","level":"INFO","thread_name":"Test worker","message":"Cannot determine local hostname"}
{"@timestamp":"2025-10-22T19:55:55.2099389+03:00","level":"INFO","thread_name":"Test worker","message":"Eureka HTTP Client uses RestTemplate."}
{"@timestamp":"2025-10-22T19:55:55.3304182+03:00","level":"WARN","thread_name":"Test worker","message":"Spring Cloud LoadBalancer is currently working with the default cache. While this cache implementation is useful for development and tests, it's recommended to use Caffeine cache in production.You can switch to using Caffeine cache, by adding it and org.springframework.cache.caffeine.CaffeineCacheManager to the classpath."}
{"@timestamp":"2025-10-22T19:55:55.6198309+03:00","level":"INFO","thread_name":"Test worker","message":"Starting ProtocolHandler [\"http-nio-auto-1\"]"}
{"@timestamp":"2025-10-22T19:55:55.634831+03:00","level":"INFO","thread_name":"Test worker","message":"Tomcat started on port 54213 (http) with context path '/'"}
{"@timestamp":"2025-10-22T19:55:56.7786461+03:00","level":"INFO","thread_name":"Test worker","message":"Cannot determine local hostname"}
{"@timestamp":"2025-10-22T19:55:56.8224679+03:00","level":"INFO","thread_name":"Test worker","message":"Started DiscountServiceIntegrationTest in 16.274 seconds (process running for 19.77)"}
{"@timestamp":"2025-10-22T19:55:58.1149479+03:00","level":"INFO","thread_name":"Test worker","batchSize":"2","op":"getDiscounts","message":"Get discounts: returned 2"}
{"@timestamp":"2025-10-22T19:56:20.9982059+03:00","level":"INFO","thread_name":"lettuce-eventExecutorLoop-1-1","message":"Reconnecting, last destination was localhost/127.0.0.1:54194"}
{"@timestamp":"2025-10-22T19:56:21.0050905+03:00","level":"WARN","thread_name":"lettuce-nioEventLoop-4-2","message":"Cannot reconnect to [localhost/<unresolved>:54194]: Connection closed prematurely"}
{"@timestamp":"2025-10-22T19:57:01.5981825+03:00","level":"INFO","thread_name":"Test worker","message":"Starting DiscountServiceIntegrationTest using Java 17.0.10 with PID 17320 (started by kirin in C:\\Users\\kirin\\IdeaProjects\\shop\\discount-api)"}
{"@timestamp":"2025-10-22T19:57:01.5991817+03:00","level":"INFO","thread_name":"Test worker","message":"The following 1 profile is active: \"test\""}
{"@timestamp":"2025-10-22T19:57:01.7598987+03:00","level":"INFO","thread_name":"Test worker","message":"Fetching config from server at : http://localhost:8888"}
{"@timestamp":"2025-10-22T19:57:01.7598987+03:00","level":"INFO","thread_name":"Test worker","message":"Exception on Url - http://localhost:8888:org.springframework.web.client.ResourceAccessException: I/O error on GET request for \"http://localhost:8888/discount-api/test\": Connection refused: no further information. Will be trying the next url if available"}
{"@timestamp":"2025-10-22T19:57:01.7598987+03:00","level":"WARN","thread_name":"Test worker","message":"Could not locate PropertySource ([ConfigServerConfigDataResource@226d5af0 uris = array<String>['http://localhost:8888'], optional = true, profiles = 'test']): I/O error on GET request for \"http://localhost:8888/discount-api/test\": Connection refused: no further information"}
{"@timestamp":"2025-10-22T19:57:01.7598987+03:00","level":"INFO","thread_name":"Test worker","message":"Fetching config from server at : http://localhost:8888"}
{"@timestamp":"2025-10-22T19:57:01.7598987+03:00","level":"INFO","thread_name":"Test worker","message":"Exception on Url - http://localhost:8888:org.springframework.web.client.ResourceAccessException: I/O error on GET request for \"http://localhost:8888/discount-api/default\": Connection refused: no further information. Will be trying the next url if available"}
{"@timestamp":"2025-10-22T19:57:01.7598987+03:00","level":"WARN","thread_name":"Test worker","message":"Could not locate PropertySource ([ConfigServerConfigDataResource@527937d0 uris = array<String>['http://localhost:8888'], optional = true, profiles = 'default']): I/O error on GET request for \"http://localhost:8888/discount-api/default\": Connection refused: no further information"}
{"@timestamp":"2025-10-22T19:57:02.7041152+03:00","level":"INFO","thread_name":"Test worker","message":"Multiple Spring Data modules found, entering strict repository configuration mode"}
{"@timestamp":"2025-10-22T19:57:02.7050737+03:00","level":"INFO","thread_name":"Test worker","message":"Bootstrapping Spring Data JPA repositories in DEFAULT mode."}
{"@timestamp":"2025-10-22T19:57:02.8368389+03:00","level":"INFO","thread_name":"Test worker","message":"Finished Spring Data repository scanning in 118 ms. Found 1 JPA repository interface."}
{"@timestamp":"2025-10-22T19:57:02.8488675+03:00","level":"INFO","thread_name":"Test worker","message":"Multiple Spring Data modules found, entering strict repository configuration mode"}
{"@timestamp":"2025-10-22T19:57:02.8498619+03:00","level":"INFO","thread_name":"Test worker","message":"Bootstrapping Spring Data Redis repositories in DEFAULT mode."}
{"@timestamp":"2025-10-22T19:57:02.8624542+03:00","level":"INFO","thread_name":"Test worker","message":"Spring Data Redis - Could not safely identify store assignment for repository candidate interface ru.innotech.discountapi.adapters.repository.DiscountRepository; If you want this repository to be a Redis repository, consider annotating your entities with one of these annotations: org.springframework.data.redis.core.RedisHash (preferred), or consider extending one of the following types with your repository: org.springframework.data.keyvalue.repository.KeyValueRepository"}
{"@timestamp":"2025-10-22T19:57:02.8624542+03:00","level":"INFO","thread_name":"Test worker","message":"Finished Spring Data repository scanning in 4 ms. Found 0 Redis repository interfaces."}
{"@timestamp":"2025-10-22T19:57:03.1803349+03:00","level":"INFO","thread_name":"Test worker","message":"BeanFactory id=5f65a9f4-bb1b-3dad-b83f-2546f0139140"}
{"@timestamp":"2025-10-22T19:57:03.9341013+03:00","level":"INFO","thread_name":"Test worker","message":"Tomcat initialized with port 0 (http)"}
{"@timestamp":"2025-10-22T19:57:03.9451031+03:00","level":"INFO","thread_name":"Test worker","message":"Initializing ProtocolHandler [\"http-nio-auto-1\"]"}
{"@timestamp":"2025-10-22T19:57:03.9471027+03:00","level":"INFO","thread_name":"Test worker","message":"Starting service [Tomcat]"}
{"@timestamp":"2025-10-22T19:57:03.9471027+03:00","level":"INFO","thread_name":"Test worker","message":"Starting Servlet engine: [Apache Tomcat/10.1.44]"}
{"@timestamp":"2025-10-22T19:57:04.0305067+03:00","level":"INFO","thread_name":"Test worker","message":"Initializing Spring embedded WebApplicationContext"}
{"@timestamp":"2025-10-22T19:57:04.0305067+03:00","level":"INFO","thread_name":"Test worker","message":"Root WebApplicationContext: initialization completed in 2266 ms"}
{"@timestamp":"2025-10-22T19:57:04.6984307+03:00","level":"INFO","thread_name":"Test worker","message":"HHH000204: Processing PersistenceUnitInfo [name: default]"}
{"@timestamp":"2025-10-22T19:57:04.7421947+03:00","level":"INFO","thread_name":"Test worker","message":"HHH000412: Hibernate ORM core version 6.6.26.Final"}
{"@timestamp":"2025-10-22T19:57:04.7651887+03:00","level":"INFO","thread_name":"Test worker","message":"HHH000026: Second-level cache disabled"}
{"@timestamp":"2025-10-22T19:57:05.0000309+03:00","level":"INFO","thread_name":"Test worker","message":"No LoadTimeWeaver setup: ignoring JPA class transformer"}
{"@timestamp":"2025-10-22T19:57:05.0220179+03:00","level":"INFO","thread_name":"Test worker","message":"HikariPool-1 - Starting..."}
{"@timestamp":"2025-10-22T19:57:05.0969749+03:00","level":"INFO","thread_name":"Test worker","message":"HikariPool-1 - Added connection org.postgresql.jdbc.PgConnection@562b791b"}
{"@timestamp":"2025-10-22T19:57:05.0980462+03:00","level":"INFO","thread_name":"Test worker","message":"HikariPool-1 - Start completed."}
{"@timestamp":"2025-10-22T19:57:05.1443016+03:00","level":"INFO","thread_name":"Test worker","message":"HHH10001005: Database info:\n\tDatabase JDBC URL [Connecting through datasource 'HikariDataSource (HikariPool-1)']\n\tDatabase driver: undefined/unknown\n\tDatabase version: 12.3\n\tAutocommit mode: undefined/unknown\n\tIsolation level: undefined/unknown\n\tMinimum pool size: undefined/unknown\n\tMaximum pool size: undefined/unknown"}
{"@timestamp":"2025-10-22T19:57:05.7274323+03:00","level":"INFO","thread_name":"Test worker","message":"HHH000489: No JTA platform available (set 'hibernate.transaction.jta.platform' to enable JTA platform integration)"}
{"@timestamp":"2025-10-22T19:57:05.7663926+03:00","level":"INFO","thread_name":"Test worker","message":"Initialized JPA EntityManagerFactory for persistence unit 'default'"}
{"@timestamp":"2025-10-22T19:57:07.1920131+03:00","level":"WARN","thread_name":"Test worker","message":"spring.jpa.open-in-view is enabled by default. Therefore, database queries may be performed during view rendering. Explicitly configure spring.jpa.open-in-view to disable this warning"}
{"@timestamp":"2025-10-22T19:57:08.4125065+03:00","level":"INFO","thread_name":"Test worker","message":"Initializing Spring TestDispatcherServlet ''"}
{"@timestamp":"2025-10-22T19:57:08.4125065+03:00","level":"INFO","thread_name":"Test worker","message":"Initializing Servlet ''"}
{"@timestamp":"2025-10-22T19:57:08.4185075+03:00","level":"INFO","thread_name":"Test worker","message":"Exposing 1 endpoint beneath base path '/actuator'"}
{"@timestamp":"2025-10-22T19:57:08.4310257+03:00","level":"INFO","thread_name":"Test worker","message":"Completed initialization in 18 ms"}
{"@timestamp":"2025-10-22T19:57:09.5504347+03:00","level":"INFO","thread_name":"Test worker","message":"Cannot determine local hostname"}
{"@timestamp":"2025-10-22T19:57:09.5834243+03:00","level":"INFO","thread_name":"Test worker","message":"Eureka HTTP Client uses RestTemplate."}
{"@timestamp":"2025-10-22T19:57:09.6673717+03:00","level":"WARN","thread_name":"Test worker","message":"Spring Cloud LoadBalancer is currently working with the default cache. While this cache implementation is useful for development and tests, it's recommended to use Caffeine cache in production.You can switch to using Caffeine cache, by adding it and org.springframework.cache.caffeine.CaffeineCacheManager to the classpath."}
{"@timestamp":"2025-10-22T19:57:09.8206953+03:00","level":"INFO","thread_name":"Test worker","message":"Starting ProtocolHandler [\"http-nio-auto-1\"]"}
{"@timestamp":"2025-10-22T19:57:09.8286607+03:00","level":"INFO","thread_name":"Test worker","message":"Tomcat started on port 54261 (http) with context path '/'"}
{"@timestamp":"2025-10-22T19:57:10.9279126+03:00","level":"INFO","thread_name":"Test worker","message":"Cannot determine local hostname"}
{"@timestamp":"2025-10-22T19:57:10.9425026+03:00","level":"INFO","thread_name":"Test worker","message":"Started DiscountServiceIntegrationTest in 11.235 seconds (process running for 14.437)"}
{"@timestamp":"2025-10-22T19:57:11.8376452+03:00","level":"INFO","thread_name":"Test worker","batchSize":"2","op":"getDiscounts","message":"Get discounts: returned 2"}
{"@timestamp":"2025-10-22T19:57:11.9853171+03:00","level":"INFO","thread_name":"lettuce-eventExecutorLoop-1-1","message":"Reconnecting, last destination was localhost/127.0.0.1:54247"}
{"@timestamp":"2025-10-22T19:57:11.9933186+03:00","level":"WARN","thread_name":"lettuce-nioEventLoop-4-2","message":"Cannot reconnect to [localhost/<unresolved>:54247]: Connection closed prematurely"}
{"@timestamp":"2025-10-22T19:57:12.3460178+03:00","level":"INFO","thread_name":"SpringApplicationShutdownHook","message":"Commencing graceful shutdown. Waiting for active requests to complete"}
{"@timestamp":"2025-10-22T19:57:12.5564022+03:00","level":"INFO","thread_name":"tomcat-shutdown","message":"Graceful shutdown complete"}
{"@timestamp":"2025-10-22T19:57:12.572596+03:00","level":"INFO","thread_name":"SpringApplicationShutdownHook","message":"Closing JPA EntityManagerFactory for persistence unit 'default'"}
{"@timestamp":"2025-10-22T19:57:12.573596+03:00","level":"INFO","thread_name":"SpringApplicationShutdownHook","message":"HikariPool-1 - Shutdown initiated..."}
{"@timestamp":"2025-10-22T19:57:12.5755955+03:00","level":"INFO","thread_name":"SpringApplicationShutdownHook","message":"HikariPool-1 - Shutdown completed."}
{"@timestamp":"2025-10-22T19:57:42.1018402+03:00","level":"INFO","thread_name":"Test worker","message":"Starting DiscountServiceIntegrationTest using Java 17.0.10 with PID 38580 (started by kirin in C:\\Users\\kirin\\IdeaProjects\\shop\\discount-api)"}
{"@timestamp":"2025-10-22T19:57:42.1018402+03:00","level":"INFO","thread_name":"Test worker","message":"The following 1 profile is active: \"test\""}
{"@timestamp":"2025-10-22T19:57:42.2809056+03:00","level":"INFO","thread_name":"Test worker","message":"Fetching config from server at : http://localhost:8888"}
{"@timestamp":"2025-10-22T19:57:42.2809056+03:00","level":"INFO","thread_name":"Test worker","message":"Exception on Url - http://localhost:8888:org.springframework.web.client.ResourceAccessException: I/O error on GET request for \"http://localhost:8888/discount-api/test\": Connection refused: no further information. Will be trying the next url if available"}
{"@timestamp":"2025-10-22T19:57:42.2819045+03:00","level":"WARN","thread_name":"Test worker","message":"Could not locate PropertySource ([ConfigServerConfigDataResource@226d5af0 uris = array<String>['http://localhost:8888'], optional = true, profiles = 'test']): I/O error on GET request for \"http://localhost:8888/discount-api/test\": Connection refused: no further information"}
{"@timestamp":"2025-10-22T19:57:42.2819045+03:00","level":"INFO","thread_name":"Test worker","message":"Fetching config from server at : http://localhost:8888"}
{"@timestamp":"2025-10-22T19:57:42.2819045+03:00","level":"INFO","thread_name":"Test worker","message":"Exception on Url - http://localhost:8888:org.springframework.web.client.ResourceAccessException: I/O error on GET request for \"http://localhost:8888/discount-api/default\": Connection refused: no further information. Will be trying the next url if available"}
{"@timestamp":"2025-10-22T19:57:42.2819045+03:00","level":"WARN","thread_name":"Test worker","message":"Could not locate PropertySource ([ConfigServerConfigDataResource@527937d0 uris = array<String>['http://localhost:8888'], optional = true, profiles = 'default']): I/O error on GET request for \"http://localhost:8888/discount-api/default\": Connection refused: no further information"}
{"@timestamp":"2025-10-22T19:57:43.1910621+03:00","level":"INFO","thread_name":"Test worker","message":"Multiple Spring Data modules found, entering strict repository configuration mode"}
{"@timestamp":"2025-10-22T19:57:43.1936785+03:00","level":"INFO","thread_name":"Test worker","message":"Bootstrapping Spring Data JPA repositories in DEFAULT mode."}
{"@timestamp":"2025-10-22T19:57:43.3317135+03:00","level":"INFO","thread_name":"Test worker","message":"Finished Spring Data repository scanning in 125 ms. Found 1 JPA repository interface."}
{"@timestamp":"2025-10-22T19:57:43.3457199+03:00","level":"INFO","thread_name":"Test worker","message":"Multiple Spring Data modules found, entering strict repository configuration mode"}
{"@timestamp":"2025-10-22T19:57:43.3477303+03:00","level":"INFO","thread_name":"Test worker","message":"Bootstrapping Spring Data Redis repositories in DEFAULT mode."}
{"@timestamp":"2025-10-22T19:57:43.362684+03:00","level":"INFO","thread_name":"Test worker","message":"Spring Data Redis - Could not safely identify store assignment for repository candidate interface ru.innotech.discountapi.adapters.repository.DiscountRepository; If you want this repository to be a Redis repository, consider annotating your entities with one of these annotations: org.springframework.data.redis.core.RedisHash (preferred), or consider extending one of the following types with your repository: org.springframework.data.keyvalue.repository.KeyValueRepository"}
{"@timestamp":"2025-10-22T19:57:43.362684+03:00","level":"INFO","thread_name":"Test worker","message":"Finished Spring Data repository scanning in 5 ms. Found 0 Redis repository interfaces."}
{"@timestamp":"2025-10-22T19:57:43.6777754+03:00","level":"INFO","thread_name":"Test worker","message":"BeanFactory id=5f65a9f4-bb1b-3dad-b83f-2546f0139140"}
{"@timestamp":"2025-10-22T19:57:44.4659294+03:00","level":"INFO","thread_name":"Test worker","message":"Tomcat initialized with port 0 (http)"}
{"@timestamp":"2025-10-22T19:57:44.4809139+03:00","level":"INFO","thread_name":"Test worker","message":"Initializing ProtocolHandler [\"http-nio-auto-1\"]"}
{"@timestamp":"2025-10-22T19:57:44.4826596+03:00","level":"INFO","thread_name":"Test worker","message":"Starting service [Tomcat]"}
{"@timestamp":"2025-10-22T19:57:44.4836513+03:00","level":"INFO","thread_name":"Test worker","message":"Starting Servlet engine: [Apache Tomcat/10.1.44]"}
{"@timestamp":"2025-10-22T19:57:44.5707036+03:00","level":"INFO","thread_name":"Test worker","message":"Initializing Spring embedded WebApplicationContext"}
{"@timestamp":"2025-10-22T19:57:44.5717053+03:00","level":"INFO","thread_name":"Test worker","message":"Root WebApplicationContext: initialization completed in 2284 ms"}
{"@timestamp":"2025-10-22T19:57:45.2662376+03:00","level":"INFO","thread_name":"Test worker","message":"HHH000204: Processing PersistenceUnitInfo [name: default]"}
{"@timestamp":"2025-10-22T19:57:45.317106+03:00","level":"INFO","thread_name":"Test worker","message":"HHH000412: Hibernate ORM core version 6.6.26.Final"}
{"@timestamp":"2025-10-22T19:57:45.3421306+03:00","level":"INFO","thread_name":"Test worker","message":"HHH000026: Second-level cache disabled"}
{"@timestamp":"2025-10-22T19:57:45.560809+03:00","level":"INFO","thread_name":"Test worker","message":"No LoadTimeWeaver setup: ignoring JPA class transformer"}
{"@timestamp":"2025-10-22T19:57:45.5828064+03:00","level":"INFO","thread_name":"Test worker","message":"HikariPool-1 - Starting..."}
{"@timestamp":"2025-10-22T19:57:45.6406077+03:00","level":"INFO","thread_name":"Test worker","message":"HikariPool-1 - Added connection org.postgresql.jdbc.PgConnection@6bbcb69f"}
{"@timestamp":"2025-10-22T19:57:45.6417027+03:00","level":"INFO","thread_name":"Test worker","message":"HikariPool-1 - Start completed."}
{"@timestamp":"2025-10-22T19:57:45.6931702+03:00","level":"INFO","thread_name":"Test worker","message":"HHH10001005: Database info:\n\tDatabase JDBC URL [Connecting through datasource 'HikariDataSource (HikariPool-1)']\n\tDatabase driver: undefined/unknown\n\tDatabase version: 12.3\n\tAutocommit mode: undefined/unknown\n\tIsolation level: undefined/unknown\n\tMinimum pool size: undefined/unknown\n\tMaximum pool size: undefined/unknown"}
{"@timestamp":"2025-10-22T19:57:46.3175815+03:00","level":"INFO","thread_name":"Test worker","message":"HHH000489: No JTA platform available (set 'hibernate.transaction.jta.platform' to enable JTA platform integration)"}
{"@timestamp":"2025-10-22T19:57:46.3544153+03:00","level":"INFO","thread_name":"Test worker","message":"Initialized JPA EntityManagerFactory for persistence unit 'default'"}
{"@timestamp":"2025-10-22T19:57:47.7522093+03:00","level":"WARN","thread_name":"Test worker","message":"spring.jpa.open-in-view is enabled by default. Therefore, database queries may be performed during view rendering. Explicitly configure spring.jpa.open-in-view to disable this warning"}
{"@timestamp":"2025-10-22T19:57:48.9921725+03:00","level":"INFO","thread_name":"Test worker","message":"Initializing Spring TestDispatcherServlet ''"}
{"@timestamp":"2025-10-22T19:57:48.9921725+03:00","level":"INFO","thread_name":"Test worker","message":"Initializing Servlet ''"}
{"@timestamp":"2025-10-22T19:57:48.9982897+03:00","level":"INFO","thread_name":"Test worker","message":"Exposing 1 endpoint beneath base path '/actuator'"}
{"@timestamp":"2025-10-22T19:57:49.0103964+03:00","level":"INFO","thread_name":"Test worker","message":"Completed initialization in 18 ms"}
{"@timestamp":"2025-10-22T19:57:50.1469193+03:00","level":"INFO","thread_name":"Test worker","message":"Cannot determine local hostname"}
{"@timestamp":"2025-10-22T19:57:50.1769393+03:00","level":"INFO","thread_name":"Test worker","message":"Eureka HTTP Client uses RestTemplate."}
{"@timestamp":"2025-10-22T19:57:50.2487721+03:00","level":"WARN","thread_name":"Test worker","message":"Spring Cloud LoadBalancer is currently working with the default cache. While this cache implementation is useful for development and tests, it's recommended to use Caffeine cache in production.You can switch to using Caffeine cache, by adding it and org.springframework.cache.caffeine.CaffeineCacheManager to the classpath."}
{"@timestamp":"2025-10-22T19:57:50.404794+03:00","level":"INFO","thread_name":"Test worker","message":"Starting ProtocolHandler [\"http-nio-auto-1\"]"}
{"@timestamp":"2025-10-22T19:57:50.4117572+03:00","level":"INFO","thread_name":"Test worker","message":"Tomcat started on port 54311 (http) with context path '/'"}
{"@timestamp":"2025-10-22T19:57:51.5156069+03:00","level":"INFO","thread_name":"Test worker","message":"Cannot determine local hostname"}
{"@timestamp":"2025-10-22T19:57:51.5444677+03:00","level":"INFO","thread_name":"Test worker","message":"Started DiscountServiceIntegrationTest in 11.302 seconds (process running for 14.463)"}
{"@timestamp":"2025-10-22T19:57:52.342467+03:00","level":"INFO","thread_name":"Test worker","batchSize":"2","op":"getDiscounts","message":"Get discounts: returned 2"}
{"@timestamp":"2025-10-22T19:57:52.5639593+03:00","level":"INFO","thread_name":"lettuce-eventExecutorLoop-1-1","message":"Reconnecting, last destination was localhost/127.0.0.1:54293"}
{"@timestamp":"2025-10-22T19:57:52.5705244+03:00","level":"WARN","thread_name":"lettuce-nioEventLoop-4-2","message":"Cannot reconnect to [localhost/<unresolved>:54293]: Connection closed prematurely"}
{"@timestamp":"2025-10-22T19:57:52.8888261+03:00","level":"INFO","thread_name":"SpringApplicationShutdownHook","message":"Commencing graceful shutdown. Waiting for active requests to complete"}
{"@timestamp":"2025-10-22T19:57:53.0987592+03:00","level":"INFO","thread_name":"tomcat-shutdown","message":"Graceful shutdown complete"}
{"@timestamp":"2025-10-22T19:57:53.11283+03:00","level":"INFO","thread_name":"SpringApplicationShutdownHook","message":"Closing JPA EntityManagerFactory for persistence unit 'default'"}
{"@timestamp":"2025-10-22T19:57:53.1148455+03:00","level":"INFO","thread_name":"SpringApplicationShutdownHook","message":"HikariPool-1 - Shutdown initiated..."}
{"@timestamp":"2025-10-22T19:57:53.1176091+03:00","level":"INFO","thread_name":"SpringApplicationShutdownHook","message":"HikariPool-1 - Shutdown completed."}
{"@timestamp":"2025-10-22T19:58:52.2988067+03:00","level":"INFO","thread_name":"Test worker","message":"Starting DiscountServiceIntegrationTest using Java 17.0.10 with PID 39608 (started by kirin in C:\\Users\\kirin\\IdeaProjects\\shop\\discount-api)"}
{"@timestamp":"2025-10-22T19:58:52.2988067+03:00","level":"INFO","thread_name":"Test worker","message":"The following 1 profile is active: \"test\""}
{"@timestamp":"2025-10-22T19:58:52.4477162+03:00","level":"INFO","thread_name":"Test worker","message":"Fetching config from server at : http://localhost:8888"}
{"@timestamp":"2025-10-22T19:58:52.4477162+03:00","level":"INFO","thread_name":"Test worker","message":"Exception on Url - http://localhost:8888:org.springframework.web.client.ResourceAccessException: I/O error on GET request for \"http://localhost:8888/discount-api/test\": Connection refused: no further information. Will be trying the next url if available"}
{"@timestamp":"2025-10-22T19:58:52.4477162+03:00","level":"WARN","thread_name":"Test worker","message":"Could not locate PropertySource ([ConfigServerConfigDataResource@527937d0 uris = array<String>['http://localhost:8888'], optional = true, profiles = 'test']): I/O error on GET request for \"http://localhost:8888/discount-api/test\": Connection refused: no further information"}
{"@timestamp":"2025-10-22T19:58:52.4477162+03:00","level":"INFO","thread_name":"Test worker","message":"Fetching config from server at : http://localhost:8888"}
{"@timestamp":"2025-10-22T19:58:52.4477162+03:00","level":"INFO","thread_name":"Test worker","message":"Exception on Url - http://localhost:8888:org.springframework.web.client.ResourceAccessException: I/O error on GET request for \"http://localhost:8888/discount-api/default\": Connection refused: no further information. Will be trying the next url if available"}
{"@timestamp":"2025-10-22T19:58:52.4477162+03:00","level":"WARN","thread_name":"Test worker","message":"Could not locate PropertySource ([ConfigServerConfigDataResource@36d582cb uris = array<String>['http://localhost:8888'], optional = true, profiles = 'default']): I/O error on GET request for \"http://localhost:8888/discount-api/default\": Connection refused: no further information"}
{"@timestamp":"2025-10-22T19:58:53.4914378+03:00","level":"INFO","thread_name":"Test worker","message":"Multiple Spring Data modules found, entering strict repository configuration mode"}
{"@timestamp":"2025-10-22T19:58:53.4930608+03:00","level":"INFO","thread_name":"Test worker","message":"Bootstrapping Spring Data JPA repositories in DEFAULT mode."}
{"@timestamp":"2025-10-22T19:58:53.6270694+03:00","level":"INFO","thread_name":"Test worker","message":"Finished Spring Data repository scanning in 124 ms. Found 1 JPA repository interface."}
{"@timestamp":"2025-10-22T19:58:53.6400704+03:00","level":"INFO","thread_name":"Test worker","message":"Multiple Spring Data modules found, entering strict repository configuration mode"}
{"@timestamp":"2025-10-22T19:58:53.6410704+03:00","level":"INFO","thread_name":"Test worker","message":"Bootstrapping Spring Data Redis repositories in DEFAULT mode."}
{"@timestamp":"2025-10-22T19:58:53.6547928+03:00","level":"INFO","thread_name":"Test worker","message":"Spring Data Redis - Could not safely identify store assignment for repository candidate interface ru.innotech.discountapi.adapters.repository.DiscountRepository; If you want this repository to be a Redis repository, consider annotating your entities with one of these annotations: org.springframework.data.redis.core.RedisHash (preferred), or consider extending one of the following types with your repository: org.springframework.data.keyvalue.repository.KeyValueRepository"}
{"@timestamp":"2025-10-22T19:58:53.6547928+03:00","level":"INFO","thread_name":"Test worker","message":"Finished Spring Data repository scanning in 5 ms. Found 0 Redis repository interfaces."}
{"@timestamp":"2025-10-22T19:58:53.9440505+03:00","level":"INFO","thread_name":"Test worker","message":"BeanFactory id=5f65a9f4-bb1b-3dad-b83f-2546f0139140"}
{"@timestamp":"2025-10-22T19:58:54.6675553+03:00","level":"INFO","thread_name":"Test worker","message":"Tomcat initialized with port 0 (http)"}
{"@timestamp":"2025-10-22T19:58:54.6845223+03:00","level":"INFO","thread_name":"Test worker","message":"Initializing ProtocolHandler [\"http-nio-auto-1\"]"}
{"@timestamp":"2025-10-22T19:58:54.6865257+03:00","level":"INFO","thread_name":"Test worker","message":"Starting service [Tomcat]"}
{"@timestamp":"2025-10-22T19:58:54.6874864+03:00","level":"INFO","thread_name":"Test worker","message":"Starting Servlet engine: [Apache Tomcat/10.1.44]"}
{"@timestamp":"2025-10-22T19:58:54.7781281+03:00","level":"INFO","thread_name":"Test worker","message":"Initializing Spring embedded WebApplicationContext"}
{"@timestamp":"2025-10-22T19:58:54.7781281+03:00","level":"INFO","thread_name":"Test worker","message":"Root WebApplicationContext: initialization completed in 2327 ms"}
{"@timestamp":"2025-10-22T19:58:55.3568698+03:00","level":"INFO","thread_name":"Test worker","message":"HHH000204: Processing PersistenceUnitInfo [name: default]"}
{"@timestamp":"2025-10-22T19:58:55.4018797+03:00","level":"INFO","thread_name":"Test worker","message":"HHH000412: Hibernate ORM core version 6.6.26.Final"}
{"@timestamp":"2025-10-22T19:58:55.4296469+03:00","level":"INFO","thread_name":"Test worker","message":"HHH000026: Second-level cache disabled"}
{"@timestamp":"2025-10-22T19:58:55.6323116+03:00","level":"INFO","thread_name":"Test worker","message":"No LoadTimeWeaver setup: ignoring JPA class transformer"}
{"@timestamp":"2025-10-22T19:58:55.6543119+03:00","level":"INFO","thread_name":"Test worker","message":"HikariPool-1 - Starting..."}
{"@timestamp":"2025-10-22T19:58:55.7181886+03:00","level":"INFO","thread_name":"Test worker","message":"HikariPool-1 - Added connection org.postgresql.jdbc.PgConnection@6a1b51a7"}
{"@timestamp":"2025-10-22T19:58:55.7192745+03:00","level":"INFO","thread_name":"Test worker","message":"HikariPool-1 - Start completed."}
{"@timestamp":"2025-10-22T19:58:55.7699423+03:00","level":"INFO","thread_name":"Test worker","message":"HHH10001005: Database info:\n\tDatabase JDBC URL [Connecting through datasource 'HikariDataSource (HikariPool-1)']\n\tDatabase driver: undefined/unknown\n\tDatabase version: 12.3\n\tAutocommit mode: undefined/unknown\n\tIsolation level: undefined/unknown\n\tMinimum pool size: undefined/unknown\n\tMaximum pool size: undefined/unknown"}
{"@timestamp":"2025-10-22T19:58:56.3632211+03:00","level":"INFO","thread_name":"Test worker","message":"HHH000489: No JTA platform available (set 'hibernate.transaction.jta.platform' to enable JTA platform integration)"}
{"@timestamp":"2025-10-22T19:58:56.3996643+03:00","level":"INFO","thread_name":"Test worker","message":"Initialized JPA EntityManagerFactory for persistence unit 'default'"}
{"@timestamp":"2025-10-22T19:58:57.7275857+03:00","level":"WARN","thread_name":"Test worker","message":"spring.jpa.open-in-view is enabled by default. Therefore, database queries may be performed during view rendering. Explicitly configure spring.jpa.open-in-view to disable this warning"}
{"@timestamp":"2025-10-22T19:58:58.9163951+03:00","level":"INFO","thread_name":"Test worker","message":"Initializing Spring TestDispatcherServlet ''"}
{"@timestamp":"2025-10-22T19:58:58.9163951+03:00","level":"INFO","thread_name":"Test worker","message":"Initializing Servlet ''"}
{"@timestamp":"2025-10-22T19:58:58.9294157+03:00","level":"INFO","thread_name":"Test worker","message":"Exposing 1 endpoint beneath base path '/actuator'"}
{"@timestamp":"2025-10-22T19:58:58.9434174+03:00","level":"INFO","thread_name":"Test worker","message":"Completed initialization in 27 ms"}
{"@timestamp":"2025-10-22T19:59:00.0673385+03:00","level":"INFO","thread_name":"Test worker","message":"Cannot determine local hostname"}
{"@timestamp":"2025-10-22T19:59:00.0903425+03:00","level":"INFO","thread_name":"Test worker","message":"Eureka HTTP Client uses RestTemplate."}
{"@timestamp":"2025-10-22T19:59:00.1559491+03:00","level":"WARN","thread_name":"Test worker","message":"Spring Cloud LoadBalancer is currently working with the default cache. While this cache implementation is useful for development and tests, it's recommended to use Caffeine cache in production.You can switch to using Caffeine cache, by adding it and org.springframework.cache.caffeine.CaffeineCacheManager to the classpath."}
{"@timestamp":"2025-10-22T19:59:00.3141535+03:00","level":"INFO","thread_name":"Test worker","message":"Starting ProtocolHandler [\"http-nio-auto-1\"]"}
{"@timestamp":"2025-10-22T19:59:00.3221538+03:00","level":"INFO","thread_name":"Test worker","message":"Tomcat started on port 54379 (http) with context path '/'"}
{"@timestamp":"2025-10-22T19:59:01.4274079+03:00","level":"INFO","thread_name":"Test worker","message":"Cannot determine local hostname"}
{"@timestamp":"2025-10-22T19:59:01.4534124+03:00","level":"INFO","thread_name":"Test worker","message":"Started DiscountServiceIntegrationTest in 11.015 seconds (process running for 14.095)"}
{"@timestamp":"2025-10-22T19:59:02.2277417+03:00","level":"INFO","thread_name":"Test worker","batchSize":"2","op":"getDiscounts","message":"Get discounts: returned 2"}
{"@timestamp":"2025-10-22T19:59:02.3529489+03:00","level":"INFO","thread_name":"lettuce-eventExecutorLoop-1-1","message":"Reconnecting, last destination was localhost/127.0.0.1:54359"}
{"@timestamp":"2025-10-22T19:59:02.3584048+03:00","level":"WARN","thread_name":"lettuce-nioEventLoop-4-2","message":"Cannot reconnect to [localhost/<unresolved>:54359]: Connection closed prematurely"}
{"@timestamp":"2025-10-22T19:59:02.7316361+03:00","level":"INFO","thread_name":"SpringApplicationShutdownHook","message":"Commencing graceful shutdown. Waiting for active requests to complete"}
{"@timestamp":"2025-10-22T19:59:02.9243963+03:00","level":"INFO","thread_name":"tomcat-shutdown","message":"Graceful shutdown complete"}
{"@timestamp":"2025-10-22T19:59:02.9453961+03:00","level":"INFO","thread_name":"SpringApplicationShutdownHook","message":"Closing JPA EntityManagerFactory for persistence unit 'default'"}
{"@timestamp":"2025-10-22T19:59:02.9473934+03:00","level":"INFO","thread_name":"SpringApplicationShutdownHook","message":"HikariPool-1 - Shutdown initiated..."}
{"@timestamp":"2025-10-22T19:59:02.9483957+03:00","level":"INFO","thread_name":"SpringApplicationShutdownHook","message":"HikariPool-1 - Shutdown completed."}
{"@timestamp":"2025-10-22T19:59:58.0644918+03:00","level":"INFO","thread_name":"Test worker","message":"Starting DiscountServiceIntegrationTest using Java 17.0.10 with PID 42788 (started by kirin in C:\\Users\\kirin\\IdeaProjects\\shop\\discount-api)"}
{"@timestamp":"2025-10-22T19:59:58.0644918+03:00","level":"INFO","thread_name":"Test worker","message":"The following 1 profile is active: \"test\""}
{"@timestamp":"2025-10-22T19:59:58.2382252+03:00","level":"INFO","thread_name":"Test worker","message":"Fetching config from server at : http://localhost:8888"}
{"@timestamp":"2025-10-22T19:59:58.2382252+03:00","level":"INFO","thread_name":"Test worker","message":"Exception on Url - http://localhost:8888:org.springframework.web.client.ResourceAccessException: I/O error on GET request for \"http://localhost:8888/discount-api/test\": Connection refused: no further information. Will be trying the next url if available"}
{"@timestamp":"2025-10-22T19:59:58.2382252+03:00","level":"WARN","thread_name":"Test worker","message":"Could not locate PropertySource ([ConfigServerConfigDataResource@527937d0 uris = array<String>['http://localhost:8888'], optional = true, profiles = 'test']): I/O error on GET request for \"http://localhost:8888/discount-api/test\": Connection refused: no further information"}
{"@timestamp":"2025-10-22T19:59:58.2382252+03:00","level":"INFO","thread_name":"Test worker","message":"Fetching config from server at : http://localhost:8888"}
{"@timestamp":"2025-10-22T19:59:58.2382252+03:00","level":"INFO","thread_name":"Test worker","message":"Exception on Url - http://localhost:8888:org.springframework.web.client.ResourceAccessException: I/O error on GET request for \"http://localhost:8888/discount-api/default\": Connection refused: no further information. Will be trying the next url if available"}
{"@timestamp":"2025-10-22T19:59:58.2382252+03:00","level":"WARN","thread_name":"Test worker","message":"Could not locate PropertySource ([ConfigServerConfigDataResource@36d582cb uris = array<String>['http://localhost:8888'], optional = true, profiles = 'default']): I/O error on GET request for \"http://localhost:8888/discount-api/default\": Connection refused: no further information"}
{"@timestamp":"2025-10-22T19:59:59.162139+03:00","level":"INFO","thread_name":"Test worker","message":"Multiple Spring Data modules found, entering strict repository configuration mode"}
{"@timestamp":"2025-10-22T19:59:59.1641378+03:00","level":"INFO","thread_name":"Test worker","message":"Bootstrapping Spring Data JPA repositories in DEFAULT mode."}
{"@timestamp":"2025-10-22T19:59:59.275584+03:00","level":"INFO","thread_name":"Test worker","message":"Finished Spring Data repository scanning in 100 ms. Found 1 JPA repository interface."}
{"@timestamp":"2025-10-22T19:59:59.2925501+03:00","level":"INFO","thread_name":"Test worker","message":"Multiple Spring Data modules found, entering strict repository configuration mode"}
{"@timestamp":"2025-10-22T19:59:59.29355+03:00","level":"INFO","thread_name":"Test worker","message":"Bootstrapping Spring Data Redis repositories in DEFAULT mode."}
{"@timestamp":"2025-10-22T19:59:59.3135504+03:00","level":"INFO","thread_name":"Test worker","message":"Spring Data Redis - Could not safely identify store assignment for repository candidate interface ru.innotech.discountapi.adapters.repository.DiscountRepository; If you want this repository to be a Redis repository, consider annotating your entities with one of these annotations: org.springframework.data.redis.core.RedisHash (preferred), or consider extending one of the following types with your repository: org.springframework.data.keyvalue.repository.KeyValueRepository"}
{"@timestamp":"2025-10-22T19:59:59.3135504+03:00","level":"INFO","thread_name":"Test worker","message":"Finished Spring Data repository scanning in 8 ms. Found 0 Redis repository interfaces."}
{"@timestamp":"2025-10-22T19:59:59.6207585+03:00","level":"INFO","thread_name":"Test worker","message":"BeanFactory id=5f65a9f4-bb1b-3dad-b83f-2546f0139140"}
{"@timestamp":"2025-10-22T20:00:00.3770441+03:00","level":"INFO","thread_name":"Test worker","message":"Tomcat initialized with port 0 (http)"}
{"@timestamp":"2025-10-22T20:00:00.3910453+03:00","level":"INFO","thread_name":"Test worker","message":"Initializing ProtocolHandler [\"http-nio-auto-1\"]"}
{"@timestamp":"2025-10-22T20:00:00.3930428+03:00","level":"INFO","thread_name":"Test worker","message":"Starting service [Tomcat]"}
{"@timestamp":"2025-10-22T20:00:00.3930428+03:00","level":"INFO","thread_name":"Test worker","message":"Starting Servlet engine: [Apache Tomcat/10.1.44]"}
{"@timestamp":"2025-10-22T20:00:00.4747454+03:00","level":"INFO","thread_name":"Test worker","message":"Initializing Spring embedded WebApplicationContext"}
{"@timestamp":"2025-10-22T20:00:00.4747454+03:00","level":"INFO","thread_name":"Test worker","message":"Root WebApplicationContext: initialization completed in 2232 ms"}
{"@timestamp":"2025-10-22T20:00:01.1520899+03:00","level":"INFO","thread_name":"Test worker","message":"HHH000204: Processing PersistenceUnitInfo [name: default]"}
{"@timestamp":"2025-10-22T20:00:01.197069+03:00","level":"INFO","thread_name":"Test worker","message":"HHH000412: Hibernate ORM core version 6.6.26.Final"}
{"@timestamp":"2025-10-22T20:00:01.2310573+03:00","level":"INFO","thread_name":"Test worker","message":"HHH000026: Second-level cache disabled"}
{"@timestamp":"2025-10-22T20:00:01.4283099+03:00","level":"INFO","thread_name":"Test worker","message":"No LoadTimeWeaver setup: ignoring JPA class transformer"}
{"@timestamp":"2025-10-22T20:00:01.4502756+03:00","level":"INFO","thread_name":"Test worker","message":"HikariPool-1 - Starting..."}
{"@timestamp":"2025-10-22T20:00:01.5338437+03:00","level":"INFO","thread_name":"Test worker","message":"HikariPool-1 - Added connection org.postgresql.jdbc.PgConnection@43b3d197"}
{"@timestamp":"2025-10-22T20:00:01.5350372+03:00","level":"INFO","thread_name":"Test worker","message":"HikariPool-1 - Start completed."}
{"@timestamp":"2025-10-22T20:00:01.5887054+03:00","level":"INFO","thread_name":"Test worker","message":"HHH10001005: Database info:\n\tDatabase JDBC URL [Connecting through datasource 'HikariDataSource (HikariPool-1)']\n\tDatabase driver: undefined/unknown\n\tDatabase version: 12.3\n\tAutocommit mode: undefined/unknown\n\tIsolation level: undefined/unknown\n\tMinimum pool size: undefined/unknown\n\tMaximum pool size: undefined/unknown"}
{"@timestamp":"2025-10-22T20:00:02.1809672+03:00","level":"INFO","thread_name":"Test worker","message":"HHH000489: No JTA platform available (set 'hibernate.transaction.jta.platform' to enable JTA platform integration)"}
{"@timestamp":"2025-10-22T20:00:02.2178012+03:00","level":"INFO","thread_name":"Test worker","message":"Initialized JPA EntityManagerFactory for persistence unit 'default'"}
{"@timestamp":"2025-10-22T20:00:03.5295431+03:00","level":"WARN","thread_name":"Test worker","message":"spring.jpa.open-in-view is enabled by default. Therefore, database queries may be performed during view rendering. Explicitly configure spring.jpa.open-in-view to disable this warning"}
{"@timestamp":"2025-10-22T20:00:04.8221752+03:00","level":"INFO","thread_name":"Test worker","message":"Initializing Spring TestDispatcherServlet ''"}
{"@timestamp":"2025-10-22T20:00:04.8221752+03:00","level":"INFO","thread_name":"Test worker","message":"Initializing Servlet ''"}
{"@timestamp":"2025-10-22T20:00:04.8296041+03:00","level":"INFO","thread_name":"Test worker","message":"Exposing 1 endpoint beneath base path '/actuator'"}
{"@timestamp":"2025-10-22T20:00:04.8461146+03:00","level":"INFO","thread_name":"Test worker","message":"Completed initialization in 24 ms"}
{"@timestamp":"2025-10-22T20:00:05.9693117+03:00","level":"INFO","thread_name":"Test worker","message":"Cannot determine local hostname"}
{"@timestamp":"2025-10-22T20:00:06.0062013+03:00","level":"INFO","thread_name":"Test worker","message":"Eureka HTTP Client uses RestTemplate."}
{"@timestamp":"2025-10-22T20:00:06.0815622+03:00","level":"WARN","thread_name":"Test worker","message":"Spring Cloud LoadBalancer is currently working with the default cache. While this cache implementation is useful for development and tests, it's recommended to use Caffeine cache in production.You can switch to using Caffeine cache, by adding it and org.springframework.cache.caffeine.CaffeineCacheManager to the classpath."}
{"@timestamp":"2025-10-22T20:00:06.2209247+03:00","level":"INFO","thread_name":"Test worker","message":"Starting ProtocolHandler [\"http-nio-auto-1\"]"}
{"@timestamp":"2025-10-22T20:00:06.2299083+03:00","level":"INFO","thread_name":"Test worker","message":"Tomcat started on port 54521 (http) with context path '/'"}
{"@timestamp":"2025-10-22T20:00:07.3388405+03:00","level":"INFO","thread_name":"Test worker","message":"Cannot determine local hostname"}
{"@timestamp":"2025-10-22T20:00:07.3622556+03:00","level":"INFO","thread_name":"Test worker","message":"Started DiscountServiceIntegrationTest in 11.132 seconds (process running for 14.418)"}
{"@timestamp":"2025-10-22T20:00:08.1467395+03:00","level":"INFO","thread_name":"Test worker","batchSize":"2","op":"getDiscounts","message":"Get discounts: returned 2"}
{"@timestamp":"2025-10-22T20:00:08.3237204+03:00","level":"INFO","thread_name":"lettuce-eventExecutorLoop-1-1","message":"Reconnecting, last destination was localhost/127.0.0.1:54507"}
{"@timestamp":"2025-10-22T20:00:08.3294421+03:00","level":"WARN","thread_name":"lettuce-nioEventLoop-4-2","message":"Cannot reconnect to [localhost/<unresolved>:54507]: Connection closed prematurely"}
{"@timestamp":"2025-10-22T20:00:08.6480114+03:00","level":"INFO","thread_name":"SpringApplicationShutdownHook","message":"Commencing graceful shutdown. Waiting for active requests to complete"}
{"@timestamp":"2025-10-22T20:00:08.8750327+03:00","level":"INFO","thread_name":"tomcat-shutdown","message":"Graceful shutdown complete"}
{"@timestamp":"2025-10-22T20:00:08.8892386+03:00","level":"INFO","thread_name":"SpringApplicationShutdownHook","message":"Closing JPA EntityManagerFactory for persistence unit 'default'"}
{"@timestamp":"2025-10-22T20:00:08.890238+03:00","level":"INFO","thread_name":"SpringApplicationShutdownHook","message":"HikariPool-1 - Shutdown initiated..."}
{"@timestamp":"2025-10-22T20:00:08.8922381+03:00","level":"INFO","thread_name":"SpringApplicationShutdownHook","message":"HikariPool-1 - Shutdown completed."}
{"@timestamp":"2025-10-22T20:00:42.2465006+03:00","level":"INFO","thread_name":"Test worker","message":"Starting DiscountServiceIntegrationTest using Java 17.0.10 with PID 44540 (started by kirin in C:\\Users\\kirin\\IdeaProjects\\shop\\discount-api)"}
{"@timestamp":"2025-10-22T20:00:42.2474999+03:00","level":"INFO","thread_name":"Test worker","message":"The following 1 profile is active: \"test\""}
{"@timestamp":"2025-10-22T20:00:42.4072887+03:00","level":"INFO","thread_name":"Test worker","message":"Fetching config from server at : http://localhost:8888"}
{"@timestamp":"2025-10-22T20:00:42.4072887+03:00","level":"INFO","thread_name":"Test worker","message":"Exception on Url - http://localhost:8888:org.springframework.web.client.ResourceAccessException: I/O error on GET request for \"http://localhost:8888/discount-api/test\": Connection refused: no further information. Will be trying the next url if available"}
{"@timestamp":"2025-10-22T20:00:42.4072887+03:00","level":"WARN","thread_name":"Test worker","message":"Could not locate PropertySource ([ConfigServerConfigDataResource@226d5af0 uris = array<String>['http://localhost:8888'], optional = true, profiles = 'test']): I/O error on GET request for \"http://localhost:8888/discount-api/test\": Connection refused: no further information"}
{"@timestamp":"2025-10-22T20:00:42.4082892+03:00","level":"INFO","thread_name":"Test worker","message":"Fetching config from server at : http://localhost:8888"}
{"@timestamp":"2025-10-22T20:00:42.4082892+03:00","level":"INFO","thread_name":"Test worker","message":"Exception on Url - http://localhost:8888:org.springframework.web.client.ResourceAccessException: I/O error on GET request for \"http://localhost:8888/discount-api/default\": Connection refused: no further information. Will be trying the next url if available"}
{"@timestamp":"2025-10-22T20:00:42.4082892+03:00","level":"WARN","thread_name":"Test worker","message":"Could not locate PropertySource ([ConfigServerConfigDataResource@527937d0 uris = array<String>['http://localhost:8888'], optional = true, profiles = 'default']): I/O error on GET request for \"http://localhost:8888/discount-api/default\": Connection refused: no further information"}
{"@timestamp":"2025-10-22T20:00:43.3265142+03:00","level":"INFO","thread_name":"Test worker","message":"Multiple Spring Data modules found, entering strict repository configuration mode"}
{"@timestamp":"2025-10-22T20:00:43.3274672+03:00","level":"INFO","thread_name":"Test worker","message":"Bootstrapping Spring Data JPA repositories in DEFAULT mode."}
{"@timestamp":"2025-10-22T20:00:43.4610015+03:00","level":"INFO","thread_name":"Test worker","message":"Finished Spring Data repository scanning in 118 ms. Found 1 JPA repository interface."}
{"@timestamp":"2025-10-22T20:00:43.4749644+03:00","level":"INFO","thread_name":"Test worker","message":"Multiple Spring Data modules found, entering strict repository configuration mode"}
{"@timestamp":"2025-10-22T20:00:43.4759653+03:00","level":"INFO","thread_name":"Test worker","message":"Bootstrapping Spring Data Redis repositories in DEFAULT mode."}
{"@timestamp":"2025-10-22T20:00:43.4899636+03:00","level":"INFO","thread_name":"Test worker","message":"Spring Data Redis - Could not safely identify store assignment for repository candidate interface ru.innotech.discountapi.adapters.repository.DiscountRepository; If you want this repository to be a Redis repository, consider annotating your entities with one of these annotations: org.springframework.data.redis.core.RedisHash (preferred), or consider extending one of the following types with your repository: org.springframework.data.keyvalue.repository.KeyValueRepository"}
{"@timestamp":"2025-10-22T20:00:43.4899636+03:00","level":"INFO","thread_name":"Test worker","message":"Finished Spring Data repository scanning in 5 ms. Found 0 Redis repository interfaces."}
{"@timestamp":"2025-10-22T20:00:43.8398619+03:00","level":"INFO","thread_name":"Test worker","message":"BeanFactory id=5f65a9f4-bb1b-3dad-b83f-2546f0139140"}
{"@timestamp":"2025-10-22T20:00:44.6779589+03:00","level":"INFO","thread_name":"Test worker","message":"Tomcat initialized with port 0 (http)"}
{"@timestamp":"2025-10-22T20:00:44.6946614+03:00","level":"INFO","thread_name":"Test worker","message":"Initializing ProtocolHandler [\"http-nio-auto-1\"]"}
{"@timestamp":"2025-10-22T20:00:44.6966288+03:00","level":"INFO","thread_name":"Test worker","message":"Starting service [Tomcat]"}
{"@timestamp":"2025-10-22T20:00:44.6966288+03:00","level":"INFO","thread_name":"Test worker","message":"Starting Servlet engine: [Apache Tomcat/10.1.44]"}
{"@timestamp":"2025-10-22T20:00:44.7777014+03:00","level":"INFO","thread_name":"Test worker","message":"Initializing Spring embedded WebApplicationContext"}
{"@timestamp":"2025-10-22T20:00:44.7777014+03:00","level":"INFO","thread_name":"Test worker","message":"Root WebApplicationContext: initialization completed in 2365 ms"}
{"@timestamp":"2025-10-22T20:00:45.4981959+03:00","level":"INFO","thread_name":"Test worker","message":"HHH000204: Processing PersistenceUnitInfo [name: default]"}
{"@timestamp":"2025-10-22T20:00:45.5499261+03:00","level":"INFO","thread_name":"Test worker","message":"HHH000412: Hibernate ORM core version 6.6.26.Final"}
{"@timestamp":"2025-10-22T20:00:45.5789271+03:00","level":"INFO","thread_name":"Test worker","message":"HHH000026: Second-level cache disabled"}
{"@timestamp":"2025-10-22T20:00:45.8107068+03:00","level":"INFO","thread_name":"Test worker","message":"No LoadTimeWeaver setup: ignoring JPA class transformer"}
{"@timestamp":"2025-10-22T20:00:45.8336759+03:00","level":"INFO","thread_name":"Test worker","message":"HikariPool-1 - Starting..."}
{"@timestamp":"2025-10-22T20:00:45.9093376+03:00","level":"INFO","thread_name":"Test worker","message":"HikariPool-1 - Added connection org.postgresql.jdbc.PgConnection@42b2319c"}
{"@timestamp":"2025-10-22T20:00:45.9098684+03:00","level":"INFO","thread_name":"Test worker","message":"HikariPool-1 - Start completed."}
{"@timestamp":"2025-10-22T20:00:45.9574546+03:00","level":"INFO","thread_name":"Test worker","message":"HHH10001005: Database info:\n\tDatabase JDBC URL [Connecting through datasource 'HikariDataSource (HikariPool-1)']\n\tDatabase driver: undefined/unknown\n\tDatabase version: 12.3\n\tAutocommit mode: undefined/unknown\n\tIsolation level: undefined/unknown\n\tMinimum pool size: undefined/unknown\n\tMaximum pool size: undefined/unknown"}
{"@timestamp":"2025-10-22T20:00:46.5734706+03:00","level":"INFO","thread_name":"Test worker","message":"HHH000489: No JTA platform available (set 'hibernate.transaction.jta.platform' to enable JTA platform integration)"}
{"@timestamp":"2025-10-22T20:00:46.6116159+03:00","level":"INFO","thread_name":"Test worker","message":"Initialized JPA EntityManagerFactory for persistence unit 'default'"}
{"@timestamp":"2025-10-22T20:00:48.0516387+03:00","level":"WARN","thread_name":"Test worker","message":"spring.jpa.open-in-view is enabled by default. Therefore, database queries may be performed during view rendering. Explicitly configure spring.jpa.open-in-view to disable this warning"}
{"@timestamp":"2025-10-22T20:00:49.4346533+03:00","level":"INFO","thread_name":"Test worker","message":"Initializing Spring TestDispatcherServlet ''"}
{"@timestamp":"2025-10-22T20:00:49.4346533+03:00","level":"INFO","thread_name":"Test worker","message":"Initializing Servlet ''"}
{"@timestamp":"2025-10-22T20:00:49.44161+03:00","level":"INFO","thread_name":"Test worker","message":"Exposing 1 endpoint beneath base path '/actuator'"}
{"@timestamp":"2025-10-22T20:00:49.4576106+03:00","level":"INFO","thread_name":"Test worker","message":"Completed initialization in 23 ms"}
{"@timestamp":"2025-10-22T20:00:50.6041884+03:00","level":"INFO","thread_name":"Test worker","message":"Cannot determine local hostname"}
{"@timestamp":"2025-10-22T20:00:50.638169+03:00","level":"INFO","thread_name":"Test worker","message":"Eureka HTTP Client uses RestTemplate."}
{"@timestamp":"2025-10-22T20:00:50.7242201+03:00","level":"WARN","thread_name":"Test worker","message":"Spring Cloud LoadBalancer is currently working with the default cache. While this cache implementation is useful for development and tests, it's recommended to use Caffeine cache in production.You can switch to using Caffeine cache, by adding it and org.springframework.cache.caffeine.CaffeineCacheManager to the classpath."}
{"@timestamp":"2025-10-22T20:00:50.8960658+03:00","level":"INFO","thread_name":"Test worker","message":"Starting ProtocolHandler [\"http-nio-auto-1\"]"}
{"@timestamp":"2025-10-22T20:00:50.9095051+03:00","level":"INFO","thread_name":"Test worker","message":"Tomcat started on port 54568 (http) with context path '/'"}
{"@timestamp":"2025-10-22T20:00:52.0498674+03:00","level":"INFO","thread_name":"Test worker","message":"Cannot determine local hostname"}
{"@timestamp":"2025-10-22T20:00:52.0798613+03:00","level":"INFO","thread_name":"Test worker","message":"Started DiscountServiceIntegrationTest in 11.69 seconds (process running for 14.821)"}
{"@timestamp":"2025-10-22T20:00:52.9068179+03:00","level":"INFO","thread_name":"Test worker","batchSize":"2","op":"getDiscounts","message":"Get discounts: returned 2"}
{"@timestamp":"2025-10-22T20:00:53.0376634+03:00","level":"INFO","thread_name":"lettuce-eventExecutorLoop-1-1","message":"Reconnecting, last destination was localhost/127.0.0.1:54551"}
{"@timestamp":"2025-10-22T20:00:53.0434878+03:00","level":"WARN","thread_name":"lettuce-nioEventLoop-4-2","message":"Cannot reconnect to [localhost/<unresolved>:54551]: Connection closed prematurely"}
{"@timestamp":"2025-10-22T20:00:53.4322717+03:00","level":"INFO","thread_name":"SpringApplicationShutdownHook","message":"Commencing graceful shutdown. Waiting for active requests to complete"}
{"@timestamp":"2025-10-22T20:00:53.626948+03:00","level":"INFO","thread_name":"tomcat-shutdown","message":"Graceful shutdown complete"}
{"@timestamp":"2025-10-22T20:00:53.6481649+03:00","level":"INFO","thread_name":"SpringApplicationShutdownHook","message":"Closing JPA EntityManagerFactory for persistence unit 'default'"}
{"@timestamp":"2025-10-22T20:00:53.6501653+03:00","level":"INFO","thread_name":"SpringApplicationShutdownHook","message":"HikariPool-1 - Shutdown initiated..."}
{"@timestamp":"2025-10-22T20:00:53.6521918+03:00","level":"INFO","thread_name":"SpringApplicationShutdownHook","message":"HikariPool-1 - Shutdown completed."}
{"@timestamp":"2025-10-22T20:02:12.5554117+03:00","level":"INFO","thread_name":"Test worker","message":"Starting DiscountServiceIntegrationTest using Java 17.0.10 with PID 48684 (started by kirin in C:\\Users\\kirin\\IdeaProjects\\shop\\discount-api)"}
{"@timestamp":"2025-10-22T20:02:12.5554117+03:00","level":"INFO","thread_name":"Test worker","message":"The following 1 profile is active: \"test\""}
{"@timestamp":"2025-10-22T20:02:12.7150625+03:00","level":"INFO","thread_name":"Test worker","message":"Fetching config from server at : http://localhost:8888"}
{"@timestamp":"2025-10-22T20:02:12.7160628+03:00","level":"INFO","thread_name":"Test worker","message":"Exception on Url - http://localhost:8888:org.springframework.web.client.ResourceAccessException: I/O error on GET request for \"http://localhost:8888/discount-api/test\": Connection refused: no further information. Will be trying the next url if available"}
{"@timestamp":"2025-10-22T20:02:12.7160628+03:00","level":"WARN","thread_name":"Test worker","message":"Could not locate PropertySource ([ConfigServerConfigDataResource@3d718248 uris = array<String>['http://localhost:8888'], optional = true, profiles = 'test']): I/O error on GET request for \"http://localhost:8888/discount-api/test\": Connection refused: no further information"}
{"@timestamp":"2025-10-22T20:02:12.7160628+03:00","level":"INFO","thread_name":"Test worker","message":"Fetching config from server at : http://localhost:8888"}
{"@timestamp":"2025-10-22T20:02:12.7160628+03:00","level":"INFO","thread_name":"Test worker","message":"Exception on Url - http://localhost:8888:org.springframework.web.client.ResourceAccessException: I/O error on GET request for \"http://localhost:8888/discount-api/default\": Connection refused: no further information. Will be trying the next url if available"}
{"@timestamp":"2025-10-22T20:02:12.7160628+03:00","level":"WARN","thread_name":"Test worker","message":"Could not locate PropertySource ([ConfigServerConfigDataResource@2cdb5974 uris = array<String>['http://localhost:8888'], optional = true, profiles = 'default']): I/O error on GET request for \"http://localhost:8888/discount-api/default\": Connection refused: no further information"}
{"@timestamp":"2025-10-22T20:02:13.6896482+03:00","level":"INFO","thread_name":"Test worker","message":"Multiple Spring Data modules found, entering strict repository configuration mode"}
{"@timestamp":"2025-10-22T20:02:13.6916494+03:00","level":"INFO","thread_name":"Test worker","message":"Bootstrapping Spring Data JPA repositories in DEFAULT mode."}
{"@timestamp":"2025-10-22T20:02:13.8291667+03:00","level":"INFO","thread_name":"Test worker","message":"Finished Spring Data repository scanning in 122 ms. Found 1 JPA repository interface."}
{"@timestamp":"2025-10-22T20:02:13.8492052+03:00","level":"INFO","thread_name":"Test worker","message":"Multiple Spring Data modules found, entering strict repository configuration mode"}
{"@timestamp":"2025-10-22T20:02:13.8512162+03:00","level":"INFO","thread_name":"Test worker","message":"Bootstrapping Spring Data Redis repositories in DEFAULT mode."}
{"@timestamp":"2025-10-22T20:02:13.8671615+03:00","level":"INFO","thread_name":"Test worker","message":"Spring Data Redis - Could not safely identify store assignment for repository candidate interface ru.innotech.discountapi.adapters.repository.DiscountRepository; If you want this repository to be a Redis repository, consider annotating your entities with one of these annotations: org.springframework.data.redis.core.RedisHash (preferred), or consider extending one of the following types with your repository: org.springframework.data.keyvalue.repository.KeyValueRepository"}
{"@timestamp":"2025-10-22T20:02:13.8671615+03:00","level":"INFO","thread_name":"Test worker","message":"Finished Spring Data repository scanning in 8 ms. Found 0 Redis repository interfaces."}
{"@timestamp":"2025-10-22T20:02:14.197357+03:00","level":"INFO","thread_name":"Test worker","message":"BeanFactory id=5f65a9f4-bb1b-3dad-b83f-2546f0139140"}
{"@timestamp":"2025-10-22T20:02:15.0230343+03:00","level":"INFO","thread_name":"Test worker","message":"Tomcat initialized with port 0 (http)"}
{"@timestamp":"2025-10-22T20:02:15.036733+03:00","level":"INFO","thread_name":"Test worker","message":"Initializing ProtocolHandler [\"http-nio-auto-1\"]"}
{"@timestamp":"2025-10-22T20:02:15.0387264+03:00","level":"INFO","thread_name":"Test worker","message":"Starting service [Tomcat]"}
{"@timestamp":"2025-10-22T20:02:15.0397276+03:00","level":"INFO","thread_name":"Test worker","message":"Starting Servlet engine: [Apache Tomcat/10.1.44]"}
{"@timestamp":"2025-10-22T20:02:15.1313893+03:00","level":"INFO","thread_name":"Test worker","message":"Initializing Spring embedded WebApplicationContext"}
{"@timestamp":"2025-10-22T20:02:15.1313893+03:00","level":"INFO","thread_name":"Test worker","message":"Root WebApplicationContext: initialization completed in 2411 ms"}
{"@timestamp":"2025-10-22T20:02:15.8665818+03:00","level":"INFO","thread_name":"Test worker","message":"HHH000204: Processing PersistenceUnitInfo [name: default]"}
{"@timestamp":"2025-10-22T20:02:15.9275724+03:00","level":"INFO","thread_name":"Test worker","message":"HHH000412: Hibernate ORM core version 6.6.26.Final"}
{"@timestamp":"2025-10-22T20:02:15.958415+03:00","level":"INFO","thread_name":"Test worker","message":"HHH000026: Second-level cache disabled"}
{"@timestamp":"2025-10-22T20:02:16.0591505+03:00","level":"INFO","thread_name":"Test worker","message":"No LoadTimeWeaver setup: ignoring JPA class transformer"}
{"@timestamp":"2025-10-22T20:02:16.0871483+03:00","level":"INFO","thread_name":"Test worker","message":"HikariPool-1 - Starting..."}
{"@timestamp":"2025-10-22T20:02:16.1638111+03:00","level":"INFO","thread_name":"Test worker","message":"HikariPool-1 - Added connection org.postgresql.jdbc.PgConnection@15f12e7b"}
{"@timestamp":"2025-10-22T20:02:16.1648534+03:00","level":"INFO","thread_name":"Test worker","message":"HikariPool-1 - Start completed."}
{"@timestamp":"2025-10-22T20:02:16.2131804+03:00","level":"INFO","thread_name":"Test worker","message":"HHH10001005: Database info:\n\tDatabase JDBC URL [Connecting through datasource 'HikariDataSource (HikariPool-1)']\n\tDatabase driver: undefined/unknown\n\tDatabase version: 12.3\n\tAutocommit mode: undefined/unknown\n\tIsolation level: undefined/unknown\n\tMinimum pool size: undefined/unknown\n\tMaximum pool size: undefined/unknown"}
{"@timestamp":"2025-10-22T20:02:16.7319827+03:00","level":"INFO","thread_name":"Test worker","message":"HHH000489: No JTA platform available (set 'hibernate.transaction.jta.platform' to enable JTA platform integration)"}
{"@timestamp":"2025-10-22T20:02:16.7715217+03:00","level":"INFO","thread_name":"Test worker","message":"Initialized JPA EntityManagerFactory for persistence unit 'default'"}
{"@timestamp":"2025-10-22T20:02:18.1335514+03:00","level":"WARN","thread_name":"Test worker","message":"spring.jpa.open-in-view is enabled by default. Therefore, database queries may be performed during view rendering. Explicitly configure spring.jpa.open-in-view to disable this warning"}
{"@timestamp":"2025-10-22T20:02:19.4098606+03:00","level":"INFO","thread_name":"Test worker","message":"Initializing Spring TestDispatcherServlet ''"}
{"@timestamp":"2025-10-22T20:02:19.4098606+03:00","level":"INFO","thread_name":"Test worker","message":"Initializing Servlet ''"}
{"@timestamp":"2025-10-22T20:02:19.4168071+03:00","level":"INFO","thread_name":"Test worker","message":"Exposing 1 endpoint beneath base path '/actuator'"}
{"@timestamp":"2025-10-22T20:02:19.4277932+03:00","level":"INFO","thread_name":"Test worker","message":"Completed initialization in 18 ms"}
{"@timestamp":"2025-10-22T20:02:20.5690926+03:00","level":"INFO","thread_name":"Test worker","message":"Cannot determine local hostname"}
{"@timestamp":"2025-10-22T20:02:20.6046558+03:00","level":"INFO","thread_name":"Test worker","message":"Eureka HTTP Client uses RestTemplate."}
{"@timestamp":"2025-10-22T20:02:20.6753396+03:00","level":"WARN","thread_name":"Test worker","message":"Spring Cloud LoadBalancer is currently working with the default cache. While this cache implementation is useful for development and tests, it's recommended to use Caffeine cache in production.You can switch to using Caffeine cache, by adding it and org.springframework.cache.caffeine.CaffeineCacheManager to the classpath."}
{"@timestamp":"2025-10-22T20:02:20.8259358+03:00","level":"INFO","thread_name":"Test worker","message":"Starting ProtocolHandler [\"http-nio-auto-1\"]"}
{"@timestamp":"2025-10-22T20:02:20.8426938+03:00","level":"INFO","thread_name":"Test worker","message":"Tomcat started on port 54620 (http) with context path '/'"}
{"@timestamp":"2025-10-22T20:02:21.9507601+03:00","level":"INFO","thread_name":"Test worker","message":"Cannot determine local hostname"}
{"@timestamp":"2025-10-22T20:02:21.9735825+03:00","level":"INFO","thread_name":"Test worker","message":"Started DiscountServiceIntegrationTest in 11.415 seconds (process running for 15.361)"}
{"@timestamp":"2025-10-22T20:02:22.4946393+03:00","level":"INFO","thread_name":"Test worker","batchSize":"0","op":"getDiscounts","message":"Get discounts: returned 0"}
{"@timestamp":"2025-10-22T20:02:22.6204779+03:00","level":"INFO","thread_name":"lettuce-eventExecutorLoop-1-1","message":"Reconnecting, last destination was localhost/127.0.0.1:54605"}
{"@timestamp":"2025-10-22T20:02:22.6259336+03:00","level":"WARN","thread_name":"lettuce-nioEventLoop-4-2","message":"Cannot reconnect to [localhost/<unresolved>:54605]: Connection closed prematurely"}
{"@timestamp":"2025-10-22T20:02:22.9979724+03:00","level":"INFO","thread_name":"SpringApplicationShutdownHook","message":"Commencing graceful shutdown. Waiting for active requests to complete"}
{"@timestamp":"2025-10-22T20:02:23.209455+03:00","level":"INFO","thread_name":"tomcat-shutdown","message":"Graceful shutdown complete"}
{"@timestamp":"2025-10-22T20:02:23.2234543+03:00","level":"INFO","thread_name":"SpringApplicationShutdownHook","message":"Closing JPA EntityManagerFactory for persistence unit 'default'"}
{"@timestamp":"2025-10-22T20:02:23.2244549+03:00","level":"INFO","thread_name":"SpringApplicationShutdownHook","message":"HikariPool-1 - Shutdown initiated..."}
{"@timestamp":"2025-10-22T20:02:23.2254545+03:00","level":"INFO","thread_name":"SpringApplicationShutdownHook","message":"HikariPool-1 - Shutdown completed."}
{"@timestamp":"2025-10-22T20:03:15.4332545+03:00","level":"INFO","thread_name":"Test worker","message":"Starting DiscountServiceIntegrationTest using Java 17.0.10 with PID 29680 (started by kirin in C:\\Users\\kirin\\IdeaProjects\\shop\\discount-api)"}
{"@timestamp":"2025-10-22T20:03:15.4342503+03:00","level":"INFO","thread_name":"Test worker","message":"The following 1 profile is active: \"test\""}
{"@timestamp":"2025-10-22T20:03:15.5897717+03:00","level":"INFO","thread_name":"Test worker","message":"Fetching config from server at : http://localhost:8888"}
{"@timestamp":"2025-10-22T20:03:15.5897717+03:00","level":"INFO","thread_name":"Test worker","message":"Exception on Url - http://localhost:8888:org.springframework.web.client.ResourceAccessException: I/O error on GET request for \"http://localhost:8888/discount-api/test\": Connection refused: no further information. Will be trying the next url if available"}
{"@timestamp":"2025-10-22T20:03:15.5897717+03:00","level":"WARN","thread_name":"Test worker","message":"Could not locate PropertySource ([ConfigServerConfigDataResource@226d5af0 uris = array<String>['http://localhost:8888'], optional = true, profiles = 'test']): I/O error on GET request for \"http://localhost:8888/discount-api/test\": Connection refused: no further information"}
{"@timestamp":"2025-10-22T20:03:15.5897717+03:00","level":"INFO","thread_name":"Test worker","message":"Fetching config from server at : http://localhost:8888"}
{"@timestamp":"2025-10-22T20:03:15.5897717+03:00","level":"INFO","thread_name":"Test worker","message":"Exception on Url - http://localhost:8888:org.springframework.web.client.ResourceAccessException: I/O error on GET request for \"http://localhost:8888/discount-api/default\": Connection refused: no further information. Will be trying the next url if available"}
{"@timestamp":"2025-10-22T20:03:15.5897717+03:00","level":"WARN","thread_name":"Test worker","message":"Could not locate PropertySource ([ConfigServerConfigDataResource@527937d0 uris = array<String>['http://localhost:8888'], optional = true, profiles = 'default']): I/O error on GET request for \"http://localhost:8888/discount-api/default\": Connection refused: no further information"}
{"@timestamp":"2025-10-22T20:03:16.5785908+03:00","level":"INFO","thread_name":"Test worker","message":"Multiple Spring Data modules found, entering strict repository configuration mode"}
{"@timestamp":"2025-10-22T20:03:16.5805924+03:00","level":"INFO","thread_name":"Test worker","message":"Bootstrapping Spring Data JPA repositories in DEFAULT mode."}
{"@timestamp":"2025-10-22T20:03:16.7077846+03:00","level":"INFO","thread_name":"Test worker","message":"Finished Spring Data repository scanning in 117 ms. Found 1 JPA repository interface."}
{"@timestamp":"2025-10-22T20:03:16.7197867+03:00","level":"INFO","thread_name":"Test worker","message":"Multiple Spring Data modules found, entering strict repository configuration mode"}
{"@timestamp":"2025-10-22T20:03:16.7207861+03:00","level":"INFO","thread_name":"Test worker","message":"Bootstrapping Spring Data Redis repositories in DEFAULT mode."}
{"@timestamp":"2025-10-22T20:03:16.7338839+03:00","level":"INFO","thread_name":"Test worker","message":"Spring Data Redis - Could not safely identify store assignment for repository candidate interface ru.innotech.discountapi.adapters.repository.DiscountRepository; If you want this repository to be a Redis repository, consider annotating your entities with one of these annotations: org.springframework.data.redis.core.RedisHash (preferred), or consider extending one of the following types with your repository: org.springframework.data.keyvalue.repository.KeyValueRepository"}
{"@timestamp":"2025-10-22T20:03:16.7348799+03:00","level":"INFO","thread_name":"Test worker","message":"Finished Spring Data repository scanning in 5 ms. Found 0 Redis repository interfaces."}
{"@timestamp":"2025-10-22T20:03:17.0397542+03:00","level":"INFO","thread_name":"Test worker","message":"BeanFactory id=5f65a9f4-bb1b-3dad-b83f-2546f0139140"}
{"@timestamp":"2025-10-22T20:03:17.8858799+03:00","level":"INFO","thread_name":"Test worker","message":"Tomcat initialized with port 0 (http)"}
{"@timestamp":"2025-10-22T20:03:17.8958813+03:00","level":"INFO","thread_name":"Test worker","message":"Initializing ProtocolHandler [\"http-nio-auto-1\"]"}
{"@timestamp":"2025-10-22T20:03:17.8968815+03:00","level":"INFO","thread_name":"Test worker","message":"Starting service [Tomcat]"}
{"@timestamp":"2025-10-22T20:03:17.8968815+03:00","level":"INFO","thread_name":"Test worker","message":"Starting Servlet engine: [Apache Tomcat/10.1.44]"}
{"@timestamp":"2025-10-22T20:03:17.9733775+03:00","level":"INFO","thread_name":"Test worker","message":"Initializing Spring embedded WebApplicationContext"}
{"@timestamp":"2025-10-22T20:03:17.9733775+03:00","level":"INFO","thread_name":"Test worker","message":"Root WebApplicationContext: initialization completed in 2380 ms"}
{"@timestamp":"2025-10-22T20:03:18.6707633+03:00","level":"INFO","thread_name":"Test worker","message":"HHH000204: Processing PersistenceUnitInfo [name: default]"}
{"@timestamp":"2025-10-22T20:03:18.7188537+03:00","level":"INFO","thread_name":"Test worker","message":"HHH000412: Hibernate ORM core version 6.6.26.Final"}
{"@timestamp":"2025-10-22T20:03:18.7458043+03:00","level":"INFO","thread_name":"Test worker","message":"HHH000026: Second-level cache disabled"}
{"@timestamp":"2025-10-22T20:03:18.9527503+03:00","level":"INFO","thread_name":"Test worker","message":"No LoadTimeWeaver setup: ignoring JPA class transformer"}
{"@timestamp":"2025-10-22T20:03:18.9747161+03:00","level":"INFO","thread_name":"Test worker","message":"HikariPool-1 - Starting..."}
{"@timestamp":"2025-10-22T20:03:19.0499647+03:00","level":"INFO","thread_name":"Test worker","message":"HikariPool-1 - Added connection org.postgresql.jdbc.PgConnection@68bbd5c2"}
{"@timestamp":"2025-10-22T20:03:19.0510676+03:00","level":"INFO","thread_name":"Test worker","message":"HikariPool-1 - Start completed."}
{"@timestamp":"2025-10-22T20:03:19.0995586+03:00","level":"INFO","thread_name":"Test worker","message":"HHH10001005: Database info:\n\tDatabase JDBC URL [Connecting through datasource 'HikariDataSource (HikariPool-1)']\n\tDatabase driver: undefined/unknown\n\tDatabase version: 12.3\n\tAutocommit mode: undefined/unknown\n\tIsolation level: undefined/unknown\n\tMinimum pool size: undefined/unknown\n\tMaximum pool size: undefined/unknown"}
{"@timestamp":"2025-10-22T20:03:19.6797392+03:00","level":"INFO","thread_name":"Test worker","message":"HHH000489: No JTA platform available (set 'hibernate.transaction.jta.platform' to enable JTA platform integration)"}
{"@timestamp":"2025-10-22T20:03:19.7163096+03:00","level":"INFO","thread_name":"Test worker","message":"Initialized JPA EntityManagerFactory for persistence unit 'default'"}
{"@timestamp":"2025-10-22T20:03:21.0939484+03:00","level":"WARN","thread_name":"Test worker","message":"spring.jpa.open-in-view is enabled by default. Therefore, database queries may be performed during view rendering. Explicitly configure spring.jpa.open-in-view to disable this warning"}
{"@timestamp":"2025-10-22T20:03:22.3818996+03:00","level":"INFO","thread_name":"Test worker","message":"Initializing Spring TestDispatcherServlet ''"}
{"@timestamp":"2025-10-22T20:03:22.3818996+03:00","level":"INFO","thread_name":"Test worker","message":"Initializing Servlet ''"}
{"@timestamp":"2025-10-22T20:03:22.3929007+03:00","level":"INFO","thread_name":"Test worker","message":"Exposing 1 endpoint beneath base path '/actuator'"}
{"@timestamp":"2025-10-22T20:03:22.4149306+03:00","level":"INFO","thread_name":"Test worker","message":"Completed initialization in 33 ms"}
{"@timestamp":"2025-10-22T20:03:23.5525592+03:00","level":"INFO","thread_name":"Test worker","message":"Cannot determine local hostname"}
{"@timestamp":"2025-10-22T20:03:23.588324+03:00","level":"INFO","thread_name":"Test worker","message":"Eureka HTTP Client uses RestTemplate."}
{"@timestamp":"2025-10-22T20:03:23.6738239+03:00","level":"WARN","thread_name":"Test worker","message":"Spring Cloud LoadBalancer is currently working with the default cache. While this cache implementation is useful for development and tests, it's recommended to use Caffeine cache in production.You can switch to using Caffeine cache, by adding it and org.springframework.cache.caffeine.CaffeineCacheManager to the classpath."}
{"@timestamp":"2025-10-22T20:03:23.8178042+03:00","level":"INFO","thread_name":"Test worker","message":"Starting ProtocolHandler [\"http-nio-auto-1\"]"}
{"@timestamp":"2025-10-22T20:03:23.825805+03:00","level":"INFO","thread_name":"Test worker","message":"Tomcat started on port 54671 (http) with context path '/'"}
{"@timestamp":"2025-10-22T20:03:24.9290249+03:00","level":"INFO","thread_name":"Test worker","message":"Cannot determine local hostname"}
{"@timestamp":"2025-10-22T20:03:24.9615376+03:00","level":"INFO","thread_name":"Test worker","message":"Started DiscountServiceIntegrationTest in 11.536 seconds (process running for 14.801)"}
{"@timestamp":"2025-10-22T20:03:25.7768228+03:00","level":"INFO","thread_name":"Test worker","batchSize":"2","op":"getDiscounts","message":"Get discounts: returned 2"}
{"@timestamp":"2025-10-22T20:03:25.9144722+03:00","level":"INFO","thread_name":"lettuce-eventExecutorLoop-1-1","message":"Reconnecting, last destination was localhost/127.0.0.1:54651"}
{"@timestamp":"2025-10-22T20:03:25.9208804+03:00","level":"WARN","thread_name":"lettuce-nioEventLoop-4-2","message":"Cannot reconnect to [localhost/<unresolved>:54651]: Connection closed prematurely"}
{"@timestamp":"2025-10-22T20:03:26.3262871+03:00","level":"INFO","thread_name":"SpringApplicationShutdownHook","message":"Commencing graceful shutdown. Waiting for active requests to complete"}
{"@timestamp":"2025-10-22T20:03:26.5263717+03:00","level":"INFO","thread_name":"tomcat-shutdown","message":"Graceful shutdown complete"}
{"@timestamp":"2025-10-22T20:03:26.5414757+03:00","level":"INFO","thread_name":"SpringApplicationShutdownHook","message":"Closing JPA EntityManagerFactory for persistence unit 'default'"}
{"@timestamp":"2025-10-22T20:03:26.5424759+03:00","level":"INFO","thread_name":"SpringApplicationShutdownHook","message":"HikariPool-1 - Shutdown initiated..."}
{"@timestamp":"2025-10-22T20:03:26.544477+03:00","level":"INFO","thread_name":"SpringApplicationShutdownHook","message":"HikariPool-1 - Shutdown completed."}
{"@timestamp":"2025-10-22T20:06:39.2348712+03:00","level":"INFO","thread_name":"Test worker","message":"Starting DiscountServiceIntegrationTest using Java 17.0.10 with PID 44056 (started by kirin in C:\\Users\\kirin\\IdeaProjects\\shop\\discount-api)"}
{"@timestamp":"2025-10-22T20:06:39.2358723+03:00","level":"INFO","thread_name":"Test worker","message":"The following 1 profile is active: \"test\""}
{"@timestamp":"2025-10-22T20:06:39.3844761+03:00","level":"INFO","thread_name":"Test worker","message":"Fetching config from server at : http://localhost:8888"}
{"@timestamp":"2025-10-22T20:06:39.3844761+03:00","level":"INFO","thread_name":"Test worker","message":"Exception on Url - http://localhost:8888:org.springframework.web.client.ResourceAccessException: I/O error on GET request for \"http://localhost:8888/discount-api/test\": Connection refused: no further information. Will be trying the next url if available"}
{"@timestamp":"2025-10-22T20:06:39.3844761+03:00","level":"WARN","thread_name":"Test worker","message":"Could not locate PropertySource ([ConfigServerConfigDataResource@1bee0085 uris = array<String>['http://localhost:8888'], optional = true, profiles = 'test']): I/O error on GET request for \"http://localhost:8888/discount-api/test\": Connection refused: no further information"}
{"@timestamp":"2025-10-22T20:06:39.3844761+03:00","level":"INFO","thread_name":"Test worker","message":"Fetching config from server at : http://localhost:8888"}
{"@timestamp":"2025-10-22T20:06:39.3844761+03:00","level":"INFO","thread_name":"Test worker","message":"Exception on Url - http://localhost:8888:org.springframework.web.client.ResourceAccessException: I/O error on GET request for \"http://localhost:8888/discount-api/default\": Connection refused: no further information. Will be trying the next url if available"}
{"@timestamp":"2025-10-22T20:06:39.3844761+03:00","level":"WARN","thread_name":"Test worker","message":"Could not locate PropertySource ([ConfigServerConfigDataResource@16e1219f uris = array<String>['http://localhost:8888'], optional = true, profiles = 'default']): I/O error on GET request for \"http://localhost:8888/discount-api/default\": Connection refused: no further information"}
{"@timestamp":"2025-10-22T20:06:40.4149216+03:00","level":"INFO","thread_name":"Test worker","message":"Multiple Spring Data modules found, entering strict repository configuration mode"}
{"@timestamp":"2025-10-22T20:06:40.4169228+03:00","level":"INFO","thread_name":"Test worker","message":"Bootstrapping Spring Data JPA repositories in DEFAULT mode."}
{"@timestamp":"2025-10-22T20:06:40.5470923+03:00","level":"INFO","thread_name":"Test worker","message":"Finished Spring Data repository scanning in 118 ms. Found 1 JPA repository interface."}
{"@timestamp":"2025-10-22T20:06:40.5630929+03:00","level":"INFO","thread_name":"Test worker","message":"Multiple Spring Data modules found, entering strict repository configuration mode"}
{"@timestamp":"2025-10-22T20:06:40.5680922+03:00","level":"INFO","thread_name":"Test worker","message":"Bootstrapping Spring Data Redis repositories in DEFAULT mode."}
{"@timestamp":"2025-10-22T20:06:40.5870942+03:00","level":"INFO","thread_name":"Test worker","message":"Spring Data Redis - Could not safely identify store assignment for repository candidate interface ru.innotech.discountapi.adapters.repository.DiscountRepository; If you want this repository to be a Redis repository, consider annotating your entities with one of these annotations: org.springframework.data.redis.core.RedisHash (preferred), or consider extending one of the following types with your repository: org.springframework.data.keyvalue.repository.KeyValueRepository"}
{"@timestamp":"2025-10-22T20:06:40.5870942+03:00","level":"INFO","thread_name":"Test worker","message":"Finished Spring Data repository scanning in 6 ms. Found 0 Redis repository interfaces."}
{"@timestamp":"2025-10-22T20:06:40.9191341+03:00","level":"INFO","thread_name":"Test worker","message":"BeanFactory id=5f65a9f4-bb1b-3dad-b83f-2546f0139140"}
{"@timestamp":"2025-10-22T20:06:41.8000721+03:00","level":"INFO","thread_name":"Test worker","message":"Tomcat initialized with port 0 (http)"}
{"@timestamp":"2025-10-22T20:06:41.8110725+03:00","level":"INFO","thread_name":"Test worker","message":"Initializing ProtocolHandler [\"http-nio-auto-1\"]"}
{"@timestamp":"2025-10-22T20:06:41.8120721+03:00","level":"INFO","thread_name":"Test worker","message":"Starting service [Tomcat]"}
{"@timestamp":"2025-10-22T20:06:41.813072+03:00","level":"INFO","thread_name":"Test worker","message":"Starting Servlet engine: [Apache Tomcat/10.1.44]"}
{"@timestamp":"2025-10-22T20:06:41.9317788+03:00","level":"INFO","thread_name":"Test worker","message":"Initializing Spring embedded WebApplicationContext"}
{"@timestamp":"2025-10-22T20:06:41.9327798+03:00","level":"INFO","thread_name":"Test worker","message":"Root WebApplicationContext: initialization completed in 2543 ms"}
{"@timestamp":"2025-10-22T20:06:42.669134+03:00","level":"INFO","thread_name":"Test worker","message":"HHH000204: Processing PersistenceUnitInfo [name: default]"}
{"@timestamp":"2025-10-22T20:06:42.7328392+03:00","level":"INFO","thread_name":"Test worker","message":"HHH000412: Hibernate ORM core version 6.6.26.Final"}
{"@timestamp":"2025-10-22T20:06:42.7658372+03:00","level":"INFO","thread_name":"Test worker","message":"HHH000026: Second-level cache disabled"}
{"@timestamp":"2025-10-22T20:06:42.9901217+03:00","level":"INFO","thread_name":"Test worker","message":"No LoadTimeWeaver setup: ignoring JPA class transformer"}
{"@timestamp":"2025-10-22T20:06:43.0131257+03:00","level":"INFO","thread_name":"Test worker","message":"HikariPool-1 - Starting..."}
{"@timestamp":"2025-10-22T20:06:43.0789327+03:00","level":"INFO","thread_name":"Test worker","message":"HikariPool-1 - Added connection org.postgresql.jdbc.PgConnection@ef64a8f"}
{"@timestamp":"2025-10-22T20:06:43.0805312+03:00","level":"INFO","thread_name":"Test worker","message":"HikariPool-1 - Start completed."}
{"@timestamp":"2025-10-22T20:06:43.1306779+03:00","level":"INFO","thread_name":"Test worker","message":"HHH10001005: Database info:\n\tDatabase JDBC URL [Connecting through datasource 'HikariDataSource (HikariPool-1)']\n\tDatabase driver: undefined/unknown\n\tDatabase version: 12.3\n\tAutocommit mode: undefined/unknown\n\tIsolation level: undefined/unknown\n\tMinimum pool size: undefined/unknown\n\tMaximum pool size: undefined/unknown"}
{"@timestamp":"2025-10-22T20:06:43.7342311+03:00","level":"INFO","thread_name":"Test worker","message":"HHH000489: No JTA platform available (set 'hibernate.transaction.jta.platform' to enable JTA platform integration)"}
{"@timestamp":"2025-10-22T20:06:43.7791101+03:00","level":"INFO","thread_name":"Test worker","message":"Initialized JPA EntityManagerFactory for persistence unit 'default'"}
{"@timestamp":"2025-10-22T20:06:46.3812599+03:00","level":"WARN","thread_name":"Test worker","message":"spring.jpa.open-in-view is enabled by default. Therefore, database queries may be performed during view rendering. Explicitly configure spring.jpa.open-in-view to disable this warning"}
{"@timestamp":"2025-10-22T20:06:48.2851688+03:00","level":"INFO","thread_name":"Test worker","message":"Initializing Spring TestDispatcherServlet ''"}
{"@timestamp":"2025-10-22T20:06:48.2851688+03:00","level":"INFO","thread_name":"Test worker","message":"Initializing Servlet ''"}
{"@timestamp":"2025-10-22T20:06:48.2961702+03:00","level":"INFO","thread_name":"Test worker","message":"Exposing 1 endpoint beneath base path '/actuator'"}
{"@timestamp":"2025-10-22T20:06:48.3151688+03:00","level":"INFO","thread_name":"Test worker","message":"Completed initialization in 30 ms"}
{"@timestamp":"2025-10-22T20:06:49.5205444+03:00","level":"INFO","thread_name":"Test worker","message":"Cannot determine local hostname"}
{"@timestamp":"2025-10-22T20:06:49.5582271+03:00","level":"INFO","thread_name":"Test worker","message":"Eureka HTTP Client uses RestTemplate."}
{"@timestamp":"2025-10-22T20:06:49.6443326+03:00","level":"WARN","thread_name":"Test worker","message":"Spring Cloud LoadBalancer is currently working with the default cache. While this cache implementation is useful for development and tests, it's recommended to use Caffeine cache in production.You can switch to using Caffeine cache, by adding it and org.springframework.cache.caffeine.CaffeineCacheManager to the classpath."}
{"@timestamp":"2025-10-22T20:06:49.8641872+03:00","level":"INFO","thread_name":"Test worker","message":"Starting ProtocolHandler [\"http-nio-auto-1\"]"}
{"@timestamp":"2025-10-22T20:06:49.8751866+03:00","level":"INFO","thread_name":"Test worker","message":"Tomcat started on port 54754 (http) with context path '/'"}
{"@timestamp":"2025-10-22T20:06:50.9772951+03:00","level":"INFO","thread_name":"Test worker","message":"Cannot determine local hostname"}
{"@timestamp":"2025-10-22T20:06:51.0264288+03:00","level":"INFO","thread_name":"Test worker","message":"Started DiscountServiceIntegrationTest in 13.616 seconds (process running for 16.815)"}
{"@timestamp":"2025-10-22T20:06:51.6559458+03:00","level":"INFO","thread_name":"Test worker","batchSize":"2","op":"getDiscounts","message":"Get discounts: returned 2"}
{"@timestamp":"2025-10-22T20:06:51.8277864+03:00","level":"INFO","thread_name":"lettuce-eventExecutorLoop-1-1","message":"Reconnecting, last destination was localhost/127.0.0.1:54740"}
{"@timestamp":"2025-10-22T20:06:51.8331348+03:00","level":"WARN","thread_name":"lettuce-nioEventLoop-4-2","message":"Cannot reconnect to [localhost/<unresolved>:54740]: Connection closed prematurely"}
{"@timestamp":"2025-10-22T20:06:52.1850676+03:00","level":"INFO","thread_name":"SpringApplicationShutdownHook","message":"Commencing graceful shutdown. Waiting for active requests to complete"}
{"@timestamp":"2025-10-22T20:06:52.4088197+03:00","level":"INFO","thread_name":"tomcat-shutdown","message":"Graceful shutdown complete"}
{"@timestamp":"2025-10-22T20:06:52.4223393+03:00","level":"INFO","thread_name":"SpringApplicationShutdownHook","message":"Closing JPA EntityManagerFactory for persistence unit 'default'"}
{"@timestamp":"2025-10-22T20:06:52.42334+03:00","level":"INFO","thread_name":"SpringApplicationShutdownHook","message":"HikariPool-1 - Shutdown initiated..."}
{"@timestamp":"2025-10-22T20:06:52.425339+03:00","level":"INFO","thread_name":"SpringApplicationShutdownHook","message":"HikariPool-1 - Shutdown completed."}
{"@timestamp":"2025-10-22T20:07:22.9850029+03:00","level":"INFO","thread_name":"Test worker","message":"Starting DiscountServiceIntegrationTest using Java 17.0.10 with PID 45000 (started by kirin in C:\\Users\\kirin\\IdeaProjects\\shop\\discount-api)"}
{"@timestamp":"2025-10-22T20:07:22.9860054+03:00","level":"INFO","thread_name":"Test worker","message":"The following 1 profile is active: \"test\""}
{"@timestamp":"2025-10-22T20:07:23.1354089+03:00","level":"INFO","thread_name":"Test worker","message":"Fetching config from server at : http://localhost:8888"}
{"@timestamp":"2025-10-22T20:07:23.1354089+03:00","level":"INFO","thread_name":"Test worker","message":"Exception on Url - http://localhost:8888:org.springframework.web.client.ResourceAccessException: I/O error on GET request for \"http://localhost:8888/discount-api/test\": Connection refused: no further information. Will be trying the next url if available"}
{"@timestamp":"2025-10-22T20:07:23.1354089+03:00","level":"WARN","thread_name":"Test worker","message":"Could not locate PropertySource ([ConfigServerConfigDataResource@1bee0085 uris = array<String>['http://localhost:8888'], optional = true, profiles = 'test']): I/O error on GET request for \"http://localhost:8888/discount-api/test\": Connection refused: no further information"}
{"@timestamp":"2025-10-22T20:07:23.136409+03:00","level":"INFO","thread_name":"Test worker","message":"Fetching config from server at : http://localhost:8888"}
{"@timestamp":"2025-10-22T20:07:23.136409+03:00","level":"INFO","thread_name":"Test worker","message":"Exception on Url - http://localhost:8888:org.springframework.web.client.ResourceAccessException: I/O error on GET request for \"http://localhost:8888/discount-api/default\": Connection refused: no further information. Will be trying the next url if available"}
{"@timestamp":"2025-10-22T20:07:23.136409+03:00","level":"WARN","thread_name":"Test worker","message":"Could not locate PropertySource ([ConfigServerConfigDataResource@16e1219f uris = array<String>['http://localhost:8888'], optional = true, profiles = 'default']): I/O error on GET request for \"http://localhost:8888/discount-api/default\": Connection refused: no further information"}
{"@timestamp":"2025-10-22T20:07:24.0736862+03:00","level":"INFO","thread_name":"Test worker","message":"Multiple Spring Data modules found, entering strict repository configuration mode"}
{"@timestamp":"2025-10-22T20:07:24.0756846+03:00","level":"INFO","thread_name":"Test worker","message":"Bootstrapping Spring Data JPA repositories in DEFAULT mode."}
{"@timestamp":"2025-10-22T20:07:24.1793779+03:00","level":"INFO","thread_name":"Test worker","message":"Finished Spring Data repository scanning in 95 ms. Found 1 JPA repository interface."}
{"@timestamp":"2025-10-22T20:07:24.1983692+03:00","level":"INFO","thread_name":"Test worker","message":"Multiple Spring Data modules found, entering strict repository configuration mode"}
{"@timestamp":"2025-10-22T20:07:24.200369+03:00","level":"INFO","thread_name":"Test worker","message":"Bootstrapping Spring Data Redis repositories in DEFAULT mode."}
{"@timestamp":"2025-10-22T20:07:24.2233684+03:00","level":"INFO","thread_name":"Test worker","message":"Spring Data Redis - Could not safely identify store assignment for repository candidate interface ru.innotech.discountapi.adapters.repository.DiscountRepository; If you want this repository to be a Redis repository, consider annotating your entities with one of these annotations: org.springframework.data.redis.core.RedisHash (preferred), or consider extending one of the following types with your repository: org.springframework.data.keyvalue.repository.KeyValueRepository"}
{"@timestamp":"2025-10-22T20:07:24.2233684+03:00","level":"INFO","thread_name":"Test worker","message":"Finished Spring Data repository scanning in 10 ms. Found 0 Redis repository interfaces."}
{"@timestamp":"2025-10-22T20:07:24.5239443+03:00","level":"INFO","thread_name":"Test worker","message":"BeanFactory id=5f65a9f4-bb1b-3dad-b83f-2546f0139140"}
{"@timestamp":"2025-10-22T20:07:25.4011181+03:00","level":"INFO","thread_name":"Test worker","message":"Tomcat initialized with port 0 (http)"}
{"@timestamp":"2025-10-22T20:07:25.4121203+03:00","level":"INFO","thread_name":"Test worker","message":"Initializing ProtocolHandler [\"http-nio-auto-1\"]"}
{"@timestamp":"2025-10-22T20:07:25.414126+03:00","level":"INFO","thread_name":"Test worker","message":"Starting service [Tomcat]"}
{"@timestamp":"2025-10-22T20:07:25.414126+03:00","level":"INFO","thread_name":"Test worker","message":"Starting Servlet engine: [Apache Tomcat/10.1.44]"}
{"@timestamp":"2025-10-22T20:07:25.500119+03:00","level":"INFO","thread_name":"Test worker","message":"Initializing Spring embedded WebApplicationContext"}
{"@timestamp":"2025-10-22T20:07:25.501118+03:00","level":"INFO","thread_name":"Test worker","message":"Root WebApplicationContext: initialization completed in 2360 ms"}
{"@timestamp":"2025-10-22T20:07:26.1868069+03:00","level":"INFO","thread_name":"Test worker","message":"HHH000204: Processing PersistenceUnitInfo [name: default]"}
{"@timestamp":"2025-10-22T20:07:26.2327863+03:00","level":"INFO","thread_name":"Test worker","message":"HHH000412: Hibernate ORM core version 6.6.26.Final"}
{"@timestamp":"2025-10-22T20:07:26.2588092+03:00","level":"INFO","thread_name":"Test worker","message":"HHH000026: Second-level cache disabled"}
{"@timestamp":"2025-10-22T20:07:26.4732237+03:00","level":"INFO","thread_name":"Test worker","message":"No LoadTimeWeaver setup: ignoring JPA class transformer"}
{"@timestamp":"2025-10-22T20:07:26.5042516+03:00","level":"INFO","thread_name":"Test worker","message":"HikariPool-1 - Starting..."}
{"@timestamp":"2025-10-22T20:07:26.5651788+03:00","level":"INFO","thread_name":"Test worker","message":"HikariPool-1 - Added connection org.postgresql.jdbc.PgConnection@5b84007e"}
{"@timestamp":"2025-10-22T20:07:26.5662142+03:00","level":"INFO","thread_name":"Test worker","message":"HikariPool-1 - Start completed."}
{"@timestamp":"2025-10-22T20:07:26.6130011+03:00","level":"INFO","thread_name":"Test worker","message":"HHH10001005: Database info:\n\tDatabase JDBC URL [Connecting through datasource 'HikariDataSource (HikariPool-1)']\n\tDatabase driver: undefined/unknown\n\tDatabase version: 12.3\n\tAutocommit mode: undefined/unknown\n\tIsolation level: undefined/unknown\n\tMinimum pool size: undefined/unknown\n\tMaximum pool size: undefined/unknown"}
{"@timestamp":"2025-10-22T20:07:27.1817821+03:00","level":"INFO","thread_name":"Test worker","message":"HHH000489: No JTA platform available (set 'hibernate.transaction.jta.platform' to enable JTA platform integration)"}
{"@timestamp":"2025-10-22T20:07:27.2202078+03:00","level":"INFO","thread_name":"Test worker","message":"Initialized JPA EntityManagerFactory for persistence unit 'default'"}
{"@timestamp":"2025-10-22T20:07:29.6172687+03:00","level":"WARN","thread_name":"Test worker","message":"spring.jpa.open-in-view is enabled by default. Therefore, database queries may be performed during view rendering. Explicitly configure spring.jpa.open-in-view to disable this warning"}
{"@timestamp":"2025-10-22T20:07:31.4080085+03:00","level":"INFO","thread_name":"Test worker","message":"Initializing Spring TestDispatcherServlet ''"}
{"@timestamp":"2025-10-22T20:07:31.4080085+03:00","level":"INFO","thread_name":"Test worker","message":"Initializing Servlet ''"}
{"@timestamp":"2025-10-22T20:07:31.4190101+03:00","level":"INFO","thread_name":"Test worker","message":"Exposing 1 endpoint beneath base path '/actuator'"}
{"@timestamp":"2025-10-22T20:07:31.4370082+03:00","level":"INFO","thread_name":"Test worker","message":"Completed initialization in 29 ms"}
{"@timestamp":"2025-10-22T20:07:32.5928524+03:00","level":"INFO","thread_name":"Test worker","message":"Cannot determine local hostname"}
{"@timestamp":"2025-10-22T20:07:32.6356384+03:00","level":"INFO","thread_name":"Test worker","message":"Eureka HTTP Client uses RestTemplate."}
{"@timestamp":"2025-10-22T20:07:32.7770157+03:00","level":"WARN","thread_name":"Test worker","message":"Spring Cloud LoadBalancer is currently working with the default cache. While this cache implementation is useful for development and tests, it's recommended to use Caffeine cache in production.You can switch to using Caffeine cache, by adding it and org.springframework.cache.caffeine.CaffeineCacheManager to the classpath."}
{"@timestamp":"2025-10-22T20:07:32.9851486+03:00","level":"INFO","thread_name":"Test worker","message":"Starting ProtocolHandler [\"http-nio-auto-1\"]"}
{"@timestamp":"2025-10-22T20:07:32.9951734+03:00","level":"INFO","thread_name":"Test worker","message":"Tomcat started on port 54798 (http) with context path '/'"}
{"@timestamp":"2025-10-22T20:07:34.1011076+03:00","level":"INFO","thread_name":"Test worker","message":"Cannot determine local hostname"}
{"@timestamp":"2025-10-22T20:07:34.1366626+03:00","level":"INFO","thread_name":"Test worker","message":"Started DiscountServiceIntegrationTest in 12.988 seconds (process running for 16.199)"}
{"@timestamp":"2025-10-22T20:07:34.8208686+03:00","level":"INFO","thread_name":"Test worker","batchSize":"2","op":"getDiscounts","message":"Get discounts: returned 2"}
{"@timestamp":"2025-10-22T20:07:34.9701245+03:00","level":"INFO","thread_name":"lettuce-eventExecutorLoop-1-1","message":"Reconnecting, last destination was localhost/127.0.0.1:54781"}
{"@timestamp":"2025-10-22T20:07:34.9748965+03:00","level":"WARN","thread_name":"lettuce-nioEventLoop-4-2","message":"Cannot reconnect to [localhost/<unresolved>:54781]: Connection closed prematurely"}
{"@timestamp":"2025-10-22T20:07:35.2951227+03:00","level":"INFO","thread_name":"SpringApplicationShutdownHook","message":"Commencing graceful shutdown. Waiting for active requests to complete"}
{"@timestamp":"2025-10-22T20:07:35.50773+03:00","level":"INFO","thread_name":"tomcat-shutdown","message":"Graceful shutdown complete"}
{"@timestamp":"2025-10-22T20:07:35.5221405+03:00","level":"INFO","thread_name":"SpringApplicationShutdownHook","message":"Closing JPA EntityManagerFactory for persistence unit 'default'"}
{"@timestamp":"2025-10-22T20:07:35.5231961+03:00","level":"INFO","thread_name":"SpringApplicationShutdownHook","message":"HikariPool-1 - Shutdown initiated..."}
{"@timestamp":"2025-10-22T20:07:35.5249227+03:00","level":"INFO","thread_name":"SpringApplicationShutdownHook","message":"HikariPool-1 - Shutdown completed."}
{"@timestamp":"2025-10-22T20:08:07.0587604+03:00","level":"INFO","thread_name":"Test worker","message":"Starting DiscountServiceIntegrationTest using Java 17.0.10 with PID 41996 (started by kirin in C:\\Users\\kirin\\IdeaProjects\\shop\\discount-api)"}
{"@timestamp":"2025-10-22T20:08:07.0587604+03:00","level":"INFO","thread_name":"Test worker","message":"The following 1 profile is active: \"test\""}
{"@timestamp":"2025-10-22T20:08:07.206583+03:00","level":"INFO","thread_name":"Test worker","message":"Fetching config from server at : http://localhost:8888"}
{"@timestamp":"2025-10-22T20:08:07.206583+03:00","level":"INFO","thread_name":"Test worker","message":"Exception on Url - http://localhost:8888:org.springframework.web.client.ResourceAccessException: I/O error on GET request for \"http://localhost:8888/discount-api/test\": Connection refused: no further information. Will be trying the next url if available"}
{"@timestamp":"2025-10-22T20:08:07.206583+03:00","level":"WARN","thread_name":"Test worker","message":"Could not locate PropertySource ([ConfigServerConfigDataResource@1bee0085 uris = array<String>['http://localhost:8888'], optional = true, profiles = 'test']): I/O error on GET request for \"http://localhost:8888/discount-api/test\": Connection refused: no further information"}
{"@timestamp":"2025-10-22T20:08:07.206583+03:00","level":"INFO","thread_name":"Test worker","message":"Fetching config from server at : http://localhost:8888"}
{"@timestamp":"2025-10-22T20:08:07.206583+03:00","level":"INFO","thread_name":"Test worker","message":"Exception on Url - http://localhost:8888:org.springframework.web.client.ResourceAccessException: I/O error on GET request for \"http://localhost:8888/discount-api/default\": Connection refused: no further information. Will be trying the next url if available"}
{"@timestamp":"2025-10-22T20:08:07.206583+03:00","level":"WARN","thread_name":"Test worker","message":"Could not locate PropertySource ([ConfigServerConfigDataResource@16e1219f uris = array<String>['http://localhost:8888'], optional = true, profiles = 'default']): I/O error on GET request for \"http://localhost:8888/discount-api/default\": Connection refused: no further information"}
{"@timestamp":"2025-10-22T20:08:08.1224377+03:00","level":"INFO","thread_name":"Test worker","message":"Multiple Spring Data modules found, entering strict repository configuration mode"}
{"@timestamp":"2025-10-22T20:08:08.1234383+03:00","level":"INFO","thread_name":"Test worker","message":"Bootstrapping Spring Data JPA repositories in DEFAULT mode."}
{"@timestamp":"2025-10-22T20:08:08.2301139+03:00","level":"INFO","thread_name":"Test worker","message":"Finished Spring Data repository scanning in 99 ms. Found 1 JPA repository interface."}
{"@timestamp":"2025-10-22T20:08:08.245076+03:00","level":"INFO","thread_name":"Test worker","message":"Multiple Spring Data modules found, entering strict repository configuration mode"}
{"@timestamp":"2025-10-22T20:08:08.247076+03:00","level":"INFO","thread_name":"Test worker","message":"Bootstrapping Spring Data Redis repositories in DEFAULT mode."}
{"@timestamp":"2025-10-22T20:08:08.2670766+03:00","level":"INFO","thread_name":"Test worker","message":"Spring Data Redis - Could not safely identify store assignment for repository candidate interface ru.innotech.discountapi.adapters.repository.DiscountRepository; If you want this repository to be a Redis repository, consider annotating your entities with one of these annotations: org.springframework.data.redis.core.RedisHash (preferred), or consider extending one of the following types with your repository: org.springframework.data.keyvalue.repository.KeyValueRepository"}
{"@timestamp":"2025-10-22T20:08:08.2670766+03:00","level":"INFO","thread_name":"Test worker","message":"Finished Spring Data repository scanning in 6 ms. Found 0 Redis repository interfaces."}
{"@timestamp":"2025-10-22T20:08:08.582535+03:00","level":"INFO","thread_name":"Test worker","message":"BeanFactory id=5f65a9f4-bb1b-3dad-b83f-2546f0139140"}
{"@timestamp":"2025-10-22T20:08:09.3768042+03:00","level":"INFO","thread_name":"Test worker","message":"Tomcat initialized with port 0 (http)"}
{"@timestamp":"2025-10-22T20:08:09.3888029+03:00","level":"INFO","thread_name":"Test worker","message":"Initializing ProtocolHandler [\"http-nio-auto-1\"]"}
{"@timestamp":"2025-10-22T20:08:09.3908513+03:00","level":"INFO","thread_name":"Test worker","message":"Starting service [Tomcat]"}
{"@timestamp":"2025-10-22T20:08:09.3908513+03:00","level":"INFO","thread_name":"Test worker","message":"Starting Servlet engine: [Apache Tomcat/10.1.44]"}
{"@timestamp":"2025-10-22T20:08:09.4624872+03:00","level":"INFO","thread_name":"Test worker","message":"Initializing Spring embedded WebApplicationContext"}
{"@timestamp":"2025-10-22T20:08:09.4624872+03:00","level":"INFO","thread_name":"Test worker","message":"Root WebApplicationContext: initialization completed in 2252 ms"}
{"@timestamp":"2025-10-22T20:08:10.2456482+03:00","level":"INFO","thread_name":"Test worker","message":"HHH000204: Processing PersistenceUnitInfo [name: default]"}
{"@timestamp":"2025-10-22T20:08:10.3086365+03:00","level":"INFO","thread_name":"Test worker","message":"HHH000412: Hibernate ORM core version 6.6.26.Final"}
{"@timestamp":"2025-10-22T20:08:10.3336436+03:00","level":"INFO","thread_name":"Test worker","message":"HHH000026: Second-level cache disabled"}
{"@timestamp":"2025-10-22T20:08:10.5483522+03:00","level":"INFO","thread_name":"Test worker","message":"No LoadTimeWeaver setup: ignoring JPA class transformer"}
{"@timestamp":"2025-10-22T20:08:10.5793511+03:00","level":"INFO","thread_name":"Test worker","message":"HikariPool-1 - Starting..."}
{"@timestamp":"2025-10-22T20:08:10.6435691+03:00","level":"INFO","thread_name":"Test worker","message":"HikariPool-1 - Added connection org.postgresql.jdbc.PgConnection@42e1bfe1"}
{"@timestamp":"2025-10-22T20:08:10.6451568+03:00","level":"INFO","thread_name":"Test worker","message":"HikariPool-1 - Start completed."}
{"@timestamp":"2025-10-22T20:08:10.6996386+03:00","level":"INFO","thread_name":"Test worker","message":"HHH10001005: Database info:\n\tDatabase JDBC URL [Connecting through datasource 'HikariDataSource (HikariPool-1)']\n\tDatabase driver: undefined/unknown\n\tDatabase version: 12.3\n\tAutocommit mode: undefined/unknown\n\tIsolation level: undefined/unknown\n\tMinimum pool size: undefined/unknown\n\tMaximum pool size: undefined/unknown"}
{"@timestamp":"2025-10-22T20:08:11.4052326+03:00","level":"INFO","thread_name":"Test worker","message":"HHH000489: No JTA platform available (set 'hibernate.transaction.jta.platform' to enable JTA platform integration)"}
{"@timestamp":"2025-10-22T20:08:11.4454529+03:00","level":"INFO","thread_name":"Test worker","message":"Initialized JPA EntityManagerFactory for persistence unit 'default'"}
{"@timestamp":"2025-10-22T20:08:13.8329374+03:00","level":"WARN","thread_name":"Test worker","message":"spring.jpa.open-in-view is enabled by default. Therefore, database queries may be performed during view rendering. Explicitly configure spring.jpa.open-in-view to disable this warning"}
{"@timestamp":"2025-10-22T20:08:15.5326073+03:00","level":"INFO","thread_name":"Test worker","message":"Initializing Spring TestDispatcherServlet ''"}
{"@timestamp":"2025-10-22T20:08:15.5326073+03:00","level":"INFO","thread_name":"Test worker","message":"Initializing Servlet ''"}
{"@timestamp":"2025-10-22T20:08:15.543177+03:00","level":"INFO","thread_name":"Test worker","message":"Exposing 1 endpoint beneath base path '/actuator'"}
{"@timestamp":"2025-10-22T20:08:15.5641718+03:00","level":"INFO","thread_name":"Test worker","message":"Completed initialization in 32 ms"}
{"@timestamp":"2025-10-22T20:08:16.736989+03:00","level":"INFO","thread_name":"Test worker","message":"Cannot determine local hostname"}
{"@timestamp":"2025-10-22T20:08:16.787118+03:00","level":"INFO","thread_name":"Test worker","message":"Eureka HTTP Client uses RestTemplate."}
{"@timestamp":"2025-10-22T20:08:16.8868675+03:00","level":"WARN","thread_name":"Test worker","message":"Spring Cloud LoadBalancer is currently working with the default cache. While this cache implementation is useful for development and tests, it's recommended to use Caffeine cache in production.You can switch to using Caffeine cache, by adding it and org.springframework.cache.caffeine.CaffeineCacheManager to the classpath."}
{"@timestamp":"2025-10-22T20:08:17.1148458+03:00","level":"INFO","thread_name":"Test worker","message":"Starting ProtocolHandler [\"http-nio-auto-1\"]"}
{"@timestamp":"2025-10-22T20:08:17.1248464+03:00","level":"INFO","thread_name":"Test worker","message":"Tomcat started on port 54839 (http) with context path '/'"}
{"@timestamp":"2025-10-22T20:08:18.2306177+03:00","level":"INFO","thread_name":"Test worker","message":"Cannot determine local hostname"}
{"@timestamp":"2025-10-22T20:08:18.2714459+03:00","level":"INFO","thread_name":"Test worker","message":"Started DiscountServiceIntegrationTest in 13.069 seconds (process running for 16.199)"}
{"@timestamp":"2025-10-22T20:08:18.9515459+03:00","level":"INFO","thread_name":"Test worker","batchSize":"2","op":"getDiscounts","message":"Get discounts: returned 2"}
{"@timestamp":"2025-10-22T20:08:19.1048892+03:00","level":"INFO","thread_name":"lettuce-eventExecutorLoop-1-1","message":"Reconnecting, last destination was localhost/127.0.0.1:54823"}
{"@timestamp":"2025-10-22T20:08:19.1099058+03:00","level":"WARN","thread_name":"lettuce-nioEventLoop-4-2","message":"Cannot reconnect to [localhost/<unresolved>:54823]: Connection closed prematurely"}
{"@timestamp":"2025-10-22T20:08:19.5138184+03:00","level":"INFO","thread_name":"SpringApplicationShutdownHook","message":"Commencing graceful shutdown. Waiting for active requests to complete"}
{"@timestamp":"2025-10-22T20:08:19.7163251+03:00","level":"INFO","thread_name":"tomcat-shutdown","message":"Graceful shutdown complete"}
{"@timestamp":"2025-10-22T20:08:19.7313251+03:00","level":"INFO","thread_name":"SpringApplicationShutdownHook","message":"Closing JPA EntityManagerFactory for persistence unit 'default'"}
{"@timestamp":"2025-10-22T20:08:19.7333279+03:00","level":"INFO","thread_name":"SpringApplicationShutdownHook","message":"HikariPool-1 - Shutdown initiated..."}
{"@timestamp":"2025-10-22T20:08:19.7353248+03:00","level":"INFO","thread_name":"SpringApplicationShutdownHook","message":"HikariPool-1 - Shutdown completed."}
{"@timestamp":"2025-10-22T20:08:32.8828785+03:00","level":"INFO","thread_name":"Test worker","message":"Starting DiscountServiceIntegrationTest using Java 17.0.10 with PID 43792 (started by kirin in C:\\Users\\kirin\\IdeaProjects\\shop\\discount-api)"}
{"@timestamp":"2025-10-22T20:08:32.8838423+03:00","level":"INFO","thread_name":"Test worker","message":"The following 1 profile is active: \"test\""}
{"@timestamp":"2025-10-22T20:08:33.0342461+03:00","level":"INFO","thread_name":"Test worker","message":"Fetching config from server at : http://localhost:8888"}
{"@timestamp":"2025-10-22T20:08:33.0342461+03:00","level":"INFO","thread_name":"Test worker","message":"Exception on Url - http://localhost:8888:org.springframework.web.client.ResourceAccessException: I/O error on GET request for \"http://localhost:8888/discount-api/test\": Connection refused: no further information. Will be trying the next url if available"}
{"@timestamp":"2025-10-22T20:08:33.0342461+03:00","level":"WARN","thread_name":"Test worker","message":"Could not locate PropertySource ([ConfigServerConfigDataResource@1bee0085 uris = array<String>['http://localhost:8888'], optional = true, profiles = 'test']): I/O error on GET request for \"http://localhost:8888/discount-api/test\": Connection refused: no further information"}
{"@timestamp":"2025-10-22T20:08:33.0342461+03:00","level":"INFO","thread_name":"Test worker","message":"Fetching config from server at : http://localhost:8888"}
{"@timestamp":"2025-10-22T20:08:33.0342461+03:00","level":"INFO","thread_name":"Test worker","message":"Exception on Url - http://localhost:8888:org.springframework.web.client.ResourceAccessException: I/O error on GET request for \"http://localhost:8888/discount-api/default\": Connection refused: no further information. Will be trying the next url if available"}
{"@timestamp":"2025-10-22T20:08:33.0342461+03:00","level":"WARN","thread_name":"Test worker","message":"Could not locate PropertySource ([ConfigServerConfigDataResource@16e1219f uris = array<String>['http://localhost:8888'], optional = true, profiles = 'default']): I/O error on GET request for \"http://localhost:8888/discount-api/default\": Connection refused: no further information"}
{"@timestamp":"2025-10-22T20:08:33.9811822+03:00","level":"INFO","thread_name":"Test worker","message":"Multiple Spring Data modules found, entering strict repository configuration mode"}
{"@timestamp":"2025-10-22T20:08:33.98284+03:00","level":"INFO","thread_name":"Test worker","message":"Bootstrapping Spring Data JPA repositories in DEFAULT mode."}
{"@timestamp":"2025-10-22T20:08:34.097267+03:00","level":"INFO","thread_name":"Test worker","message":"Finished Spring Data repository scanning in 105 ms. Found 1 JPA repository interface."}
{"@timestamp":"2025-10-22T20:08:34.1329245+03:00","level":"INFO","thread_name":"Test worker","message":"Multiple Spring Data modules found, entering strict repository configuration mode"}
{"@timestamp":"2025-10-22T20:08:34.1339237+03:00","level":"INFO","thread_name":"Test worker","message":"Bootstrapping Spring Data Redis repositories in DEFAULT mode."}
{"@timestamp":"2025-10-22T20:08:34.1651642+03:00","level":"INFO","thread_name":"Test worker","message":"Spring Data Redis - Could not safely identify store assignment for repository candidate interface ru.innotech.discountapi.adapters.repository.DiscountRepository; If you want this repository to be a Redis repository, consider annotating your entities with one of these annotations: org.springframework.data.redis.core.RedisHash (preferred), or consider extending one of the following types with your repository: org.springframework.data.keyvalue.repository.KeyValueRepository"}
{"@timestamp":"2025-10-22T20:08:34.1651642+03:00","level":"INFO","thread_name":"Test worker","message":"Finished Spring Data repository scanning in 9 ms. Found 0 Redis repository interfaces."}
{"@timestamp":"2025-10-22T20:08:34.4759223+03:00","level":"INFO","thread_name":"Test worker","message":"BeanFactory id=5f65a9f4-bb1b-3dad-b83f-2546f0139140"}
{"@timestamp":"2025-10-22T20:08:35.3108914+03:00","level":"INFO","thread_name":"Test worker","message":"Tomcat initialized with port 0 (http)"}
{"@timestamp":"2025-10-22T20:08:35.3235045+03:00","level":"INFO","thread_name":"Test worker","message":"Initializing ProtocolHandler [\"http-nio-auto-1\"]"}
{"@timestamp":"2025-10-22T20:08:35.326505+03:00","level":"INFO","thread_name":"Test worker","message":"Starting service [Tomcat]"}
{"@timestamp":"2025-10-22T20:08:35.326505+03:00","level":"INFO","thread_name":"Test worker","message":"Starting Servlet engine: [Apache Tomcat/10.1.44]"}
{"@timestamp":"2025-10-22T20:08:35.4057288+03:00","level":"INFO","thread_name":"Test worker","message":"Initializing Spring embedded WebApplicationContext"}
{"@timestamp":"2025-10-22T20:08:35.4057288+03:00","level":"INFO","thread_name":"Test worker","message":"Root WebApplicationContext: initialization completed in 2366 ms"}
{"@timestamp":"2025-10-22T20:08:36.1352088+03:00","level":"INFO","thread_name":"Test worker","message":"HHH000204: Processing PersistenceUnitInfo [name: default]"}
{"@timestamp":"2025-10-22T20:08:36.1748987+03:00","level":"INFO","thread_name":"Test worker","message":"HHH000412: Hibernate ORM core version 6.6.26.Final"}
{"@timestamp":"2025-10-22T20:08:36.2095429+03:00","level":"INFO","thread_name":"Test worker","message":"HHH000026: Second-level cache disabled"}
{"@timestamp":"2025-10-22T20:08:36.4172913+03:00","level":"INFO","thread_name":"Test worker","message":"No LoadTimeWeaver setup: ignoring JPA class transformer"}
{"@timestamp":"2025-10-22T20:08:36.4392442+03:00","level":"INFO","thread_name":"Test worker","message":"HikariPool-1 - Starting..."}
{"@timestamp":"2025-10-22T20:08:36.499132+03:00","level":"INFO","thread_name":"Test worker","message":"HikariPool-1 - Added connection org.postgresql.jdbc.PgConnection@696e9e14"}
{"@timestamp":"2025-10-22T20:08:36.5003573+03:00","level":"INFO","thread_name":"Test worker","message":"HikariPool-1 - Start completed."}
{"@timestamp":"2025-10-22T20:08:36.5510931+03:00","level":"INFO","thread_name":"Test worker","message":"HHH10001005: Database info:\n\tDatabase JDBC URL [Connecting through datasource 'HikariDataSource (HikariPool-1)']\n\tDatabase driver: undefined/unknown\n\tDatabase version: 12.3\n\tAutocommit mode: undefined/unknown\n\tIsolation level: undefined/unknown\n\tMinimum pool size: undefined/unknown\n\tMaximum pool size: undefined/unknown"}
{"@timestamp":"2025-10-22T20:08:37.122905+03:00","level":"INFO","thread_name":"Test worker","message":"HHH000489: No JTA platform available (set 'hibernate.transaction.jta.platform' to enable JTA platform integration)"}
{"@timestamp":"2025-10-22T20:08:37.1586064+03:00","level":"INFO","thread_name":"Test worker","message":"Initialized JPA EntityManagerFactory for persistence unit 'default'"}
{"@timestamp":"2025-10-22T20:08:39.6083143+03:00","level":"WARN","thread_name":"Test worker","message":"spring.jpa.open-in-view is enabled by default. Therefore, database queries may be performed during view rendering. Explicitly configure spring.jpa.open-in-view to disable this warning"}
{"@timestamp":"2025-10-22T20:08:41.566995+03:00","level":"INFO","thread_name":"Test worker","message":"Initializing Spring TestDispatcherServlet ''"}
{"@timestamp":"2025-10-22T20:08:41.566995+03:00","level":"INFO","thread_name":"Test worker","message":"Initializing Servlet ''"}
{"@timestamp":"2025-10-22T20:08:41.5789964+03:00","level":"INFO","thread_name":"Test worker","message":"Exposing 1 endpoint beneath base path '/actuator'"}
{"@timestamp":"2025-10-22T20:08:41.5969962+03:00","level":"INFO","thread_name":"Test worker","message":"Completed initialization in 29 ms"}
{"@timestamp":"2025-10-22T20:08:42.7467981+03:00","level":"INFO","thread_name":"Test worker","message":"Cannot determine local hostname"}
{"@timestamp":"2025-10-22T20:08:42.7758138+03:00","level":"INFO","thread_name":"Test worker","message":"Eureka HTTP Client uses RestTemplate."}
{"@timestamp":"2025-10-22T20:08:42.869761+03:00","level":"WARN","thread_name":"Test worker","message":"Spring Cloud LoadBalancer is currently working with the default cache. While this cache implementation is useful for development and tests, it's recommended to use Caffeine cache in production.You can switch to using Caffeine cache, by adding it and org.springframework.cache.caffeine.CaffeineCacheManager to the classpath."}
{"@timestamp":"2025-10-22T20:08:43.1190383+03:00","level":"INFO","thread_name":"Test worker","message":"Starting ProtocolHandler [\"http-nio-auto-1\"]"}
{"@timestamp":"2025-10-22T20:08:43.1290379+03:00","level":"INFO","thread_name":"Test worker","message":"Tomcat started on port 54880 (http) with context path '/'"}
{"@timestamp":"2025-10-22T20:08:44.2321798+03:00","level":"INFO","thread_name":"Test worker","message":"Cannot determine local hostname"}
{"@timestamp":"2025-10-22T20:08:44.2871434+03:00","level":"INFO","thread_name":"Test worker","message":"Started DiscountServiceIntegrationTest in 13.206 seconds (process running for 16.492)"}
{"@timestamp":"2025-10-22T20:08:44.9031966+03:00","level":"INFO","thread_name":"Test worker","batchSize":"2","op":"getDiscounts","message":"Get discounts: returned 2"}
{"@timestamp":"2025-10-22T20:08:45.1229383+03:00","level":"INFO","thread_name":"lettuce-eventExecutorLoop-1-1","message":"Reconnecting, last destination was localhost/127.0.0.1:54865"}
{"@timestamp":"2025-10-22T20:08:45.1295202+03:00","level":"WARN","thread_name":"lettuce-nioEventLoop-4-2","message":"Cannot reconnect to [localhost/<unresolved>:54865]: Connection closed prematurely"}
{"@timestamp":"2025-10-22T20:08:45.4496169+03:00","level":"INFO","thread_name":"SpringApplicationShutdownHook","message":"Commencing graceful shutdown. Waiting for active requests to complete"}
{"@timestamp":"2025-10-22T20:08:45.6825359+03:00","level":"INFO","thread_name":"tomcat-shutdown","message":"Graceful shutdown complete"}
{"@timestamp":"2025-10-22T20:08:45.7065123+03:00","level":"INFO","thread_name":"SpringApplicationShutdownHook","message":"Closing JPA EntityManagerFactory for persistence unit 'default'"}
{"@timestamp":"2025-10-22T20:08:45.7085461+03:00","level":"INFO","thread_name":"SpringApplicationShutdownHook","message":"HikariPool-1 - Shutdown initiated..."}
{"@timestamp":"2025-10-22T20:08:45.710514+03:00","level":"INFO","thread_name":"SpringApplicationShutdownHook","message":"HikariPool-1 - Shutdown completed."}
{"@timestamp":"2025-10-22T20:09:52.2264632+03:00","level":"INFO","thread_name":"Test worker","message":"Starting DiscountServiceIntegrationTest using Java 17.0.10 with PID 48480 (started by kirin in C:\\Users\\kirin\\IdeaProjects\\shop\\discount-api)"}
{"@timestamp":"2025-10-22T20:09:52.227464+03:00","level":"INFO","thread_name":"Test worker","message":"The following 1 profile is active: \"test\""}
{"@timestamp":"2025-10-22T20:09:52.3760297+03:00","level":"INFO","thread_name":"Test worker","message":"Fetching config from server at : http://localhost:8888"}
{"@timestamp":"2025-10-22T20:09:52.37703+03:00","level":"INFO","thread_name":"Test worker","message":"Exception on Url - http://localhost:8888:org.springframework.web.client.ResourceAccessException: I/O error on GET request for \"http://localhost:8888/discount-api/test\": Connection refused: no further information. Will be trying the next url if available"}
{"@timestamp":"2025-10-22T20:09:52.37703+03:00","level":"WARN","thread_name":"Test worker","message":"Could not locate PropertySource ([ConfigServerConfigDataResource@4af7dd6a uris = array<String>['http://localhost:8888'], optional = true, profiles = 'test']): I/O error on GET request for \"http://localhost:8888/discount-api/test\": Connection refused: no further information"}
{"@timestamp":"2025-10-22T20:09:52.37703+03:00","level":"INFO","thread_name":"Test worker","message":"Fetching config from server at : http://localhost:8888"}
{"@timestamp":"2025-10-22T20:09:52.37703+03:00","level":"INFO","thread_name":"Test worker","message":"Exception on Url - http://localhost:8888:org.springframework.web.client.ResourceAccessException: I/O error on GET request for \"http://localhost:8888/discount-api/default\": Connection refused: no further information. Will be trying the next url if available"}
{"@timestamp":"2025-10-22T20:09:52.37703+03:00","level":"WARN","thread_name":"Test worker","message":"Could not locate PropertySource ([ConfigServerConfigDataResource@4607d78b uris = array<String>['http://localhost:8888'], optional = true, profiles = 'default']): I/O error on GET request for \"http://localhost:8888/discount-api/default\": Connection refused: no further information"}
{"@timestamp":"2025-10-22T20:09:53.3848489+03:00","level":"INFO","thread_name":"Test worker","message":"Multiple Spring Data modules found, entering strict repository configuration mode"}
{"@timestamp":"2025-10-22T20:09:53.3868203+03:00","level":"INFO","thread_name":"Test worker","message":"Bootstrapping Spring Data JPA repositories in DEFAULT mode."}
{"@timestamp":"2025-10-22T20:09:53.5148207+03:00","level":"INFO","thread_name":"Test worker","message":"Finished Spring Data repository scanning in 116 ms. Found 1 JPA repository interface."}
{"@timestamp":"2025-10-22T20:09:53.537364+03:00","level":"INFO","thread_name":"Test worker","message":"Multiple Spring Data modules found, entering strict repository configuration mode"}
{"@timestamp":"2025-10-22T20:09:53.5393618+03:00","level":"INFO","thread_name":"Test worker","message":"Bootstrapping Spring Data Redis repositories in DEFAULT mode."}
{"@timestamp":"2025-10-22T20:09:53.5663626+03:00","level":"INFO","thread_name":"Test worker","message":"Spring Data Redis - Could not safely identify store assignment for repository candidate interface ru.innotech.discountapi.adapters.repository.DiscountRepository; If you want this repository to be a Redis repository, consider annotating your entities with one of these annotations: org.springframework.data.redis.core.RedisHash (preferred), or consider extending one of the following types with your repository: org.springframework.data.keyvalue.repository.KeyValueRepository"}
{"@timestamp":"2025-10-22T20:09:53.5663626+03:00","level":"INFO","thread_name":"Test worker","message":"Finished Spring Data repository scanning in 8 ms. Found 0 Redis repository interfaces."}
{"@timestamp":"2025-10-22T20:09:53.9051705+03:00","level":"INFO","thread_name":"Test worker","message":"BeanFactory id=5f65a9f4-bb1b-3dad-b83f-2546f0139140"}
{"@timestamp":"2025-10-22T20:09:54.7897588+03:00","level":"INFO","thread_name":"Test worker","message":"Tomcat initialized with port 0 (http)"}
{"@timestamp":"2025-10-22T20:09:54.8027578+03:00","level":"INFO","thread_name":"Test worker","message":"Initializing ProtocolHandler [\"http-nio-auto-1\"]"}
{"@timestamp":"2025-10-22T20:09:54.8047587+03:00","level":"INFO","thread_name":"Test worker","message":"Starting service [Tomcat]"}
{"@timestamp":"2025-10-22T20:09:54.8047587+03:00","level":"INFO","thread_name":"Test worker","message":"Starting Servlet engine: [Apache Tomcat/10.1.44]"}
{"@timestamp":"2025-10-22T20:09:54.8984416+03:00","level":"INFO","thread_name":"Test worker","message":"Initializing Spring embedded WebApplicationContext"}
{"@timestamp":"2025-10-22T20:09:54.8984416+03:00","level":"INFO","thread_name":"Test worker","message":"Root WebApplicationContext: initialization completed in 2517 ms"}
{"@timestamp":"2025-10-22T20:09:55.6435961+03:00","level":"INFO","thread_name":"Test worker","message":"HHH000204: Processing PersistenceUnitInfo [name: default]"}
{"@timestamp":"2025-10-22T20:09:55.7112765+03:00","level":"INFO","thread_name":"Test worker","message":"HHH000412: Hibernate ORM core version 6.6.26.Final"}
{"@timestamp":"2025-10-22T20:09:55.7518924+03:00","level":"INFO","thread_name":"Test worker","message":"HHH000026: Second-level cache disabled"}
{"@timestamp":"2025-10-22T20:09:56.0152611+03:00","level":"INFO","thread_name":"Test worker","message":"No LoadTimeWeaver setup: ignoring JPA class transformer"}
{"@timestamp":"2025-10-22T20:09:56.0412618+03:00","level":"INFO","thread_name":"Test worker","message":"HikariPool-1 - Starting..."}
{"@timestamp":"2025-10-22T20:09:56.1167368+03:00","level":"INFO","thread_name":"Test worker","message":"HikariPool-1 - Added connection org.postgresql.jdbc.PgConnection@7064ae69"}
{"@timestamp":"2025-10-22T20:09:56.1182976+03:00","level":"INFO","thread_name":"Test worker","message":"HikariPool-1 - Start completed."}
{"@timestamp":"2025-10-22T20:09:56.1755256+03:00","level":"INFO","thread_name":"Test worker","message":"HHH10001005: Database info:\n\tDatabase JDBC URL [Connecting through datasource 'HikariDataSource (HikariPool-1)']\n\tDatabase driver: undefined/unknown\n\tDatabase version: 12.3\n\tAutocommit mode: undefined/unknown\n\tIsolation level: undefined/unknown\n\tMinimum pool size: undefined/unknown\n\tMaximum pool size: undefined/unknown"}
{"@timestamp":"2025-10-22T20:09:56.880915+03:00","level":"INFO","thread_name":"Test worker","message":"HHH000489: No JTA platform available (set 'hibernate.transaction.jta.platform' to enable JTA platform integration)"}
{"@timestamp":"2025-10-22T20:09:56.9186536+03:00","level":"INFO","thread_name":"Test worker","message":"Initialized JPA EntityManagerFactory for persistence unit 'default'"}
{"@timestamp":"2025-10-22T20:09:59.4213959+03:00","level":"WARN","thread_name":"Test worker","message":"spring.jpa.open-in-view is enabled by default. Therefore, database queries may be performed during view rendering. Explicitly configure spring.jpa.open-in-view to disable this warning"}
{"@timestamp":"2025-10-22T20:10:01.1564199+03:00","level":"INFO","thread_name":"Test worker","message":"Initializing Spring TestDispatcherServlet ''"}
{"@timestamp":"2025-10-22T20:10:01.1564199+03:00","level":"INFO","thread_name":"Test worker","message":"Initializing Servlet ''"}
{"@timestamp":"2025-10-22T20:10:01.1674211+03:00","level":"INFO","thread_name":"Test worker","message":"Exposing 1 endpoint beneath base path '/actuator'"}
{"@timestamp":"2025-10-22T20:10:01.1881102+03:00","level":"INFO","thread_name":"Test worker","message":"Completed initialization in 32 ms"}
{"@timestamp":"2025-10-22T20:10:02.4220678+03:00","level":"INFO","thread_name":"Test worker","message":"Cannot determine local hostname"}
{"@timestamp":"2025-10-22T20:10:02.4440322+03:00","level":"INFO","thread_name":"Test worker","message":"Eureka HTTP Client uses RestTemplate."}
{"@timestamp":"2025-10-22T20:10:02.5503446+03:00","level":"WARN","thread_name":"Test worker","message":"Spring Cloud LoadBalancer is currently working with the default cache. While this cache implementation is useful for development and tests, it's recommended to use Caffeine cache in production.You can switch to using Caffeine cache, by adding it and org.springframework.cache.caffeine.CaffeineCacheManager to the classpath."}
{"@timestamp":"2025-10-22T20:10:02.8212416+03:00","level":"INFO","thread_name":"Test worker","message":"Starting ProtocolHandler [\"http-nio-auto-1\"]"}
{"@timestamp":"2025-10-22T20:10:02.8322414+03:00","level":"INFO","thread_name":"Test worker","message":"Tomcat started on port 54931 (http) with context path '/'"}
{"@timestamp":"2025-10-22T20:10:03.936232+03:00","level":"INFO","thread_name":"Test worker","message":"Cannot determine local hostname"}
{"@timestamp":"2025-10-22T20:10:03.965204+03:00","level":"INFO","thread_name":"Test worker","message":"Started DiscountServiceIntegrationTest in 13.629 seconds (process running for 17.024)"}
{"@timestamp":"2025-10-22T20:10:09.7667502+03:00","level":"INFO","thread_name":"Test worker","batchSize":"2","op":"getDiscounts","message":"Get discounts: returned 2"}
{"@timestamp":"2025-10-22T20:15:37.2028621+03:00","level":"INFO","thread_name":"Test worker","message":"Starting DiscountServiceIntegrationTest using Java 17.0.10 with PID 46812 (started by kirin in C:\\Users\\kirin\\IdeaProjects\\shop\\discount-api)"}
{"@timestamp":"2025-10-22T20:15:37.2028621+03:00","level":"INFO","thread_name":"Test worker","message":"The following 1 profile is active: \"test\""}
{"@timestamp":"2025-10-22T20:15:37.3680803+03:00","level":"INFO","thread_name":"Test worker","message":"Fetching config from server at : http://localhost:8888"}
{"@timestamp":"2025-10-22T20:15:37.3680803+03:00","level":"INFO","thread_name":"Test worker","message":"Exception on Url - http://localhost:8888:org.springframework.web.client.ResourceAccessException: I/O error on GET request for \"http://localhost:8888/discount-api/test\": Connection refused: no further information. Will be trying the next url if available"}
{"@timestamp":"2025-10-22T20:15:37.3680803+03:00","level":"WARN","thread_name":"Test worker","message":"Could not locate PropertySource ([ConfigServerConfigDataResource@1bee0085 uris = array<String>['http://localhost:8888'], optional = true, profiles = 'test']): I/O error on GET request for \"http://localhost:8888/discount-api/test\": Connection refused: no further information"}
{"@timestamp":"2025-10-22T20:15:37.3680803+03:00","level":"INFO","thread_name":"Test worker","message":"Fetching config from server at : http://localhost:8888"}
{"@timestamp":"2025-10-22T20:15:37.3680803+03:00","level":"INFO","thread_name":"Test worker","message":"Exception on Url - http://localhost:8888:org.springframework.web.client.ResourceAccessException: I/O error on GET request for \"http://localhost:8888/discount-api/default\": Connection refused: no further information. Will be trying the next url if available"}
{"@timestamp":"2025-10-22T20:15:37.3680803+03:00","level":"WARN","thread_name":"Test worker","message":"Could not locate PropertySource ([ConfigServerConfigDataResource@16e1219f uris = array<String>['http://localhost:8888'], optional = true, profiles = 'default']): I/O error on GET request for \"http://localhost:8888/discount-api/default\": Connection refused: no further information"}
{"@timestamp":"2025-10-22T20:15:38.2863086+03:00","level":"INFO","thread_name":"Test worker","message":"Multiple Spring Data modules found, entering strict repository configuration mode"}
{"@timestamp":"2025-10-22T20:15:38.288318+03:00","level":"INFO","thread_name":"Test worker","message":"Bootstrapping Spring Data JPA repositories in DEFAULT mode."}
{"@timestamp":"2025-10-22T20:15:38.4073082+03:00","level":"INFO","thread_name":"Test worker","message":"Finished Spring Data repository scanning in 109 ms. Found 1 JPA repository interface."}
{"@timestamp":"2025-10-22T20:15:38.4203134+03:00","level":"INFO","thread_name":"Test worker","message":"Multiple Spring Data modules found, entering strict repository configuration mode"}
{"@timestamp":"2025-10-22T20:15:38.4223214+03:00","level":"INFO","thread_name":"Test worker","message":"Bootstrapping Spring Data Redis repositories in DEFAULT mode."}
{"@timestamp":"2025-10-22T20:15:38.4360028+03:00","level":"INFO","thread_name":"Test worker","message":"Spring Data Redis - Could not safely identify store assignment for repository candidate interface ru.innotech.discountapi.adapters.repository.DiscountRepository; If you want this repository to be a Redis repository, consider annotating your entities with one of these annotations: org.springframework.data.redis.core.RedisHash (preferred), or consider extending one of the following types with your repository: org.springframework.data.keyvalue.repository.KeyValueRepository"}
{"@timestamp":"2025-10-22T20:15:38.4360028+03:00","level":"INFO","thread_name":"Test worker","message":"Finished Spring Data repository scanning in 5 ms. Found 0 Redis repository interfaces."}
{"@timestamp":"2025-10-22T20:15:38.7216319+03:00","level":"INFO","thread_name":"Test worker","message":"BeanFactory id=5f65a9f4-bb1b-3dad-b83f-2546f0139140"}
{"@timestamp":"2025-10-22T20:15:39.4932612+03:00","level":"INFO","thread_name":"Test worker","message":"Tomcat initialized with port 0 (http)"}
{"@timestamp":"2025-10-22T20:15:39.5052579+03:00","level":"INFO","thread_name":"Test worker","message":"Initializing ProtocolHandler [\"http-nio-auto-1\"]"}
{"@timestamp":"2025-10-22T20:15:39.5072578+03:00","level":"INFO","thread_name":"Test worker","message":"Starting service [Tomcat]"}
{"@timestamp":"2025-10-22T20:15:39.5072578+03:00","level":"INFO","thread_name":"Test worker","message":"Starting Servlet engine: [Apache Tomcat/10.1.44]"}
{"@timestamp":"2025-10-22T20:15:39.5811779+03:00","level":"INFO","thread_name":"Test worker","message":"Initializing Spring embedded WebApplicationContext"}
{"@timestamp":"2025-10-22T20:15:39.5811779+03:00","level":"INFO","thread_name":"Test worker","message":"Root WebApplicationContext: initialization completed in 2209 ms"}
{"@timestamp":"2025-10-22T20:15:40.3715441+03:00","level":"INFO","thread_name":"Test worker","message":"HHH000204: Processing PersistenceUnitInfo [name: default]"}
{"@timestamp":"2025-10-22T20:15:40.4215145+03:00","level":"INFO","thread_name":"Test worker","message":"HHH000412: Hibernate ORM core version 6.6.26.Final"}
{"@timestamp":"2025-10-22T20:15:40.4505421+03:00","level":"INFO","thread_name":"Test worker","message":"HHH000026: Second-level cache disabled"}
{"@timestamp":"2025-10-22T20:15:40.6628616+03:00","level":"INFO","thread_name":"Test worker","message":"No LoadTimeWeaver setup: ignoring JPA class transformer"}
{"@timestamp":"2025-10-22T20:15:40.6856493+03:00","level":"INFO","thread_name":"Test worker","message":"HikariPool-1 - Starting..."}
{"@timestamp":"2025-10-22T20:15:40.7448264+03:00","level":"INFO","thread_name":"Test worker","message":"HikariPool-1 - Added connection org.postgresql.jdbc.PgConnection@ad7d724"}
{"@timestamp":"2025-10-22T20:15:40.7453504+03:00","level":"INFO","thread_name":"Test worker","message":"HikariPool-1 - Start completed."}
{"@timestamp":"2025-10-22T20:15:40.7974659+03:00","level":"INFO","thread_name":"Test worker","message":"HHH10001005: Database info:\n\tDatabase JDBC URL [Connecting through datasource 'HikariDataSource (HikariPool-1)']\n\tDatabase driver: undefined/unknown\n\tDatabase version: 12.3\n\tAutocommit mode: undefined/unknown\n\tIsolation level: undefined/unknown\n\tMinimum pool size: undefined/unknown\n\tMaximum pool size: undefined/unknown"}
{"@timestamp":"2025-10-22T20:15:41.3851547+03:00","level":"INFO","thread_name":"Test worker","message":"HHH000489: No JTA platform available (set 'hibernate.transaction.jta.platform' to enable JTA platform integration)"}
{"@timestamp":"2025-10-22T20:15:41.4249524+03:00","level":"INFO","thread_name":"Test worker","message":"Initialized JPA EntityManagerFactory for persistence unit 'default'"}
{"@timestamp":"2025-10-22T20:15:43.954537+03:00","level":"WARN","thread_name":"Test worker","message":"spring.jpa.open-in-view is enabled by default. Therefore, database queries may be performed during view rendering. Explicitly configure spring.jpa.open-in-view to disable this warning"}
{"@timestamp":"2025-10-22T20:15:45.9368836+03:00","level":"INFO","thread_name":"Test worker","message":"Initializing Spring TestDispatcherServlet ''"}
{"@timestamp":"2025-10-22T20:15:45.9368836+03:00","level":"INFO","thread_name":"Test worker","message":"Initializing Servlet ''"}
{"@timestamp":"2025-10-22T20:15:45.9478764+03:00","level":"INFO","thread_name":"Test worker","message":"Exposing 1 endpoint beneath base path '/actuator'"}
{"@timestamp":"2025-10-22T20:15:45.9826946+03:00","level":"INFO","thread_name":"Test worker","message":"Completed initialization in 45 ms"}
{"@timestamp":"2025-10-22T20:15:47.1309058+03:00","level":"INFO","thread_name":"Test worker","message":"Cannot determine local hostname"}
{"@timestamp":"2025-10-22T20:15:47.1633184+03:00","level":"INFO","thread_name":"Test worker","message":"Eureka HTTP Client uses RestTemplate."}
{"@timestamp":"2025-10-22T20:15:47.2708358+03:00","level":"WARN","thread_name":"Test worker","message":"Spring Cloud LoadBalancer is currently working with the default cache. While this cache implementation is useful for development and tests, it's recommended to use Caffeine cache in production.You can switch to using Caffeine cache, by adding it and org.springframework.cache.caffeine.CaffeineCacheManager to the classpath."}
{"@timestamp":"2025-10-22T20:15:47.5433032+03:00","level":"INFO","thread_name":"Test worker","message":"Starting ProtocolHandler [\"http-nio-auto-1\"]"}
{"@timestamp":"2025-10-22T20:15:47.5531609+03:00","level":"INFO","thread_name":"Test worker","message":"Tomcat started on port 55036 (http) with context path '/'"}
{"@timestamp":"2025-10-22T20:15:48.6540381+03:00","level":"INFO","thread_name":"Test worker","message":"Cannot determine local hostname"}
{"@timestamp":"2025-10-22T20:15:48.7140364+03:00","level":"INFO","thread_name":"Test worker","message":"Started DiscountServiceIntegrationTest in 13.318 seconds (process running for 16.49)"}
{"@timestamp":"2025-10-22T20:15:49.9963844+03:00","level":"INFO","thread_name":"Test worker","batchSize":"2","op":"getDiscounts","message":"Get discounts: returned 2"}
{"@timestamp":"2025-10-22T20:15:50.2517056+03:00","level":"INFO","thread_name":"lettuce-eventExecutorLoop-1-1","message":"Reconnecting, last destination was localhost/127.0.0.1:55020"}
{"@timestamp":"2025-10-22T20:15:50.2586357+03:00","level":"WARN","thread_name":"lettuce-nioEventLoop-4-2","message":"Cannot reconnect to [localhost/<unresolved>:55020]: Connection closed prematurely"}
{"@timestamp":"2025-10-22T20:15:50.6100178+03:00","level":"INFO","thread_name":"SpringApplicationShutdownHook","message":"Commencing graceful shutdown. Waiting for active requests to complete"}
{"@timestamp":"2025-10-22T20:15:50.883688+03:00","level":"INFO","thread_name":"tomcat-shutdown","message":"Graceful shutdown complete"}
{"@timestamp":"2025-10-22T20:15:50.9545087+03:00","level":"INFO","thread_name":"SpringApplicationShutdownHook","message":"Closing JPA EntityManagerFactory for persistence unit 'default'"}
{"@timestamp":"2025-10-22T20:15:50.9575099+03:00","level":"INFO","thread_name":"SpringApplicationShutdownHook","message":"HikariPool-1 - Shutdown initiated..."}
{"@timestamp":"2025-10-22T20:15:50.9615091+03:00","level":"INFO","thread_name":"SpringApplicationShutdownHook","message":"HikariPool-1 - Shutdown completed."}
{"@timestamp":"2025-10-22T20:16:07.82776+03:00","level":"INFO","thread_name":"Test worker","message":"Starting DiscountServiceIntegrationTest using Java 17.0.10 with PID 38176 (started by kirin in C:\\Users\\kirin\\IdeaProjects\\shop\\discount-api)"}
{"@timestamp":"2025-10-22T20:16:07.8287608+03:00","level":"INFO","thread_name":"Test worker","message":"The following 1 profile is active: \"test\""}
{"@timestamp":"2025-10-22T20:16:08.0147678+03:00","level":"INFO","thread_name":"Test worker","message":"Fetching config from server at : http://localhost:8888"}
{"@timestamp":"2025-10-22T20:16:08.0147678+03:00","level":"INFO","thread_name":"Test worker","message":"Exception on Url - http://localhost:8888:org.springframework.web.client.ResourceAccessException: I/O error on GET request for \"http://localhost:8888/discount-api/test\": Connection refused: no further information. Will be trying the next url if available"}
{"@timestamp":"2025-10-22T20:16:08.0147678+03:00","level":"WARN","thread_name":"Test worker","message":"Could not locate PropertySource ([ConfigServerConfigDataResource@646d810b uris = array<String>['http://localhost:8888'], optional = true, profiles = 'test']): I/O error on GET request for \"http://localhost:8888/discount-api/test\": Connection refused: no further information"}
{"@timestamp":"2025-10-22T20:16:08.0147678+03:00","level":"INFO","thread_name":"Test worker","message":"Fetching config from server at : http://localhost:8888"}
{"@timestamp":"2025-10-22T20:16:08.0147678+03:00","level":"INFO","thread_name":"Test worker","message":"Exception on Url - http://localhost:8888:org.springframework.web.client.ResourceAccessException: I/O error on GET request for \"http://localhost:8888/discount-api/default\": Connection refused: no further information. Will be trying the next url if available"}
{"@timestamp":"2025-10-22T20:16:08.0147678+03:00","level":"WARN","thread_name":"Test worker","message":"Could not locate PropertySource ([ConfigServerConfigDataResource@30508066 uris = array<String>['http://localhost:8888'], optional = true, profiles = 'default']): I/O error on GET request for \"http://localhost:8888/discount-api/default\": Connection refused: no further information"}
{"@timestamp":"2025-10-22T20:16:09.0620931+03:00","level":"INFO","thread_name":"Test worker","message":"Multiple Spring Data modules found, entering strict repository configuration mode"}
{"@timestamp":"2025-10-22T20:16:09.0640936+03:00","level":"INFO","thread_name":"Test worker","message":"Bootstrapping Spring Data JPA repositories in DEFAULT mode."}
{"@timestamp":"2025-10-22T20:16:09.202781+03:00","level":"INFO","thread_name":"Test worker","message":"Finished Spring Data repository scanning in 101 ms. Found 1 JPA repository interface."}
{"@timestamp":"2025-10-22T20:16:09.2219525+03:00","level":"INFO","thread_name":"Test worker","message":"Multiple Spring Data modules found, entering strict repository configuration mode"}
{"@timestamp":"2025-10-22T20:16:09.224953+03:00","level":"INFO","thread_name":"Test worker","message":"Bootstrapping Spring Data Redis repositories in DEFAULT mode."}
{"@timestamp":"2025-10-22T20:16:09.250921+03:00","level":"INFO","thread_name":"Test worker","message":"Spring Data Redis - Could not safely identify store assignment for repository candidate interface ru.innotech.discountapi.adapters.repository.DiscountRepository; If you want this repository to be a Redis repository, consider annotating your entities with one of these annotations: org.springframework.data.redis.core.RedisHash (preferred), or consider extending one of the following types with your repository: org.springframework.data.keyvalue.repository.KeyValueRepository"}
{"@timestamp":"2025-10-22T20:16:09.250921+03:00","level":"INFO","thread_name":"Test worker","message":"Finished Spring Data repository scanning in 12 ms. Found 0 Redis repository interfaces."}
{"@timestamp":"2025-10-22T20:16:09.5882089+03:00","level":"INFO","thread_name":"Test worker","message":"BeanFactory id=5f65a9f4-bb1b-3dad-b83f-2546f0139140"}
{"@timestamp":"2025-10-22T20:16:10.3984298+03:00","level":"INFO","thread_name":"Test worker","message":"Tomcat initialized with port 0 (http)"}
{"@timestamp":"2025-10-22T20:16:10.4094277+03:00","level":"INFO","thread_name":"Test worker","message":"Initializing ProtocolHandler [\"http-nio-auto-1\"]"}
{"@timestamp":"2025-10-22T20:16:10.4114317+03:00","level":"INFO","thread_name":"Test worker","message":"Starting service [Tomcat]"}
{"@timestamp":"2025-10-22T20:16:10.4114317+03:00","level":"INFO","thread_name":"Test worker","message":"Starting Servlet engine: [Apache Tomcat/10.1.44]"}
{"@timestamp":"2025-10-22T20:16:10.4874612+03:00","level":"INFO","thread_name":"Test worker","message":"Initializing Spring embedded WebApplicationContext"}
{"@timestamp":"2025-10-22T20:16:10.4874612+03:00","level":"INFO","thread_name":"Test worker","message":"Root WebApplicationContext: initialization completed in 2468 ms"}
{"@timestamp":"2025-10-22T20:16:11.1430305+03:00","level":"INFO","thread_name":"Test worker","message":"HHH000204: Processing PersistenceUnitInfo [name: default]"}
{"@timestamp":"2025-10-22T20:16:11.1928726+03:00","level":"INFO","thread_name":"Test worker","message":"HHH000412: Hibernate ORM core version 6.6.26.Final"}
{"@timestamp":"2025-10-22T20:16:11.2208061+03:00","level":"INFO","thread_name":"Test worker","message":"HHH000026: Second-level cache disabled"}
{"@timestamp":"2025-10-22T20:16:11.4350467+03:00","level":"INFO","thread_name":"Test worker","message":"No LoadTimeWeaver setup: ignoring JPA class transformer"}
{"@timestamp":"2025-10-22T20:16:11.4740385+03:00","level":"INFO","thread_name":"Test worker","message":"HikariPool-1 - Starting..."}
{"@timestamp":"2025-10-22T20:16:11.5368977+03:00","level":"INFO","thread_name":"Test worker","message":"HikariPool-1 - Added connection org.postgresql.jdbc.PgConnection@48dbf9d"}
{"@timestamp":"2025-10-22T20:16:11.5380071+03:00","level":"INFO","thread_name":"Test worker","message":"HikariPool-1 - Start completed."}
{"@timestamp":"2025-10-22T20:16:11.5864321+03:00","level":"INFO","thread_name":"Test worker","message":"HHH10001005: Database info:\n\tDatabase JDBC URL [Connecting through datasource 'HikariDataSource (HikariPool-1)']\n\tDatabase driver: undefined/unknown\n\tDatabase version: 12.3\n\tAutocommit mode: undefined/unknown\n\tIsolation level: undefined/unknown\n\tMinimum pool size: undefined/unknown\n\tMaximum pool size: undefined/unknown"}
{"@timestamp":"2025-10-22T20:16:12.1671216+03:00","level":"INFO","thread_name":"Test worker","message":"HHH000489: No JTA platform available (set 'hibernate.transaction.jta.platform' to enable JTA platform integration)"}
{"@timestamp":"2025-10-22T20:16:12.203738+03:00","level":"INFO","thread_name":"Test worker","message":"Initialized JPA EntityManagerFactory for persistence unit 'default'"}
{"@timestamp":"2025-10-22T20:16:14.7006696+03:00","level":"WARN","thread_name":"Test worker","message":"spring.jpa.open-in-view is enabled by default. Therefore, database queries may be performed during view rendering. Explicitly configure spring.jpa.open-in-view to disable this warning"}
{"@timestamp":"2025-10-22T20:16:16.6608359+03:00","level":"INFO","thread_name":"Test worker","message":"Initializing Spring TestDispatcherServlet ''"}
{"@timestamp":"2025-10-22T20:16:16.6608359+03:00","level":"INFO","thread_name":"Test worker","message":"Initializing Servlet ''"}
{"@timestamp":"2025-10-22T20:16:16.6718357+03:00","level":"INFO","thread_name":"Test worker","message":"Exposing 1 endpoint beneath base path '/actuator'"}
{"@timestamp":"2025-10-22T20:16:16.6898354+03:00","level":"INFO","thread_name":"Test worker","message":"Completed initialization in 29 ms"}
{"@timestamp":"2025-10-22T20:16:17.850053+03:00","level":"INFO","thread_name":"Test worker","message":"Cannot determine local hostname"}
{"@timestamp":"2025-10-22T20:16:17.9078483+03:00","level":"INFO","thread_name":"Test worker","message":"Eureka HTTP Client uses RestTemplate."}
{"@timestamp":"2025-10-22T20:16:18.0194414+03:00","level":"WARN","thread_name":"Test worker","message":"Spring Cloud LoadBalancer is currently working with the default cache. While this cache implementation is useful for development and tests, it's recommended to use Caffeine cache in production.You can switch to using Caffeine cache, by adding it and org.springframework.cache.caffeine.CaffeineCacheManager to the classpath."}
{"@timestamp":"2025-10-22T20:16:18.287102+03:00","level":"INFO","thread_name":"Test worker","message":"Starting ProtocolHandler [\"http-nio-auto-1\"]"}
{"@timestamp":"2025-10-22T20:16:18.3030558+03:00","level":"INFO","thread_name":"Test worker","message":"Tomcat started on port 55080 (http) with context path '/'"}
{"@timestamp":"2025-10-22T20:16:19.4203458+03:00","level":"INFO","thread_name":"Test worker","message":"Cannot determine local hostname"}
{"@timestamp":"2025-10-22T20:16:19.4472836+03:00","level":"INFO","thread_name":"Test worker","message":"Started DiscountServiceIntegrationTest in 13.479 seconds (process running for 16.677)"}
{"@timestamp":"2025-10-22T20:16:20.1068638+03:00","level":"INFO","thread_name":"Test worker","batchSize":"2","op":"getDiscounts","message":"Get discounts: returned 2"}
{"@timestamp":"2025-10-22T20:16:20.2588023+03:00","level":"INFO","thread_name":"lettuce-eventExecutorLoop-1-1","message":"Reconnecting, last destination was localhost/127.0.0.1:55063"}
{"@timestamp":"2025-10-22T20:16:20.2641208+03:00","level":"WARN","thread_name":"lettuce-nioEventLoop-4-2","message":"Cannot reconnect to [localhost/<unresolved>:55063]: Connection closed prematurely"}
{"@timestamp":"2025-10-22T20:16:20.6738858+03:00","level":"INFO","thread_name":"SpringApplicationShutdownHook","message":"Commencing graceful shutdown. Waiting for active requests to complete"}
{"@timestamp":"2025-10-22T20:16:20.8892574+03:00","level":"INFO","thread_name":"tomcat-shutdown","message":"Graceful shutdown complete"}
{"@timestamp":"2025-10-22T20:16:20.902071+03:00","level":"INFO","thread_name":"SpringApplicationShutdownHook","message":"Closing JPA EntityManagerFactory for persistence unit 'default'"}
{"@timestamp":"2025-10-22T20:16:20.9031225+03:00","level":"INFO","thread_name":"SpringApplicationShutdownHook","message":"HikariPool-1 - Shutdown initiated..."}
{"@timestamp":"2025-10-22T20:16:20.9052327+03:00","level":"INFO","thread_name":"SpringApplicationShutdownHook","message":"HikariPool-1 - Shutdown completed."}
{"@timestamp":"2025-10-22T20:17:50.2700794+03:00","level":"INFO","thread_name":"Test worker","message":"Starting DiscountServiceIntegrationTest using Java 17.0.10 with PID 25504 (started by kirin in C:\\Users\\kirin\\IdeaProjects\\shop\\discount-api)"}
{"@timestamp":"2025-10-22T20:17:50.2710787+03:00","level":"INFO","thread_name":"Test worker","message":"The following 1 profile is active: \"test\""}
{"@timestamp":"2025-10-22T20:17:50.442078+03:00","level":"INFO","thread_name":"Test worker","message":"Fetching config from server at : http://localhost:8888"}
{"@timestamp":"2025-10-22T20:17:50.442078+03:00","level":"INFO","thread_name":"Test worker","message":"Exception on Url - http://localhost:8888:org.springframework.web.client.ResourceAccessException: I/O error on GET request for \"http://localhost:8888/discount-api/test\": Connection refused: no further information. Will be trying the next url if available"}
{"@timestamp":"2025-10-22T20:17:50.4430787+03:00","level":"WARN","thread_name":"Test worker","message":"Could not locate PropertySource ([ConfigServerConfigDataResource@1bee0085 uris = array<String>['http://localhost:8888'], optional = true, profiles = 'test']): I/O error on GET request for \"http://localhost:8888/discount-api/test\": Connection refused: no further information"}
{"@timestamp":"2025-10-22T20:17:50.4430787+03:00","level":"INFO","thread_name":"Test worker","message":"Fetching config from server at : http://localhost:8888"}
{"@timestamp":"2025-10-22T20:17:50.4430787+03:00","level":"INFO","thread_name":"Test worker","message":"Exception on Url - http://localhost:8888:org.springframework.web.client.ResourceAccessException: I/O error on GET request for \"http://localhost:8888/discount-api/default\": Connection refused: no further information. Will be trying the next url if available"}
{"@timestamp":"2025-10-22T20:17:50.4430787+03:00","level":"WARN","thread_name":"Test worker","message":"Could not locate PropertySource ([ConfigServerConfigDataResource@16e1219f uris = array<String>['http://localhost:8888'], optional = true, profiles = 'default']): I/O error on GET request for \"http://localhost:8888/discount-api/default\": Connection refused: no further information"}
{"@timestamp":"2025-10-22T20:17:51.3496244+03:00","level":"INFO","thread_name":"Test worker","message":"Multiple Spring Data modules found, entering strict repository configuration mode"}
{"@timestamp":"2025-10-22T20:17:51.3516231+03:00","level":"INFO","thread_name":"Test worker","message":"Bootstrapping Spring Data JPA repositories in DEFAULT mode."}
{"@timestamp":"2025-10-22T20:17:51.4716553+03:00","level":"INFO","thread_name":"Test worker","message":"Finished Spring Data repository scanning in 111 ms. Found 1 JPA repository interface."}
{"@timestamp":"2025-10-22T20:17:51.4856258+03:00","level":"INFO","thread_name":"Test worker","message":"Multiple Spring Data modules found, entering strict repository configuration mode"}
{"@timestamp":"2025-10-22T20:17:51.4876259+03:00","level":"INFO","thread_name":"Test worker","message":"Bootstrapping Spring Data Redis repositories in DEFAULT mode."}
{"@timestamp":"2025-10-22T20:17:51.5094654+03:00","level":"INFO","thread_name":"Test worker","message":"Spring Data Redis - Could not safely identify store assignment for repository candidate interface ru.innotech.discountapi.adapters.repository.DiscountRepository; If you want this repository to be a Redis repository, consider annotating your entities with one of these annotations: org.springframework.data.redis.core.RedisHash (preferred), or consider extending one of the following types with your repository: org.springframework.data.keyvalue.repository.KeyValueRepository"}
{"@timestamp":"2025-10-22T20:17:51.5094654+03:00","level":"INFO","thread_name":"Test worker","message":"Finished Spring Data repository scanning in 6 ms. Found 0 Redis repository interfaces."}
{"@timestamp":"2025-10-22T20:17:51.8167189+03:00","level":"INFO","thread_name":"Test worker","message":"BeanFactory id=5f65a9f4-bb1b-3dad-b83f-2546f0139140"}
{"@timestamp":"2025-10-22T20:17:52.708219+03:00","level":"INFO","thread_name":"Test worker","message":"Tomcat initialized with port 0 (http)"}
{"@timestamp":"2025-10-22T20:17:52.7208674+03:00","level":"INFO","thread_name":"Test worker","message":"Initializing ProtocolHandler [\"http-nio-auto-1\"]"}
{"@timestamp":"2025-10-22T20:17:52.7229028+03:00","level":"INFO","thread_name":"Test worker","message":"Starting service [Tomcat]"}
{"@timestamp":"2025-10-22T20:17:52.7229028+03:00","level":"INFO","thread_name":"Test worker","message":"Starting Servlet engine: [Apache Tomcat/10.1.44]"}
{"@timestamp":"2025-10-22T20:17:52.8014948+03:00","level":"INFO","thread_name":"Test worker","message":"Initializing Spring embedded WebApplicationContext"}
{"@timestamp":"2025-10-22T20:17:52.8014948+03:00","level":"INFO","thread_name":"Test worker","message":"Root WebApplicationContext: initialization completed in 2354 ms"}
{"@timestamp":"2025-10-22T20:17:53.5989171+03:00","level":"INFO","thread_name":"Test worker","message":"HHH000204: Processing PersistenceUnitInfo [name: default]"}
{"@timestamp":"2025-10-22T20:17:53.6469553+03:00","level":"INFO","thread_name":"Test worker","message":"HHH000412: Hibernate ORM core version 6.6.26.Final"}
{"@timestamp":"2025-10-22T20:17:53.6746727+03:00","level":"INFO","thread_name":"Test worker","message":"HHH000026: Second-level cache disabled"}
{"@timestamp":"2025-10-22T20:17:53.8963037+03:00","level":"INFO","thread_name":"Test worker","message":"No LoadTimeWeaver setup: ignoring JPA class transformer"}
{"@timestamp":"2025-10-22T20:17:53.9189484+03:00","level":"INFO","thread_name":"Test worker","message":"HikariPool-1 - Starting..."}
{"@timestamp":"2025-10-22T20:17:53.9801533+03:00","level":"INFO","thread_name":"Test worker","message":"HikariPool-1 - Added connection org.postgresql.jdbc.PgConnection@1bbbede1"}
{"@timestamp":"2025-10-22T20:17:53.9811998+03:00","level":"INFO","thread_name":"Test worker","message":"HikariPool-1 - Start completed."}
{"@timestamp":"2025-10-22T20:17:54.0340773+03:00","level":"INFO","thread_name":"Test worker","message":"HHH10001005: Database info:\n\tDatabase JDBC URL [Connecting through datasource 'HikariDataSource (HikariPool-1)']\n\tDatabase driver: undefined/unknown\n\tDatabase version: 12.3\n\tAutocommit mode: undefined/unknown\n\tIsolation level: undefined/unknown\n\tMinimum pool size: undefined/unknown\n\tMaximum pool size: undefined/unknown"}
{"@timestamp":"2025-10-22T20:17:54.6438461+03:00","level":"INFO","thread_name":"Test worker","message":"HHH000489: No JTA platform available (set 'hibernate.transaction.jta.platform' to enable JTA platform integration)"}
{"@timestamp":"2025-10-22T20:17:54.6776032+03:00","level":"INFO","thread_name":"Test worker","message":"Initialized JPA EntityManagerFactory for persistence unit 'default'"}
{"@timestamp":"2025-10-22T20:17:57.1581786+03:00","level":"WARN","thread_name":"Test worker","message":"spring.jpa.open-in-view is enabled by default. Therefore, database queries may be performed during view rendering. Explicitly configure spring.jpa.open-in-view to disable this warning"}
{"@timestamp":"2025-10-22T20:17:58.9933556+03:00","level":"INFO","thread_name":"Test worker","message":"Initializing Spring TestDispatcherServlet ''"}
{"@timestamp":"2025-10-22T20:17:58.9943555+03:00","level":"INFO","thread_name":"Test worker","message":"Initializing Servlet ''"}
{"@timestamp":"2025-10-22T20:17:59.0040119+03:00","level":"INFO","thread_name":"Test worker","message":"Exposing 1 endpoint beneath base path '/actuator'"}
{"@timestamp":"2025-10-22T20:17:59.0247317+03:00","level":"INFO","thread_name":"Test worker","message":"Completed initialization in 30 ms"}
{"@timestamp":"2025-10-22T20:18:00.1675518+03:00","level":"INFO","thread_name":"Test worker","message":"Cannot determine local hostname"}
{"@timestamp":"2025-10-22T20:18:00.2045519+03:00","level":"INFO","thread_name":"Test worker","message":"Eureka HTTP Client uses RestTemplate."}
{"@timestamp":"2025-10-22T20:18:00.2931921+03:00","level":"WARN","thread_name":"Test worker","message":"Spring Cloud LoadBalancer is currently working with the default cache. While this cache implementation is useful for development and tests, it's recommended to use Caffeine cache in production.You can switch to using Caffeine cache, by adding it and org.springframework.cache.caffeine.CaffeineCacheManager to the classpath."}
{"@timestamp":"2025-10-22T20:18:00.5312689+03:00","level":"INFO","thread_name":"Test worker","message":"Starting ProtocolHandler [\"http-nio-auto-1\"]"}
{"@timestamp":"2025-10-22T20:18:00.5412695+03:00","level":"INFO","thread_name":"Test worker","message":"Tomcat started on port 55134 (http) with context path '/'"}
{"@timestamp":"2025-10-22T20:18:01.6490537+03:00","level":"INFO","thread_name":"Test worker","message":"Cannot determine local hostname"}
{"@timestamp":"2025-10-22T20:18:01.6750261+03:00","level":"INFO","thread_name":"Test worker","message":"Started DiscountServiceIntegrationTest in 13.257 seconds (process running for 16.478)"}
{"@timestamp":"2025-10-22T20:18:02.3297379+03:00","level":"INFO","thread_name":"Test worker","batchSize":"2","op":"getDiscounts","message":"Get discounts: returned 2"}
{"@timestamp":"2025-10-22T20:18:02.5233496+03:00","level":"INFO","thread_name":"lettuce-eventExecutorLoop-1-1","message":"Reconnecting, last destination was localhost/127.0.0.1:55120"}
{"@timestamp":"2025-10-22T20:18:02.5327729+03:00","level":"WARN","thread_name":"lettuce-nioEventLoop-4-2","message":"Cannot reconnect to [localhost/<unresolved>:55120]: Connection closed prematurely"}
{"@timestamp":"2025-10-22T20:18:02.9563563+03:00","level":"INFO","thread_name":"SpringApplicationShutdownHook","message":"Commencing graceful shutdown. Waiting for active requests to complete"}
{"@timestamp":"2025-10-22T20:18:03.1508284+03:00","level":"INFO","thread_name":"tomcat-shutdown","message":"Graceful shutdown complete"}
{"@timestamp":"2025-10-22T20:18:03.173165+03:00","level":"INFO","thread_name":"SpringApplicationShutdownHook","message":"Closing JPA EntityManagerFactory for persistence unit 'default'"}
{"@timestamp":"2025-10-22T20:18:03.1753181+03:00","level":"INFO","thread_name":"SpringApplicationShutdownHook","message":"HikariPool-1 - Shutdown initiated..."}
{"@timestamp":"2025-10-22T20:18:03.1771639+03:00","level":"INFO","thread_name":"SpringApplicationShutdownHook","message":"HikariPool-1 - Shutdown completed."}
{"@timestamp":"2025-10-22T20:21:24.9859035+03:00","level":"INFO","thread_name":"Test worker","message":"Starting DiscountServiceIntegrationTest using Java 17.0.10 with PID 45556 (started by kirin in C:\\Users\\kirin\\IdeaProjects\\shop\\discount-api)"}
{"@timestamp":"2025-10-22T20:21:24.9859035+03:00","level":"INFO","thread_name":"Test worker","message":"The following 1 profile is active: \"test\""}
{"@timestamp":"2025-10-22T20:21:25.1353053+03:00","level":"INFO","thread_name":"Test worker","message":"Fetching config from server at : http://localhost:8888"}
{"@timestamp":"2025-10-22T20:21:25.1353053+03:00","level":"INFO","thread_name":"Test worker","message":"Exception on Url - http://localhost:8888:org.springframework.web.client.ResourceAccessException: I/O error on GET request for \"http://localhost:8888/discount-api/test\": Connection refused: no further information. Will be trying the next url if available"}
{"@timestamp":"2025-10-22T20:21:25.1353053+03:00","level":"WARN","thread_name":"Test worker","message":"Could not locate PropertySource ([ConfigServerConfigDataResource@1bee0085 uris = array<String>['http://localhost:8888'], optional = true, profiles = 'test']): I/O error on GET request for \"http://localhost:8888/discount-api/test\": Connection refused: no further information"}
{"@timestamp":"2025-10-22T20:21:25.136305+03:00","level":"INFO","thread_name":"Test worker","message":"Fetching config from server at : http://localhost:8888"}
{"@timestamp":"2025-10-22T20:21:25.136305+03:00","level":"INFO","thread_name":"Test worker","message":"Exception on Url - http://localhost:8888:org.springframework.web.client.ResourceAccessException: I/O error on GET request for \"http://localhost:8888/discount-api/default\": Connection refused: no further information. Will be trying the next url if available"}
{"@timestamp":"2025-10-22T20:21:25.136305+03:00","level":"WARN","thread_name":"Test worker","message":"Could not locate PropertySource ([ConfigServerConfigDataResource@16e1219f uris = array<String>['http://localhost:8888'], optional = true, profiles = 'default']): I/O error on GET request for \"http://localhost:8888/discount-api/default\": Connection refused: no further information"}
{"@timestamp":"2025-10-22T20:21:26.0614983+03:00","level":"INFO","thread_name":"Test worker","message":"Multiple Spring Data modules found, entering strict repository configuration mode"}
{"@timestamp":"2025-10-22T20:21:26.0635015+03:00","level":"INFO","thread_name":"Test worker","message":"Bootstrapping Spring Data JPA repositories in DEFAULT mode."}
{"@timestamp":"2025-10-22T20:21:26.1865421+03:00","level":"INFO","thread_name":"Test worker","message":"Finished Spring Data repository scanning in 112 ms. Found 1 JPA repository interface."}
{"@timestamp":"2025-10-22T20:21:26.2084999+03:00","level":"INFO","thread_name":"Test worker","message":"Multiple Spring Data modules found, entering strict repository configuration mode"}
{"@timestamp":"2025-10-22T20:21:26.2105014+03:00","level":"INFO","thread_name":"Test worker","message":"Bootstrapping Spring Data Redis repositories in DEFAULT mode."}
{"@timestamp":"2025-10-22T20:21:26.2314218+03:00","level":"INFO","thread_name":"Test worker","message":"Spring Data Redis - Could not safely identify store assignment for repository candidate interface ru.innotech.discountapi.adapters.repository.DiscountRepository; If you want this repository to be a Redis repository, consider annotating your entities with one of these annotations: org.springframework.data.redis.core.RedisHash (preferred), or consider extending one of the following types with your repository: org.springframework.data.keyvalue.repository.KeyValueRepository"}
{"@timestamp":"2025-10-22T20:21:26.2314218+03:00","level":"INFO","thread_name":"Test worker","message":"Finished Spring Data repository scanning in 6 ms. Found 0 Redis repository interfaces."}
{"@timestamp":"2025-10-22T20:21:26.5218176+03:00","level":"INFO","thread_name":"Test worker","message":"BeanFactory id=5f65a9f4-bb1b-3dad-b83f-2546f0139140"}
{"@timestamp":"2025-10-22T20:21:27.2632915+03:00","level":"INFO","thread_name":"Test worker","message":"Tomcat initialized with port 0 (http)"}
{"@timestamp":"2025-10-22T20:21:27.2762664+03:00","level":"INFO","thread_name":"Test worker","message":"Initializing ProtocolHandler [\"http-nio-auto-1\"]"}
{"@timestamp":"2025-10-22T20:21:27.2782651+03:00","level":"INFO","thread_name":"Test worker","message":"Starting service [Tomcat]"}
{"@timestamp":"2025-10-22T20:21:27.279299+03:00","level":"INFO","thread_name":"Test worker","message":"Starting Servlet engine: [Apache Tomcat/10.1.44]"}
{"@timestamp":"2025-10-22T20:21:27.3642911+03:00","level":"INFO","thread_name":"Test worker","message":"Initializing Spring embedded WebApplicationContext"}
{"@timestamp":"2025-10-22T20:21:27.3642911+03:00","level":"INFO","thread_name":"Test worker","message":"Root WebApplicationContext: initialization completed in 2224 ms"}
{"@timestamp":"2025-10-22T20:21:28.0856199+03:00","level":"INFO","thread_name":"Test worker","message":"HHH000204: Processing PersistenceUnitInfo [name: default]"}
{"@timestamp":"2025-10-22T20:21:28.1336193+03:00","level":"INFO","thread_name":"Test worker","message":"HHH000412: Hibernate ORM core version 6.6.26.Final"}
{"@timestamp":"2025-10-22T20:21:28.1586484+03:00","level":"INFO","thread_name":"Test worker","message":"HHH000026: Second-level cache disabled"}
{"@timestamp":"2025-10-22T20:21:28.3584497+03:00","level":"INFO","thread_name":"Test worker","message":"No LoadTimeWeaver setup: ignoring JPA class transformer"}
{"@timestamp":"2025-10-22T20:21:28.3894028+03:00","level":"INFO","thread_name":"Test worker","message":"HikariPool-1 - Starting..."}
{"@timestamp":"2025-10-22T20:21:28.4560095+03:00","level":"INFO","thread_name":"Test worker","message":"HikariPool-1 - Added connection org.postgresql.jdbc.PgConnection@3cc3914a"}
{"@timestamp":"2025-10-22T20:21:28.4570889+03:00","level":"INFO","thread_name":"Test worker","message":"HikariPool-1 - Start completed."}
{"@timestamp":"2025-10-22T20:21:28.5065005+03:00","level":"INFO","thread_name":"Test worker","message":"HHH10001005: Database info:\n\tDatabase JDBC URL [Connecting through datasource 'HikariDataSource (HikariPool-1)']\n\tDatabase driver: undefined/unknown\n\tDatabase version: 12.3\n\tAutocommit mode: undefined/unknown\n\tIsolation level: undefined/unknown\n\tMinimum pool size: undefined/unknown\n\tMaximum pool size: undefined/unknown"}
{"@timestamp":"2025-10-22T20:21:29.1100976+03:00","level":"INFO","thread_name":"Test worker","message":"HHH000489: No JTA platform available (set 'hibernate.transaction.jta.platform' to enable JTA platform integration)"}
{"@timestamp":"2025-10-22T20:21:29.1438787+03:00","level":"INFO","thread_name":"Test worker","message":"Initialized JPA EntityManagerFactory for persistence unit 'default'"}
{"@timestamp":"2025-10-22T20:21:31.6346582+03:00","level":"WARN","thread_name":"Test worker","message":"spring.jpa.open-in-view is enabled by default. Therefore, database queries may be performed during view rendering. Explicitly configure spring.jpa.open-in-view to disable this warning"}
{"@timestamp":"2025-10-22T20:21:33.6034308+03:00","level":"INFO","thread_name":"Test worker","message":"Initializing Spring TestDispatcherServlet ''"}
{"@timestamp":"2025-10-22T20:21:33.6034308+03:00","level":"INFO","thread_name":"Test worker","message":"Initializing Servlet ''"}
{"@timestamp":"2025-10-22T20:21:33.6144316+03:00","level":"INFO","thread_name":"Test worker","message":"Exposing 1 endpoint beneath base path '/actuator'"}
{"@timestamp":"2025-10-22T20:21:33.6324303+03:00","level":"INFO","thread_name":"Test worker","message":"Completed initialization in 29 ms"}
{"@timestamp":"2025-10-22T20:21:34.8165923+03:00","level":"INFO","thread_name":"Test worker","message":"Cannot determine local hostname"}
{"@timestamp":"2025-10-22T20:21:34.8545491+03:00","level":"INFO","thread_name":"Test worker","message":"Eureka HTTP Client uses RestTemplate."}
{"@timestamp":"2025-10-22T20:21:34.9506047+03:00","level":"WARN","thread_name":"Test worker","message":"Spring Cloud LoadBalancer is currently working with the default cache. While this cache implementation is useful for development and tests, it's recommended to use Caffeine cache in production.You can switch to using Caffeine cache, by adding it and org.springframework.cache.caffeine.CaffeineCacheManager to the classpath."}
{"@timestamp":"2025-10-22T20:21:35.1632363+03:00","level":"INFO","thread_name":"Test worker","message":"Starting ProtocolHandler [\"http-nio-auto-1\"]"}
{"@timestamp":"2025-10-22T20:21:35.1732004+03:00","level":"INFO","thread_name":"Test worker","message":"Tomcat started on port 55312 (http) with context path '/'"}
{"@timestamp":"2025-10-22T20:21:36.2807627+03:00","level":"INFO","thread_name":"Test worker","message":"Cannot determine local hostname"}
{"@timestamp":"2025-10-22T20:21:36.3140463+03:00","level":"INFO","thread_name":"Test worker","message":"Started DiscountServiceIntegrationTest in 13.138 seconds (process running for 16.22)"}
{"@timestamp":"2025-10-22T20:21:36.8984998+03:00","level":"INFO","thread_name":"Test worker","batchSize":"2","op":"getDiscounts","message":"Get discounts: returned 2"}
{"@timestamp":"2025-10-22T20:21:37.0319299+03:00","level":"INFO","thread_name":"lettuce-eventExecutorLoop-1-1","message":"Reconnecting, last destination was localhost/127.0.0.1:55297"}
{"@timestamp":"2025-10-22T20:21:37.0372387+03:00","level":"WARN","thread_name":"lettuce-nioEventLoop-4-2","message":"Cannot reconnect to [localhost/<unresolved>:55297]: Connection closed prematurely"}
{"@timestamp":"2025-10-22T20:21:37.4502658+03:00","level":"INFO","thread_name":"SpringApplicationShutdownHook","message":"Commencing graceful shutdown. Waiting for active requests to complete"}
{"@timestamp":"2025-10-22T20:21:37.6519153+03:00","level":"INFO","thread_name":"tomcat-shutdown","message":"Graceful shutdown complete"}
{"@timestamp":"2025-10-22T20:21:37.6659154+03:00","level":"INFO","thread_name":"SpringApplicationShutdownHook","message":"Closing JPA EntityManagerFactory for persistence unit 'default'"}
{"@timestamp":"2025-10-22T20:21:37.6679161+03:00","level":"INFO","thread_name":"SpringApplicationShutdownHook","message":"HikariPool-1 - Shutdown initiated..."}
{"@timestamp":"2025-10-22T20:21:37.6699869+03:00","level":"INFO","thread_name":"SpringApplicationShutdownHook","message":"HikariPool-1 - Shutdown completed."}
{"@timestamp":"2025-10-22T20:22:03.4874921+03:00","level":"INFO","thread_name":"Test worker","message":"Starting DiscountServiceIntegrationTest using Java 17.0.10 with PID 46640 (started by kirin in C:\\Users\\kirin\\IdeaProjects\\shop\\discount-api)"}
{"@timestamp":"2025-10-22T20:22:03.4884933+03:00","level":"INFO","thread_name":"Test worker","message":"The following 1 profile is active: \"test\""}
{"@timestamp":"2025-10-22T20:22:03.63931+03:00","level":"INFO","thread_name":"Test worker","message":"Fetching config from server at : http://localhost:8888"}
{"@timestamp":"2025-10-22T20:22:03.63931+03:00","level":"INFO","thread_name":"Test worker","message":"Exception on Url - http://localhost:8888:org.springframework.web.client.ResourceAccessException: I/O error on GET request for \"http://localhost:8888/discount-api/test\": Connection refused: no further information. Will be trying the next url if available"}
{"@timestamp":"2025-10-22T20:22:03.63931+03:00","level":"WARN","thread_name":"Test worker","message":"Could not locate PropertySource ([ConfigServerConfigDataResource@447521e uris = array<String>['http://localhost:8888'], optional = true, profiles = 'test']): I/O error on GET request for \"http://localhost:8888/discount-api/test\": Connection refused: no further information"}
{"@timestamp":"2025-10-22T20:22:03.63931+03:00","level":"INFO","thread_name":"Test worker","message":"Fetching config from server at : http://localhost:8888"}
{"@timestamp":"2025-10-22T20:22:03.63931+03:00","level":"INFO","thread_name":"Test worker","message":"Exception on Url - http://localhost:8888:org.springframework.web.client.ResourceAccessException: I/O error on GET request for \"http://localhost:8888/discount-api/default\": Connection refused: no further information. Will be trying the next url if available"}
{"@timestamp":"2025-10-22T20:22:03.63931+03:00","level":"WARN","thread_name":"Test worker","message":"Could not locate PropertySource ([ConfigServerConfigDataResource@2fde9469 uris = array<String>['http://localhost:8888'], optional = true, profiles = 'default']): I/O error on GET request for \"http://localhost:8888/discount-api/default\": Connection refused: no further information"}
{"@timestamp":"2025-10-22T20:22:04.6104301+03:00","level":"INFO","thread_name":"Test worker","message":"Multiple Spring Data modules found, entering strict repository configuration mode"}
{"@timestamp":"2025-10-22T20:22:04.611388+03:00","level":"INFO","thread_name":"Test worker","message":"Bootstrapping Spring Data JPA repositories in DEFAULT mode."}
{"@timestamp":"2025-10-22T20:22:04.7420891+03:00","level":"INFO","thread_name":"Test worker","message":"Finished Spring Data repository scanning in 120 ms. Found 1 JPA repository interface."}
{"@timestamp":"2025-10-22T20:22:04.7610562+03:00","level":"INFO","thread_name":"Test worker","message":"Multiple Spring Data modules found, entering strict repository configuration mode"}
{"@timestamp":"2025-10-22T20:22:04.7630976+03:00","level":"INFO","thread_name":"Test worker","message":"Bootstrapping Spring Data Redis repositories in DEFAULT mode."}
{"@timestamp":"2025-10-22T20:22:04.7780872+03:00","level":"INFO","thread_name":"Test worker","message":"Spring Data Redis - Could not safely identify store assignment for repository candidate interface ru.innotech.discountapi.adapters.repository.DiscountRepository; If you want this repository to be a Redis repository, consider annotating your entities with one of these annotations: org.springframework.data.redis.core.RedisHash (preferred), or consider extending one of the following types with your repository: org.springframework.data.keyvalue.repository.KeyValueRepository"}
{"@timestamp":"2025-10-22T20:22:04.7780872+03:00","level":"INFO","thread_name":"Test worker","message":"Finished Spring Data repository scanning in 6 ms. Found 0 Redis repository interfaces."}
{"@timestamp":"2025-10-22T20:22:05.0789706+03:00","level":"INFO","thread_name":"Test worker","message":"BeanFactory id=5f65a9f4-bb1b-3dad-b83f-2546f0139140"}
{"@timestamp":"2025-10-22T20:22:05.8669544+03:00","level":"INFO","thread_name":"Test worker","message":"Tomcat initialized with port 0 (http)"}
{"@timestamp":"2025-10-22T20:22:05.8849564+03:00","level":"INFO","thread_name":"Test worker","message":"Initializing ProtocolHandler [\"http-nio-auto-1\"]"}
{"@timestamp":"2025-10-22T20:22:05.886957+03:00","level":"INFO","thread_name":"Test worker","message":"Starting service [Tomcat]"}
{"@timestamp":"2025-10-22T20:22:05.8879554+03:00","level":"INFO","thread_name":"Test worker","message":"Starting Servlet engine: [Apache Tomcat/10.1.44]"}
{"@timestamp":"2025-10-22T20:22:05.980528+03:00","level":"INFO","thread_name":"Test worker","message":"Initializing Spring embedded WebApplicationContext"}
{"@timestamp":"2025-10-22T20:22:05.980528+03:00","level":"INFO","thread_name":"Test worker","message":"Root WebApplicationContext: initialization completed in 2337 ms"}
{"@timestamp":"2025-10-22T20:22:06.6198778+03:00","level":"INFO","thread_name":"Test worker","message":"HHH000204: Processing PersistenceUnitInfo [name: default]"}
{"@timestamp":"2025-10-22T20:22:06.6628387+03:00","level":"INFO","thread_name":"Test worker","message":"HHH000412: Hibernate ORM core version 6.6.26.Final"}
{"@timestamp":"2025-10-22T20:22:06.6875012+03:00","level":"INFO","thread_name":"Test worker","message":"HHH000026: Second-level cache disabled"}
{"@timestamp":"2025-10-22T20:22:06.9029305+03:00","level":"INFO","thread_name":"Test worker","message":"No LoadTimeWeaver setup: ignoring JPA class transformer"}
{"@timestamp":"2025-10-22T20:22:06.9259338+03:00","level":"INFO","thread_name":"Test worker","message":"HikariPool-1 - Starting..."}
{"@timestamp":"2025-10-22T20:22:06.9959841+03:00","level":"INFO","thread_name":"Test worker","message":"HikariPool-1 - Added connection org.postgresql.jdbc.PgConnection@7ef9c234"}
{"@timestamp":"2025-10-22T20:22:06.997023+03:00","level":"INFO","thread_name":"Test worker","message":"HikariPool-1 - Start completed."}
{"@timestamp":"2025-10-22T20:22:07.0423583+03:00","level":"INFO","thread_name":"Test worker","message":"HHH10001005: Database info:\n\tDatabase JDBC URL [Connecting through datasource 'HikariDataSource (HikariPool-1)']\n\tDatabase driver: undefined/unknown\n\tDatabase version: 12.3\n\tAutocommit mode: undefined/unknown\n\tIsolation level: undefined/unknown\n\tMinimum pool size: undefined/unknown\n\tMaximum pool size: undefined/unknown"}
{"@timestamp":"2025-10-22T20:22:07.6493638+03:00","level":"INFO","thread_name":"Test worker","message":"HHH000489: No JTA platform available (set 'hibernate.transaction.jta.platform' to enable JTA platform integration)"}
{"@timestamp":"2025-10-22T20:22:07.686257+03:00","level":"INFO","thread_name":"Test worker","message":"Initialized JPA EntityManagerFactory for persistence unit 'default'"}
{"@timestamp":"2025-10-22T20:22:10.2613609+03:00","level":"WARN","thread_name":"Test worker","message":"spring.jpa.open-in-view is enabled by default. Therefore, database queries may be performed during view rendering. Explicitly configure spring.jpa.open-in-view to disable this warning"}
{"@timestamp":"2025-10-22T20:22:12.1184322+03:00","level":"INFO","thread_name":"Test worker","message":"Initializing Spring TestDispatcherServlet ''"}
{"@timestamp":"2025-10-22T20:22:12.1184322+03:00","level":"INFO","thread_name":"Test worker","message":"Initializing Servlet ''"}
{"@timestamp":"2025-10-22T20:22:12.1318829+03:00","level":"INFO","thread_name":"Test worker","message":"Exposing 1 endpoint beneath base path '/actuator'"}
{"@timestamp":"2025-10-22T20:22:12.1500988+03:00","level":"INFO","thread_name":"Test worker","message":"Completed initialization in 32 ms"}
{"@timestamp":"2025-10-22T20:22:13.3271877+03:00","level":"INFO","thread_name":"Test worker","message":"Cannot determine local hostname"}
{"@timestamp":"2025-10-22T20:22:13.3794281+03:00","level":"INFO","thread_name":"Test worker","message":"Eureka HTTP Client uses RestTemplate."}
{"@timestamp":"2025-10-22T20:22:13.4994273+03:00","level":"WARN","thread_name":"Test worker","message":"Spring Cloud LoadBalancer is currently working with the default cache. While this cache implementation is useful for development and tests, it's recommended to use Caffeine cache in production.You can switch to using Caffeine cache, by adding it and org.springframework.cache.caffeine.CaffeineCacheManager to the classpath."}
{"@timestamp":"2025-10-22T20:22:13.7619895+03:00","level":"INFO","thread_name":"Test worker","message":"Starting ProtocolHandler [\"http-nio-auto-1\"]"}
{"@timestamp":"2025-10-22T20:22:13.7719892+03:00","level":"INFO","thread_name":"Test worker","message":"Tomcat started on port 55358 (http) with context path '/'"}
{"@timestamp":"2025-10-22T20:22:14.8837977+03:00","level":"INFO","thread_name":"Test worker","message":"Cannot determine local hostname"}
{"@timestamp":"2025-10-22T20:22:14.9285113+03:00","level":"INFO","thread_name":"Test worker","message":"Started DiscountServiceIntegrationTest in 13.257 seconds (process running for 16.485)"}
{"@timestamp":"2025-10-22T20:22:15.6252167+03:00","level":"INFO","thread_name":"Test worker","batchSize":"2","op":"getDiscounts","message":"Get discounts: returned 2"}
{"@timestamp":"2025-10-22T20:22:15.8051751+03:00","level":"INFO","thread_name":"lettuce-eventExecutorLoop-1-1","message":"Reconnecting, last destination was localhost/127.0.0.1:55339"}
{"@timestamp":"2025-10-22T20:22:15.8111032+03:00","level":"WARN","thread_name":"lettuce-nioEventLoop-4-2","message":"Cannot reconnect to [localhost/<unresolved>:55339]: Connection closed prematurely"}
{"@timestamp":"2025-10-22T20:22:16.1645078+03:00","level":"INFO","thread_name":"SpringApplicationShutdownHook","message":"Commencing graceful shutdown. Waiting for active requests to complete"}
{"@timestamp":"2025-10-22T20:22:16.3692416+03:00","level":"INFO","thread_name":"tomcat-shutdown","message":"Graceful shutdown complete"}
{"@timestamp":"2025-10-22T20:22:16.3832408+03:00","level":"INFO","thread_name":"SpringApplicationShutdownHook","message":"Closing JPA EntityManagerFactory for persistence unit 'default'"}
{"@timestamp":"2025-10-22T20:22:16.3852415+03:00","level":"INFO","thread_name":"SpringApplicationShutdownHook","message":"HikariPool-1 - Shutdown initiated..."}
{"@timestamp":"2025-10-22T20:22:16.3862411+03:00","level":"INFO","thread_name":"SpringApplicationShutdownHook","message":"HikariPool-1 - Shutdown completed."}
{"@timestamp":"2025-10-22T20:23:31.0659972+03:00","level":"INFO","thread_name":"Test worker","message":"Starting DiscountServiceIntegrationTest using Java 17.0.10 with PID 11880 (started by kirin in C:\\Users\\kirin\\IdeaProjects\\shop\\discount-api)"}
{"@timestamp":"2025-10-22T20:23:31.0679547+03:00","level":"INFO","thread_name":"Test worker","message":"The following 1 profile is active: \"test\""}
{"@timestamp":"2025-10-22T20:23:31.2281763+03:00","level":"INFO","thread_name":"Test worker","message":"Fetching config from server at : http://localhost:8888"}
{"@timestamp":"2025-10-22T20:23:31.2281763+03:00","level":"INFO","thread_name":"Test worker","message":"Exception on Url - http://localhost:8888:org.springframework.web.client.ResourceAccessException: I/O error on GET request for \"http://localhost:8888/discount-api/test\": Connection refused: no further information. Will be trying the next url if available"}
{"@timestamp":"2025-10-22T20:23:31.2281763+03:00","level":"WARN","thread_name":"Test worker","message":"Could not locate PropertySource ([ConfigServerConfigDataResource@20cff21e uris = array<String>['http://localhost:8888'], optional = true, profiles = 'test']): I/O error on GET request for \"http://localhost:8888/discount-api/test\": Connection refused: no further information"}
{"@timestamp":"2025-10-22T20:23:31.2281763+03:00","level":"INFO","thread_name":"Test worker","message":"Fetching config from server at : http://localhost:8888"}
{"@timestamp":"2025-10-22T20:23:31.2281763+03:00","level":"INFO","thread_name":"Test worker","message":"Exception on Url - http://localhost:8888:org.springframework.web.client.ResourceAccessException: I/O error on GET request for \"http://localhost:8888/discount-api/default\": Connection refused: no further information. Will be trying the next url if available"}
{"@timestamp":"2025-10-22T20:23:31.2281763+03:00","level":"WARN","thread_name":"Test worker","message":"Could not locate PropertySource ([ConfigServerConfigDataResource@463045fb uris = array<String>['http://localhost:8888'], optional = true, profiles = 'default']): I/O error on GET request for \"http://localhost:8888/discount-api/default\": Connection refused: no further information"}
{"@timestamp":"2025-10-22T20:23:32.2024688+03:00","level":"INFO","thread_name":"Test worker","message":"Multiple Spring Data modules found, entering strict repository configuration mode"}
{"@timestamp":"2025-10-22T20:23:32.2045165+03:00","level":"INFO","thread_name":"Test worker","message":"Bootstrapping Spring Data JPA repositories in DEFAULT mode."}
{"@timestamp":"2025-10-22T20:23:32.354466+03:00","level":"INFO","thread_name":"Test worker","message":"Finished Spring Data repository scanning in 136 ms. Found 1 JPA repository interface."}
{"@timestamp":"2025-10-22T20:23:32.3664961+03:00","level":"INFO","thread_name":"Test worker","message":"Multiple Spring Data modules found, entering strict repository configuration mode"}
{"@timestamp":"2025-10-22T20:23:32.3674664+03:00","level":"INFO","thread_name":"Test worker","message":"Bootstrapping Spring Data Redis repositories in DEFAULT mode."}
{"@timestamp":"2025-10-22T20:23:32.3844652+03:00","level":"INFO","thread_name":"Test worker","message":"Spring Data Redis - Could not safely identify store assignment for repository candidate interface ru.innotech.discountapi.adapters.repository.DiscountRepository; If you want this repository to be a Redis repository, consider annotating your entities with one of these annotations: org.springframework.data.redis.core.RedisHash (preferred), or consider extending one of the following types with your repository: org.springframework.data.keyvalue.repository.KeyValueRepository"}
{"@timestamp":"2025-10-22T20:23:32.3844652+03:00","level":"INFO","thread_name":"Test worker","message":"Finished Spring Data repository scanning in 6 ms. Found 0 Redis repository interfaces."}
{"@timestamp":"2025-10-22T20:23:32.7040559+03:00","level":"INFO","thread_name":"Test worker","message":"BeanFactory id=5f65a9f4-bb1b-3dad-b83f-2546f0139140"}
{"@timestamp":"2025-10-22T20:23:33.4778239+03:00","level":"INFO","thread_name":"Test worker","message":"Tomcat initialized with port 0 (http)"}
{"@timestamp":"2025-10-22T20:23:33.4916593+03:00","level":"INFO","thread_name":"Test worker","message":"Initializing ProtocolHandler [\"http-nio-auto-1\"]"}
{"@timestamp":"2025-10-22T20:23:33.4926863+03:00","level":"INFO","thread_name":"Test worker","message":"Starting service [Tomcat]"}
{"@timestamp":"2025-10-22T20:23:33.4926863+03:00","level":"INFO","thread_name":"Test worker","message":"Starting Servlet engine: [Apache Tomcat/10.1.44]"}
{"@timestamp":"2025-10-22T20:23:33.5734202+03:00","level":"INFO","thread_name":"Test worker","message":"Initializing Spring embedded WebApplicationContext"}
{"@timestamp":"2025-10-22T20:23:33.5744596+03:00","level":"INFO","thread_name":"Test worker","message":"Root WebApplicationContext: initialization completed in 2340 ms"}
{"@timestamp":"2025-10-22T20:23:34.3308491+03:00","level":"INFO","thread_name":"Test worker","message":"HHH000204: Processing PersistenceUnitInfo [name: default]"}
{"@timestamp":"2025-10-22T20:23:34.3901468+03:00","level":"INFO","thread_name":"Test worker","message":"HHH000412: Hibernate ORM core version 6.6.26.Final"}
{"@timestamp":"2025-10-22T20:23:34.4191023+03:00","level":"INFO","thread_name":"Test worker","message":"HHH000026: Second-level cache disabled"}
{"@timestamp":"2025-10-22T20:23:34.7185346+03:00","level":"INFO","thread_name":"Test worker","message":"No LoadTimeWeaver setup: ignoring JPA class transformer"}
{"@timestamp":"2025-10-22T20:23:34.9957863+03:00","level":"INFO","thread_name":"Test worker","message":"HikariPool-1 - Starting..."}
{"@timestamp":"2025-10-22T20:23:35.1113058+03:00","level":"INFO","thread_name":"Test worker","message":"HikariPool-1 - Added connection org.postgresql.jdbc.PgConnection@5b84007e"}
{"@timestamp":"2025-10-22T20:23:35.1128869+03:00","level":"INFO","thread_name":"Test worker","message":"HikariPool-1 - Start completed."}
{"@timestamp":"2025-10-22T20:23:35.193169+03:00","level":"INFO","thread_name":"Test worker","message":"HHH10001005: Database info:\n\tDatabase JDBC URL [Connecting through datasource 'HikariDataSource (HikariPool-1)']\n\tDatabase driver: undefined/unknown\n\tDatabase version: 12.3\n\tAutocommit mode: undefined/unknown\n\tIsolation level: undefined/unknown\n\tMinimum pool size: undefined/unknown\n\tMaximum pool size: undefined/unknown"}
{"@timestamp":"2025-10-22T20:23:36.1991038+03:00","level":"INFO","thread_name":"Test worker","message":"HHH000489: No JTA platform available (set 'hibernate.transaction.jta.platform' to enable JTA platform integration)"}
{"@timestamp":"2025-10-22T20:23:36.255456+03:00","level":"INFO","thread_name":"Test worker","message":"Initialized JPA EntityManagerFactory for persistence unit 'default'"}
{"@timestamp":"2025-10-22T20:23:45.2667239+03:00","level":"WARN","thread_name":"Test worker","message":"spring.jpa.open-in-view is enabled by default. Therefore, database queries may be performed during view rendering. Explicitly configure spring.jpa.open-in-view to disable this warning"}
{"@timestamp":"2025-10-22T20:23:49.8889245+03:00","level":"INFO","thread_name":"Test worker","message":"Initializing Spring TestDispatcherServlet ''"}
{"@timestamp":"2025-10-22T20:23:49.8899242+03:00","level":"INFO","thread_name":"Test worker","message":"Initializing Servlet ''"}
{"@timestamp":"2025-10-22T20:23:49.9045261+03:00","level":"INFO","thread_name":"Test worker","message":"Exposing 1 endpoint beneath base path '/actuator'"}
{"@timestamp":"2025-10-22T20:23:49.9285267+03:00","level":"INFO","thread_name":"Test worker","message":"Completed initialization in 39 ms"}
{"@timestamp":"2025-10-22T20:23:51.1403773+03:00","level":"INFO","thread_name":"Test worker","message":"Cannot determine local hostname"}
{"@timestamp":"2025-10-22T20:23:51.1743434+03:00","level":"INFO","thread_name":"Test worker","message":"Eureka HTTP Client uses RestTemplate."}
{"@timestamp":"2025-10-22T20:23:51.3059676+03:00","level":"WARN","thread_name":"Test worker","message":"Spring Cloud LoadBalancer is currently working with the default cache. While this cache implementation is useful for development and tests, it's recommended to use Caffeine cache in production.You can switch to using Caffeine cache, by adding it and org.springframework.cache.caffeine.CaffeineCacheManager to the classpath."}
{"@timestamp":"2025-10-22T20:23:51.5946803+03:00","level":"INFO","thread_name":"Test worker","message":"Starting ProtocolHandler [\"http-nio-auto-1\"]"}
{"@timestamp":"2025-10-22T20:23:51.61668+03:00","level":"INFO","thread_name":"Test worker","message":"Tomcat started on port 55471 (http) with context path '/'"}
{"@timestamp":"2025-10-22T20:23:52.8030743+03:00","level":"INFO","thread_name":"Test worker","message":"Cannot determine local hostname"}
{"@timestamp":"2025-10-22T20:23:52.8290747+03:00","level":"INFO","thread_name":"Test worker","message":"Started DiscountServiceIntegrationTest in 23.597 seconds (process running for 26.6)"}
{"@timestamp":"2025-10-22T20:23:53.9656458+03:00","level":"INFO","thread_name":"Test worker","batchSize":"2","op":"getDiscounts","message":"Get discounts: returned 2"}
{"@timestamp":"2025-10-22T20:23:54.2791195+03:00","level":"INFO","thread_name":"lettuce-eventExecutorLoop-1-1","message":"Reconnecting, last destination was localhost/127.0.0.1:55387"}
{"@timestamp":"2025-10-22T20:23:54.2874821+03:00","level":"WARN","thread_name":"lettuce-nioEventLoop-4-2","message":"Cannot reconnect to [localhost/<unresolved>:55387]: Connection closed prematurely"}
{"@timestamp":"2025-10-22T20:23:54.6506547+03:00","level":"INFO","thread_name":"SpringApplicationShutdownHook","message":"Commencing graceful shutdown. Waiting for active requests to complete"}
{"@timestamp":"2025-10-22T20:23:54.9831246+03:00","level":"INFO","thread_name":"tomcat-shutdown","message":"Graceful shutdown complete"}
{"@timestamp":"2025-10-22T20:23:55.0272203+03:00","level":"INFO","thread_name":"SpringApplicationShutdownHook","message":"Closing JPA EntityManagerFactory for persistence unit 'default'"}
{"@timestamp":"2025-10-22T20:23:55.0292199+03:00","level":"INFO","thread_name":"SpringApplicationShutdownHook","message":"HikariPool-1 - Shutdown initiated..."}
{"@timestamp":"2025-10-22T20:23:55.0322197+03:00","level":"INFO","thread_name":"SpringApplicationShutdownHook","message":"HikariPool-1 - Shutdown completed."}
{"@timestamp":"2025-10-22T20:29:04.424416+03:00","level":"INFO","thread_name":"Test worker","message":"Starting DiscountServiceIntegrationTest using Java 17.0.10 with PID 40944 (started by kirin in C:\\Users\\kirin\\IdeaProjects\\shop\\discount-api)"}
{"@timestamp":"2025-10-22T20:29:04.4254168+03:00","level":"INFO","thread_name":"Test worker","message":"The following 1 profile is active: \"test\""}
{"@timestamp":"2025-10-22T20:29:04.5584768+03:00","level":"INFO","thread_name":"Test worker","message":"Fetching config from server at : http://localhost:8888"}
{"@timestamp":"2025-10-22T20:29:04.5584768+03:00","level":"INFO","thread_name":"Test worker","message":"Exception on Url - http://localhost:8888:org.springframework.web.client.ResourceAccessException: I/O error on GET request for \"http://localhost:8888/discount-api/test\": Connection refused: no further information. Will be trying the next url if available"}
{"@timestamp":"2025-10-22T20:29:04.5584768+03:00","level":"WARN","thread_name":"Test worker","message":"Could not locate PropertySource ([ConfigServerConfigDataResource@20cff21e uris = array<String>['http://localhost:8888'], optional = true, profiles = 'test']): I/O error on GET request for \"http://localhost:8888/discount-api/test\": Connection refused: no further information"}
{"@timestamp":"2025-10-22T20:29:04.5584768+03:00","level":"INFO","thread_name":"Test worker","message":"Fetching config from server at : http://localhost:8888"}
{"@timestamp":"2025-10-22T20:29:04.5584768+03:00","level":"INFO","thread_name":"Test worker","message":"Exception on Url - http://localhost:8888:org.springframework.web.client.ResourceAccessException: I/O error on GET request for \"http://localhost:8888/discount-api/default\": Connection refused: no further information. Will be trying the next url if available"}
{"@timestamp":"2025-10-22T20:29:04.5584768+03:00","level":"WARN","thread_name":"Test worker","message":"Could not locate PropertySource ([ConfigServerConfigDataResource@463045fb uris = array<String>['http://localhost:8888'], optional = true, profiles = 'default']): I/O error on GET request for \"http://localhost:8888/discount-api/default\": Connection refused: no further information"}
{"@timestamp":"2025-10-22T20:29:05.4806738+03:00","level":"INFO","thread_name":"Test worker","message":"Multiple Spring Data modules found, entering strict repository configuration mode"}
{"@timestamp":"2025-10-22T20:29:05.4816395+03:00","level":"INFO","thread_name":"Test worker","message":"Bootstrapping Spring Data JPA repositories in DEFAULT mode."}
{"@timestamp":"2025-10-22T20:29:05.5975236+03:00","level":"INFO","thread_name":"Test worker","message":"Finished Spring Data repository scanning in 104 ms. Found 1 JPA repository interface."}
{"@timestamp":"2025-10-22T20:29:05.6144618+03:00","level":"INFO","thread_name":"Test worker","message":"Multiple Spring Data modules found, entering strict repository configuration mode"}
{"@timestamp":"2025-10-22T20:29:05.6164621+03:00","level":"INFO","thread_name":"Test worker","message":"Bootstrapping Spring Data Redis repositories in DEFAULT mode."}
{"@timestamp":"2025-10-22T20:29:05.6324631+03:00","level":"INFO","thread_name":"Test worker","message":"Spring Data Redis - Could not safely identify store assignment for repository candidate interface ru.innotech.discountapi.adapters.repository.DiscountRepository; If you want this repository to be a Redis repository, consider annotating your entities with one of these annotations: org.springframework.data.redis.core.RedisHash (preferred), or consider extending one of the following types with your repository: org.springframework.data.keyvalue.repository.KeyValueRepository"}
{"@timestamp":"2025-10-22T20:29:05.6324631+03:00","level":"INFO","thread_name":"Test worker","message":"Finished Spring Data repository scanning in 7 ms. Found 0 Redis repository interfaces."}
{"@timestamp":"2025-10-22T20:29:05.985168+03:00","level":"INFO","thread_name":"Test worker","message":"BeanFactory id=5f65a9f4-bb1b-3dad-b83f-2546f0139140"}
{"@timestamp":"2025-10-22T20:29:06.9321852+03:00","level":"INFO","thread_name":"Test worker","message":"Tomcat initialized with port 0 (http)"}
{"@timestamp":"2025-10-22T20:29:06.9561854+03:00","level":"INFO","thread_name":"Test worker","message":"Initializing ProtocolHandler [\"http-nio-auto-1\"]"}
{"@timestamp":"2025-10-22T20:29:06.9581854+03:00","level":"INFO","thread_name":"Test worker","message":"Starting service [Tomcat]"}
{"@timestamp":"2025-10-22T20:29:06.9581854+03:00","level":"INFO","thread_name":"Test worker","message":"Starting Servlet engine: [Apache Tomcat/10.1.44]"}
{"@timestamp":"2025-10-22T20:29:07.031818+03:00","level":"INFO","thread_name":"Test worker","message":"Initializing Spring embedded WebApplicationContext"}
{"@timestamp":"2025-10-22T20:29:07.031818+03:00","level":"INFO","thread_name":"Test worker","message":"Root WebApplicationContext: initialization completed in 2467 ms"}
{"@timestamp":"2025-10-22T20:29:07.8317738+03:00","level":"INFO","thread_name":"Test worker","message":"HHH000204: Processing PersistenceUnitInfo [name: default]"}
{"@timestamp":"2025-10-22T20:29:07.9134165+03:00","level":"INFO","thread_name":"Test worker","message":"HHH000412: Hibernate ORM core version 6.6.26.Final"}
{"@timestamp":"2025-10-22T20:29:07.9461135+03:00","level":"INFO","thread_name":"Test worker","message":"HHH000026: Second-level cache disabled"}
{"@timestamp":"2025-10-22T20:29:08.171588+03:00","level":"INFO","thread_name":"Test worker","message":"No LoadTimeWeaver setup: ignoring JPA class transformer"}
{"@timestamp":"2025-10-22T20:29:08.1983646+03:00","level":"INFO","thread_name":"Test worker","message":"HikariPool-1 - Starting..."}
{"@timestamp":"2025-10-22T20:29:08.2717628+03:00","level":"INFO","thread_name":"Test worker","message":"HikariPool-1 - Added connection org.postgresql.jdbc.PgConnection@5b84007e"}
{"@timestamp":"2025-10-22T20:29:08.2757477+03:00","level":"INFO","thread_name":"Test worker","message":"HikariPool-1 - Start completed."}
{"@timestamp":"2025-10-22T20:29:08.3402351+03:00","level":"INFO","thread_name":"Test worker","message":"HHH10001005: Database info:\n\tDatabase JDBC URL [Connecting through datasource 'HikariDataSource (HikariPool-1)']\n\tDatabase driver: undefined/unknown\n\tDatabase version: 12.3\n\tAutocommit mode: undefined/unknown\n\tIsolation level: undefined/unknown\n\tMinimum pool size: undefined/unknown\n\tMaximum pool size: undefined/unknown"}
{"@timestamp":"2025-10-22T20:29:08.9064263+03:00","level":"INFO","thread_name":"Test worker","message":"HHH000489: No JTA platform available (set 'hibernate.transaction.jta.platform' to enable JTA platform integration)"}
{"@timestamp":"2025-10-22T20:29:08.9494096+03:00","level":"INFO","thread_name":"Test worker","message":"Initialized JPA EntityManagerFactory for persistence unit 'default'"}
{"@timestamp":"2025-10-22T20:29:11.5444677+03:00","level":"WARN","thread_name":"Test worker","message":"spring.jpa.open-in-view is enabled by default. Therefore, database queries may be performed during view rendering. Explicitly configure spring.jpa.open-in-view to disable this warning"}
{"@timestamp":"2025-10-22T20:29:13.4040702+03:00","level":"INFO","thread_name":"Test worker","message":"Initializing Spring TestDispatcherServlet ''"}
{"@timestamp":"2025-10-22T20:29:13.4050686+03:00","level":"INFO","thread_name":"Test worker","message":"Initializing Servlet ''"}
{"@timestamp":"2025-10-22T20:29:13.416069+03:00","level":"INFO","thread_name":"Test worker","message":"Exposing 1 endpoint beneath base path '/actuator'"}
{"@timestamp":"2025-10-22T20:29:13.4360696+03:00","level":"INFO","thread_name":"Test worker","message":"Completed initialization in 30 ms"}
{"@timestamp":"2025-10-22T20:29:14.590737+03:00","level":"INFO","thread_name":"Test worker","message":"Cannot determine local hostname"}
{"@timestamp":"2025-10-22T20:29:14.6187667+03:00","level":"INFO","thread_name":"Test worker","message":"Eureka HTTP Client uses RestTemplate."}
{"@timestamp":"2025-10-22T20:29:14.7367372+03:00","level":"WARN","thread_name":"Test worker","message":"Spring Cloud LoadBalancer is currently working with the default cache. While this cache implementation is useful for development and tests, it's recommended to use Caffeine cache in production.You can switch to using Caffeine cache, by adding it and org.springframework.cache.caffeine.CaffeineCacheManager to the classpath."}
{"@timestamp":"2025-10-22T20:29:14.9865981+03:00","level":"INFO","thread_name":"Test worker","message":"Starting ProtocolHandler [\"http-nio-auto-1\"]"}
{"@timestamp":"2025-10-22T20:29:14.9955984+03:00","level":"INFO","thread_name":"Test worker","message":"Tomcat started on port 55654 (http) with context path '/'"}
{"@timestamp":"2025-10-22T20:29:16.0924667+03:00","level":"INFO","thread_name":"Test worker","message":"Cannot determine local hostname"}
{"@timestamp":"2025-10-22T20:29:16.1200247+03:00","level":"INFO","thread_name":"Test worker","message":"Started DiscountServiceIntegrationTest in 13.541 seconds (process running for 16.555)"}
{"@timestamp":"2025-10-22T20:29:16.8355716+03:00","level":"INFO","thread_name":"Test worker","batchSize":"2","op":"getDiscounts","message":"Get discounts: returned 2"}
{"@timestamp":"2025-10-22T20:29:16.9221891+03:00","level":"INFO","thread_name":"Test worker","batchSize":"2","op":"getDiscounts","message":"Get discounts: returned 2"}
{"@timestamp":"2025-10-22T20:29:16.9639877+03:00","level":"INFO","thread_name":"Test worker","batchSize":"2","op":"getDiscounts","message":"Get discounts: returned 2"}
{"@timestamp":"2025-10-22T20:29:17.0865941+03:00","level":"INFO","thread_name":"lettuce-eventExecutorLoop-1-1","message":"Reconnecting, last destination was localhost/127.0.0.1:55637"}
{"@timestamp":"2025-10-22T20:29:17.0928181+03:00","level":"WARN","thread_name":"lettuce-nioEventLoop-4-2","message":"Cannot reconnect to [localhost/<unresolved>:55637]: Connection closed prematurely"}
{"@timestamp":"2025-10-22T20:29:17.4902173+03:00","level":"INFO","thread_name":"SpringApplicationShutdownHook","message":"Commencing graceful shutdown. Waiting for active requests to complete"}
{"@timestamp":"2025-10-22T20:29:17.6768723+03:00","level":"INFO","thread_name":"tomcat-shutdown","message":"Graceful shutdown complete"}
{"@timestamp":"2025-10-22T20:29:17.6938701+03:00","level":"INFO","thread_name":"SpringApplicationShutdownHook","message":"Closing JPA EntityManagerFactory for persistence unit 'default'"}
{"@timestamp":"2025-10-22T20:29:17.6958713+03:00","level":"INFO","thread_name":"SpringApplicationShutdownHook","message":"HikariPool-1 - Shutdown initiated..."}
{"@timestamp":"2025-10-22T20:29:17.6978713+03:00","level":"INFO","thread_name":"SpringApplicationShutdownHook","message":"HikariPool-1 - Shutdown completed."}
{"@timestamp":"2025-10-22T20:29:28.0282444+03:00","level":"INFO","thread_name":"Test worker","message":"Starting DiscountServiceIntegrationTest using Java 17.0.10 with PID 21640 (started by kirin in C:\\Users\\kirin\\IdeaProjects\\shop\\discount-api)"}
{"@timestamp":"2025-10-22T20:29:28.0282444+03:00","level":"INFO","thread_name":"Test worker","message":"The following 1 profile is active: \"test\""}
{"@timestamp":"2025-10-22T20:29:28.1797704+03:00","level":"INFO","thread_name":"Test worker","message":"Fetching config from server at : http://localhost:8888"}
{"@timestamp":"2025-10-22T20:29:28.1797704+03:00","level":"INFO","thread_name":"Test worker","message":"Exception on Url - http://localhost:8888:org.springframework.web.client.ResourceAccessException: I/O error on GET request for \"http://localhost:8888/discount-api/test\": Connection refused: no further information. Will be trying the next url if available"}
{"@timestamp":"2025-10-22T20:29:28.1797704+03:00","level":"WARN","thread_name":"Test worker","message":"Could not locate PropertySource ([ConfigServerConfigDataResource@3a6e9856 uris = array<String>['http://localhost:8888'], optional = true, profiles = 'test']): I/O error on GET request for \"http://localhost:8888/discount-api/test\": Connection refused: no further information"}
{"@timestamp":"2025-10-22T20:29:28.1797704+03:00","level":"INFO","thread_name":"Test worker","message":"Fetching config from server at : http://localhost:8888"}
{"@timestamp":"2025-10-22T20:29:28.1797704+03:00","level":"INFO","thread_name":"Test worker","message":"Exception on Url - http://localhost:8888:org.springframework.web.client.ResourceAccessException: I/O error on GET request for \"http://localhost:8888/discount-api/default\": Connection refused: no further information. Will be trying the next url if available"}
{"@timestamp":"2025-10-22T20:29:28.1797704+03:00","level":"WARN","thread_name":"Test worker","message":"Could not locate PropertySource ([ConfigServerConfigDataResource@4863c8ac uris = array<String>['http://localhost:8888'], optional = true, profiles = 'default']): I/O error on GET request for \"http://localhost:8888/discount-api/default\": Connection refused: no further information"}
{"@timestamp":"2025-10-22T20:29:29.151005+03:00","level":"INFO","thread_name":"Test worker","message":"Multiple Spring Data modules found, entering strict repository configuration mode"}
{"@timestamp":"2025-10-22T20:29:29.1530072+03:00","level":"INFO","thread_name":"Test worker","message":"Bootstrapping Spring Data JPA repositories in DEFAULT mode."}
{"@timestamp":"2025-10-22T20:29:29.2795279+03:00","level":"INFO","thread_name":"Test worker","message":"Finished Spring Data repository scanning in 115 ms. Found 1 JPA repository interface."}
{"@timestamp":"2025-10-22T20:29:29.2944988+03:00","level":"INFO","thread_name":"Test worker","message":"Multiple Spring Data modules found, entering strict repository configuration mode"}
{"@timestamp":"2025-10-22T20:29:29.2944988+03:00","level":"INFO","thread_name":"Test worker","message":"Bootstrapping Spring Data Redis repositories in DEFAULT mode."}
{"@timestamp":"2025-10-22T20:29:29.3105365+03:00","level":"INFO","thread_name":"Test worker","message":"Spring Data Redis - Could not safely identify store assignment for repository candidate interface ru.innotech.discountapi.adapters.repository.DiscountRepository; If you want this repository to be a Redis repository, consider annotating your entities with one of these annotations: org.springframework.data.redis.core.RedisHash (preferred), or consider extending one of the following types with your repository: org.springframework.data.keyvalue.repository.KeyValueRepository"}
{"@timestamp":"2025-10-22T20:29:29.3115411+03:00","level":"INFO","thread_name":"Test worker","message":"Finished Spring Data repository scanning in 6 ms. Found 0 Redis repository interfaces."}
{"@timestamp":"2025-10-22T20:29:29.6465205+03:00","level":"INFO","thread_name":"Test worker","message":"BeanFactory id=5f65a9f4-bb1b-3dad-b83f-2546f0139140"}
{"@timestamp":"2025-10-22T20:29:30.4216049+03:00","level":"INFO","thread_name":"Test worker","message":"Tomcat initialized with port 0 (http)"}
{"@timestamp":"2025-10-22T20:29:30.4325613+03:00","level":"INFO","thread_name":"Test worker","message":"Initializing ProtocolHandler [\"http-nio-auto-1\"]"}
{"@timestamp":"2025-10-22T20:29:30.4345596+03:00","level":"INFO","thread_name":"Test worker","message":"Starting service [Tomcat]"}
{"@timestamp":"2025-10-22T20:29:30.4355622+03:00","level":"INFO","thread_name":"Test worker","message":"Starting Servlet engine: [Apache Tomcat/10.1.44]"}
{"@timestamp":"2025-10-22T20:29:30.512011+03:00","level":"INFO","thread_name":"Test worker","message":"Initializing Spring embedded WebApplicationContext"}
{"@timestamp":"2025-10-22T20:29:30.512011+03:00","level":"INFO","thread_name":"Test worker","message":"Root WebApplicationContext: initialization completed in 2329 ms"}
{"@timestamp":"2025-10-22T20:29:31.3179681+03:00","level":"INFO","thread_name":"Test worker","message":"HHH000204: Processing PersistenceUnitInfo [name: default]"}
{"@timestamp":"2025-10-22T20:29:31.37241+03:00","level":"INFO","thread_name":"Test worker","message":"HHH000412: Hibernate ORM core version 6.6.26.Final"}
{"@timestamp":"2025-10-22T20:29:31.4039293+03:00","level":"INFO","thread_name":"Test worker","message":"HHH000026: Second-level cache disabled"}
{"@timestamp":"2025-10-22T20:29:31.6172578+03:00","level":"INFO","thread_name":"Test worker","message":"No LoadTimeWeaver setup: ignoring JPA class transformer"}
{"@timestamp":"2025-10-22T20:29:31.6402739+03:00","level":"INFO","thread_name":"Test worker","message":"HikariPool-1 - Starting..."}
{"@timestamp":"2025-10-22T20:29:31.7024443+03:00","level":"INFO","thread_name":"Test worker","message":"HikariPool-1 - Added connection org.postgresql.jdbc.PgConnection@1e275478"}
{"@timestamp":"2025-10-22T20:29:31.7035023+03:00","level":"INFO","thread_name":"Test worker","message":"HikariPool-1 - Start completed."}
{"@timestamp":"2025-10-22T20:29:31.7532193+03:00","level":"INFO","thread_name":"Test worker","message":"HHH10001005: Database info:\n\tDatabase JDBC URL [Connecting through datasource 'HikariDataSource (HikariPool-1)']\n\tDatabase driver: undefined/unknown\n\tDatabase version: 12.3\n\tAutocommit mode: undefined/unknown\n\tIsolation level: undefined/unknown\n\tMinimum pool size: undefined/unknown\n\tMaximum pool size: undefined/unknown"}
{"@timestamp":"2025-10-22T20:29:32.3508234+03:00","level":"INFO","thread_name":"Test worker","message":"HHH000489: No JTA platform available (set 'hibernate.transaction.jta.platform' to enable JTA platform integration)"}
{"@timestamp":"2025-10-22T20:29:32.3846848+03:00","level":"INFO","thread_name":"Test worker","message":"Initialized JPA EntityManagerFactory for persistence unit 'default'"}
{"@timestamp":"2025-10-22T20:29:34.7383747+03:00","level":"WARN","thread_name":"Test worker","message":"spring.jpa.open-in-view is enabled by default. Therefore, database queries may be performed during view rendering. Explicitly configure spring.jpa.open-in-view to disable this warning"}
{"@timestamp":"2025-10-22T20:29:36.5105438+03:00","level":"INFO","thread_name":"Test worker","message":"Initializing Spring TestDispatcherServlet ''"}
{"@timestamp":"2025-10-22T20:29:36.511543+03:00","level":"INFO","thread_name":"Test worker","message":"Initializing Servlet ''"}
{"@timestamp":"2025-10-22T20:29:36.5225425+03:00","level":"INFO","thread_name":"Test worker","message":"Exposing 1 endpoint beneath base path '/actuator'"}
{"@timestamp":"2025-10-22T20:29:36.5405424+03:00","level":"INFO","thread_name":"Test worker","message":"Completed initialization in 28 ms"}
{"@timestamp":"2025-10-22T20:29:37.6982851+03:00","level":"INFO","thread_name":"Test worker","message":"Cannot determine local hostname"}
{"@timestamp":"2025-10-22T20:29:37.75567+03:00","level":"INFO","thread_name":"Test worker","message":"Eureka HTTP Client uses RestTemplate."}
{"@timestamp":"2025-10-22T20:29:37.8602742+03:00","level":"WARN","thread_name":"Test worker","message":"Spring Cloud LoadBalancer is currently working with the default cache. While this cache implementation is useful for development and tests, it's recommended to use Caffeine cache in production.You can switch to using Caffeine cache, by adding it and org.springframework.cache.caffeine.CaffeineCacheManager to the classpath."}
{"@timestamp":"2025-10-22T20:29:38.0989133+03:00","level":"INFO","thread_name":"Test worker","message":"Starting ProtocolHandler [\"http-nio-auto-1\"]"}
{"@timestamp":"2025-10-22T20:29:38.1109145+03:00","level":"INFO","thread_name":"Test worker","message":"Tomcat started on port 55695 (http) with context path '/'"}
{"@timestamp":"2025-10-22T20:29:39.2177997+03:00","level":"INFO","thread_name":"Test worker","message":"Cannot determine local hostname"}
{"@timestamp":"2025-10-22T20:29:39.2483412+03:00","level":"INFO","thread_name":"Test worker","message":"Started DiscountServiceIntegrationTest in 13.031 seconds (process running for 16.266)"}
{"@timestamp":"2025-10-22T20:29:39.8714266+03:00","level":"INFO","thread_name":"Test worker","batchSize":"2","op":"getDiscounts","message":"Get discounts: returned 2"}
{"@timestamp":"2025-10-22T20:29:39.9552831+03:00","level":"INFO","thread_name":"Test worker","batchSize":"2","op":"getDiscounts","message":"Get discounts: returned 2"}
{"@timestamp":"2025-10-22T20:29:39.9919127+03:00","level":"INFO","thread_name":"Test worker","batchSize":"2","op":"getDiscounts","message":"Get discounts: returned 2"}
{"@timestamp":"2025-10-22T20:29:40.0595217+03:00","level":"INFO","thread_name":"lettuce-eventExecutorLoop-1-1","message":"Reconnecting, last destination was localhost/127.0.0.1:55678"}
{"@timestamp":"2025-10-22T20:29:40.0649384+03:00","level":"WARN","thread_name":"lettuce-nioEventLoop-4-2","message":"Cannot reconnect to [localhost/<unresolved>:55678]: Connection closed prematurely"}
{"@timestamp":"2025-10-22T20:29:40.4540192+03:00","level":"INFO","thread_name":"SpringApplicationShutdownHook","message":"Commencing graceful shutdown. Waiting for active requests to complete"}
{"@timestamp":"2025-10-22T20:29:40.6560356+03:00","level":"INFO","thread_name":"tomcat-shutdown","message":"Graceful shutdown complete"}
{"@timestamp":"2025-10-22T20:29:40.6752609+03:00","level":"INFO","thread_name":"SpringApplicationShutdownHook","message":"Closing JPA EntityManagerFactory for persistence unit 'default'"}
{"@timestamp":"2025-10-22T20:29:40.6762851+03:00","level":"INFO","thread_name":"SpringApplicationShutdownHook","message":"HikariPool-1 - Shutdown initiated..."}
{"@timestamp":"2025-10-22T20:29:40.6772886+03:00","level":"INFO","thread_name":"SpringApplicationShutdownHook","message":"HikariPool-1 - Shutdown completed."}
{"@timestamp":"2025-10-22T20:29:49.9939143+03:00","level":"INFO","thread_name":"Test worker","message":"Starting DiscountServiceIntegrationTest using Java 17.0.10 with PID 36648 (started by kirin in C:\\Users\\kirin\\IdeaProjects\\shop\\discount-api)"}
{"@timestamp":"2025-10-22T20:29:49.9939143+03:00","level":"INFO","thread_name":"Test worker","message":"The following 1 profile is active: \"test\""}
{"@timestamp":"2025-10-22T20:29:50.1474183+03:00","level":"INFO","thread_name":"Test worker","message":"Fetching config from server at : http://localhost:8888"}
{"@timestamp":"2025-10-22T20:29:50.1474183+03:00","level":"INFO","thread_name":"Test worker","message":"Exception on Url - http://localhost:8888:org.springframework.web.client.ResourceAccessException: I/O error on GET request for \"http://localhost:8888/discount-api/test\": Connection refused: no further information. Will be trying the next url if available"}
{"@timestamp":"2025-10-22T20:29:50.1474183+03:00","level":"WARN","thread_name":"Test worker","message":"Could not locate PropertySource ([ConfigServerConfigDataResource@11c581a0 uris = array<String>['http://localhost:8888'], optional = true, profiles = 'test']): I/O error on GET request for \"http://localhost:8888/discount-api/test\": Connection refused: no further information"}
{"@timestamp":"2025-10-22T20:29:50.1474183+03:00","level":"INFO","thread_name":"Test worker","message":"Fetching config from server at : http://localhost:8888"}
{"@timestamp":"2025-10-22T20:29:50.1474183+03:00","level":"INFO","thread_name":"Test worker","message":"Exception on Url - http://localhost:8888:org.springframework.web.client.ResourceAccessException: I/O error on GET request for \"http://localhost:8888/discount-api/default\": Connection refused: no further information. Will be trying the next url if available"}
{"@timestamp":"2025-10-22T20:29:50.1474183+03:00","level":"WARN","thread_name":"Test worker","message":"Could not locate PropertySource ([ConfigServerConfigDataResource@256589a1 uris = array<String>['http://localhost:8888'], optional = true, profiles = 'default']): I/O error on GET request for \"http://localhost:8888/discount-api/default\": Connection refused: no further information"}
{"@timestamp":"2025-10-22T20:29:51.104917+03:00","level":"INFO","thread_name":"Test worker","message":"Multiple Spring Data modules found, entering strict repository configuration mode"}
{"@timestamp":"2025-10-22T20:29:51.1065486+03:00","level":"INFO","thread_name":"Test worker","message":"Bootstrapping Spring Data JPA repositories in DEFAULT mode."}
{"@timestamp":"2025-10-22T20:29:51.2606346+03:00","level":"INFO","thread_name":"Test worker","message":"Finished Spring Data repository scanning in 142 ms. Found 1 JPA repository interface."}
{"@timestamp":"2025-10-22T20:29:51.2754059+03:00","level":"INFO","thread_name":"Test worker","message":"Multiple Spring Data modules found, entering strict repository configuration mode"}
{"@timestamp":"2025-10-22T20:29:51.2770367+03:00","level":"INFO","thread_name":"Test worker","message":"Bootstrapping Spring Data Redis repositories in DEFAULT mode."}
{"@timestamp":"2025-10-22T20:29:51.294756+03:00","level":"INFO","thread_name":"Test worker","message":"Spring Data Redis - Could not safely identify store assignment for repository candidate interface ru.innotech.discountapi.adapters.repository.DiscountRepository; If you want this repository to be a Redis repository, consider annotating your entities with one of these annotations: org.springframework.data.redis.core.RedisHash (preferred), or consider extending one of the following types with your repository: org.springframework.data.keyvalue.repository.KeyValueRepository"}
{"@timestamp":"2025-10-22T20:29:51.294756+03:00","level":"INFO","thread_name":"Test worker","message":"Finished Spring Data repository scanning in 5 ms. Found 0 Redis repository interfaces."}
{"@timestamp":"2025-10-22T20:29:51.6167733+03:00","level":"INFO","thread_name":"Test worker","message":"BeanFactory id=5f65a9f4-bb1b-3dad-b83f-2546f0139140"}
{"@timestamp":"2025-10-22T20:29:52.4441536+03:00","level":"INFO","thread_name":"Test worker","message":"Tomcat initialized with port 0 (http)"}
{"@timestamp":"2025-10-22T20:29:52.4621477+03:00","level":"INFO","thread_name":"Test worker","message":"Initializing ProtocolHandler [\"http-nio-auto-1\"]"}
{"@timestamp":"2025-10-22T20:29:52.464289+03:00","level":"INFO","thread_name":"Test worker","message":"Starting service [Tomcat]"}
{"@timestamp":"2025-10-22T20:29:52.4648264+03:00","level":"INFO","thread_name":"Test worker","message":"Starting Servlet engine: [Apache Tomcat/10.1.44]"}
{"@timestamp":"2025-10-22T20:29:52.5455055+03:00","level":"INFO","thread_name":"Test worker","message":"Initializing Spring embedded WebApplicationContext"}
{"@timestamp":"2025-10-22T20:29:52.5455055+03:00","level":"INFO","thread_name":"Test worker","message":"Root WebApplicationContext: initialization completed in 2394 ms"}
{"@timestamp":"2025-10-22T20:29:53.2475654+03:00","level":"INFO","thread_name":"Test worker","message":"HHH000204: Processing PersistenceUnitInfo [name: default]"}
{"@timestamp":"2025-10-22T20:29:53.2917178+03:00","level":"INFO","thread_name":"Test worker","message":"HHH000412: Hibernate ORM core version 6.6.26.Final"}
{"@timestamp":"2025-10-22T20:29:53.3203936+03:00","level":"INFO","thread_name":"Test worker","message":"HHH000026: Second-level cache disabled"}
{"@timestamp":"2025-10-22T20:29:53.5533315+03:00","level":"INFO","thread_name":"Test worker","message":"No LoadTimeWeaver setup: ignoring JPA class transformer"}
{"@timestamp":"2025-10-22T20:29:53.5763717+03:00","level":"INFO","thread_name":"Test worker","message":"HikariPool-1 - Starting..."}
{"@timestamp":"2025-10-22T20:29:53.6361749+03:00","level":"INFO","thread_name":"Test worker","message":"HikariPool-1 - Added connection org.postgresql.jdbc.PgConnection@7c8c2d03"}
{"@timestamp":"2025-10-22T20:29:53.6382542+03:00","level":"INFO","thread_name":"Test worker","message":"HikariPool-1 - Start completed."}
{"@timestamp":"2025-10-22T20:29:53.6917166+03:00","level":"INFO","thread_name":"Test worker","message":"HHH10001005: Database info:\n\tDatabase JDBC URL [Connecting through datasource 'HikariDataSource (HikariPool-1)']\n\tDatabase driver: undefined/unknown\n\tDatabase version: 12.3\n\tAutocommit mode: undefined/unknown\n\tIsolation level: undefined/unknown\n\tMinimum pool size: undefined/unknown\n\tMaximum pool size: undefined/unknown"}
{"@timestamp":"2025-10-22T20:29:54.2938813+03:00","level":"INFO","thread_name":"Test worker","message":"HHH000489: No JTA platform available (set 'hibernate.transaction.jta.platform' to enable JTA platform integration)"}
{"@timestamp":"2025-10-22T20:29:54.3306445+03:00","level":"INFO","thread_name":"Test worker","message":"Initialized JPA EntityManagerFactory for persistence unit 'default'"}
{"@timestamp":"2025-10-22T20:29:56.6945468+03:00","level":"WARN","thread_name":"Test worker","message":"spring.jpa.open-in-view is enabled by default. Therefore, database queries may be performed during view rendering. Explicitly configure spring.jpa.open-in-view to disable this warning"}
{"@timestamp":"2025-10-22T20:29:58.5254358+03:00","level":"INFO","thread_name":"Test worker","message":"Initializing Spring TestDispatcherServlet ''"}
{"@timestamp":"2025-10-22T20:29:58.5254358+03:00","level":"INFO","thread_name":"Test worker","message":"Initializing Servlet ''"}
{"@timestamp":"2025-10-22T20:29:58.5386013+03:00","level":"INFO","thread_name":"Test worker","message":"Exposing 1 endpoint beneath base path '/actuator'"}
{"@timestamp":"2025-10-22T20:29:58.5562204+03:00","level":"INFO","thread_name":"Test worker","message":"Completed initialization in 31 ms"}
{"@timestamp":"2025-10-22T20:29:59.7150764+03:00","level":"INFO","thread_name":"Test worker","message":"Cannot determine local hostname"}
{"@timestamp":"2025-10-22T20:29:59.7498672+03:00","level":"INFO","thread_name":"Test worker","message":"Eureka HTTP Client uses RestTemplate."}
{"@timestamp":"2025-10-22T20:29:59.8678373+03:00","level":"WARN","thread_name":"Test worker","message":"Spring Cloud LoadBalancer is currently working with the default cache. While this cache implementation is useful for development and tests, it's recommended to use Caffeine cache in production.You can switch to using Caffeine cache, by adding it and org.springframework.cache.caffeine.CaffeineCacheManager to the classpath."}
{"@timestamp":"2025-10-22T20:30:00.1174679+03:00","level":"INFO","thread_name":"Test worker","message":"Starting ProtocolHandler [\"http-nio-auto-1\"]"}
{"@timestamp":"2025-10-22T20:30:00.1274678+03:00","level":"INFO","thread_name":"Test worker","message":"Tomcat started on port 55737 (http) with context path '/'"}
{"@timestamp":"2025-10-22T20:30:01.2472092+03:00","level":"INFO","thread_name":"Test worker","message":"Cannot determine local hostname"}
{"@timestamp":"2025-10-22T20:30:01.2728525+03:00","level":"INFO","thread_name":"Test worker","message":"Started DiscountServiceIntegrationTest in 13.151 seconds (process running for 16.349)"}
{"@timestamp":"2025-10-22T20:30:01.9422875+03:00","level":"INFO","thread_name":"Test worker","batchSize":"2","op":"getDiscounts","message":"Get discounts: returned 2"}
{"@timestamp":"2025-10-22T20:30:02.0206949+03:00","level":"INFO","thread_name":"Test worker","batchSize":"2","op":"getDiscounts","message":"Get discounts: returned 2"}
{"@timestamp":"2025-10-22T20:30:02.0524842+03:00","level":"INFO","thread_name":"Test worker","batchSize":"2","op":"getDiscounts","message":"Get discounts: returned 2"}
{"@timestamp":"2025-10-22T20:30:02.1727815+03:00","level":"INFO","thread_name":"lettuce-eventExecutorLoop-1-1","message":"Reconnecting, last destination was localhost/127.0.0.1:55719"}
{"@timestamp":"2025-10-22T20:30:02.1782932+03:00","level":"WARN","thread_name":"lettuce-nioEventLoop-4-2","message":"Cannot reconnect to [localhost/<unresolved>:55719]: Connection closed prematurely"}
{"@timestamp":"2025-10-22T20:30:02.5136464+03:00","level":"INFO","thread_name":"SpringApplicationShutdownHook","message":"Commencing graceful shutdown. Waiting for active requests to complete"}
{"@timestamp":"2025-10-22T20:30:02.7284081+03:00","level":"INFO","thread_name":"tomcat-shutdown","message":"Graceful shutdown complete"}
{"@timestamp":"2025-10-22T20:30:02.7420513+03:00","level":"INFO","thread_name":"SpringApplicationShutdownHook","message":"Closing JPA EntityManagerFactory for persistence unit 'default'"}
{"@timestamp":"2025-10-22T20:30:02.7440524+03:00","level":"INFO","thread_name":"SpringApplicationShutdownHook","message":"HikariPool-1 - Shutdown initiated..."}
{"@timestamp":"2025-10-22T20:30:02.7450522+03:00","level":"INFO","thread_name":"SpringApplicationShutdownHook","message":"HikariPool-1 - Shutdown completed."}
{"@timestamp":"2025-10-22T20:30:10.1489332+03:00","level":"INFO","thread_name":"Test worker","message":"Starting DiscountServiceIntegrationTest using Java 17.0.10 with PID 46364 (started by kirin in C:\\Users\\kirin\\IdeaProjects\\shop\\discount-api)"}
{"@timestamp":"2025-10-22T20:30:10.1489332+03:00","level":"INFO","thread_name":"Test worker","message":"The following 1 profile is active: \"test\""}
{"@timestamp":"2025-10-22T20:30:10.2993233+03:00","level":"INFO","thread_name":"Test worker","message":"Fetching config from server at : http://localhost:8888"}
{"@timestamp":"2025-10-22T20:30:10.2993233+03:00","level":"INFO","thread_name":"Test worker","message":"Exception on Url - http://localhost:8888:org.springframework.web.client.ResourceAccessException: I/O error on GET request for \"http://localhost:8888/discount-api/test\": Connection refused: no further information. Will be trying the next url if available"}
{"@timestamp":"2025-10-22T20:30:10.2993233+03:00","level":"WARN","thread_name":"Test worker","message":"Could not locate PropertySource ([ConfigServerConfigDataResource@2aee0704 uris = array<String>['http://localhost:8888'], optional = true, profiles = 'test']): I/O error on GET request for \"http://localhost:8888/discount-api/test\": Connection refused: no further information"}
{"@timestamp":"2025-10-22T20:30:10.2993233+03:00","level":"INFO","thread_name":"Test worker","message":"Fetching config from server at : http://localhost:8888"}
{"@timestamp":"2025-10-22T20:30:10.2993233+03:00","level":"INFO","thread_name":"Test worker","message":"Exception on Url - http://localhost:8888:org.springframework.web.client.ResourceAccessException: I/O error on GET request for \"http://localhost:8888/discount-api/default\": Connection refused: no further information. Will be trying the next url if available"}
{"@timestamp":"2025-10-22T20:30:10.2993233+03:00","level":"WARN","thread_name":"Test worker","message":"Could not locate PropertySource ([ConfigServerConfigDataResource@19a5b637 uris = array<String>['http://localhost:8888'], optional = true, profiles = 'default']): I/O error on GET request for \"http://localhost:8888/discount-api/default\": Connection refused: no further information"}
{"@timestamp":"2025-10-22T20:30:11.337442+03:00","level":"INFO","thread_name":"Test worker","message":"Multiple Spring Data modules found, entering strict repository configuration mode"}
{"@timestamp":"2025-10-22T20:30:11.3385712+03:00","level":"INFO","thread_name":"Test worker","message":"Bootstrapping Spring Data JPA repositories in DEFAULT mode."}
{"@timestamp":"2025-10-22T20:30:11.4661397+03:00","level":"INFO","thread_name":"Test worker","message":"Finished Spring Data repository scanning in 117 ms. Found 1 JPA repository interface."}
{"@timestamp":"2025-10-22T20:30:11.4818938+03:00","level":"INFO","thread_name":"Test worker","message":"Multiple Spring Data modules found, entering strict repository configuration mode"}
{"@timestamp":"2025-10-22T20:30:11.483898+03:00","level":"INFO","thread_name":"Test worker","message":"Bootstrapping Spring Data Redis repositories in DEFAULT mode."}
{"@timestamp":"2025-10-22T20:30:11.5054707+03:00","level":"INFO","thread_name":"Test worker","message":"Spring Data Redis - Could not safely identify store assignment for repository candidate interface ru.innotech.discountapi.adapters.repository.DiscountRepository; If you want this repository to be a Redis repository, consider annotating your entities with one of these annotations: org.springframework.data.redis.core.RedisHash (preferred), or consider extending one of the following types with your repository: org.springframework.data.keyvalue.repository.KeyValueRepository"}
{"@timestamp":"2025-10-22T20:30:11.5060018+03:00","level":"INFO","thread_name":"Test worker","message":"Finished Spring Data repository scanning in 7 ms. Found 0 Redis repository interfaces."}
{"@timestamp":"2025-10-22T20:30:11.8204061+03:00","level":"INFO","thread_name":"Test worker","message":"BeanFactory id=5f65a9f4-bb1b-3dad-b83f-2546f0139140"}
{"@timestamp":"2025-10-22T20:30:12.5607259+03:00","level":"INFO","thread_name":"Test worker","message":"Tomcat initialized with port 0 (http)"}
{"@timestamp":"2025-10-22T20:30:12.5747278+03:00","level":"INFO","thread_name":"Test worker","message":"Initializing ProtocolHandler [\"http-nio-auto-1\"]"}
{"@timestamp":"2025-10-22T20:30:12.5767458+03:00","level":"INFO","thread_name":"Test worker","message":"Starting service [Tomcat]"}
{"@timestamp":"2025-10-22T20:30:12.5777435+03:00","level":"INFO","thread_name":"Test worker","message":"Starting Servlet engine: [Apache Tomcat/10.1.44]"}
{"@timestamp":"2025-10-22T20:30:12.6659505+03:00","level":"INFO","thread_name":"Test worker","message":"Initializing Spring embedded WebApplicationContext"}
{"@timestamp":"2025-10-22T20:30:12.6659505+03:00","level":"INFO","thread_name":"Test worker","message":"Root WebApplicationContext: initialization completed in 2360 ms"}
{"@timestamp":"2025-10-22T20:30:13.4900016+03:00","level":"INFO","thread_name":"Test worker","message":"HHH000204: Processing PersistenceUnitInfo [name: default]"}
{"@timestamp":"2025-10-22T20:30:13.5605239+03:00","level":"INFO","thread_name":"Test worker","message":"HHH000412: Hibernate ORM core version 6.6.26.Final"}
{"@timestamp":"2025-10-22T20:30:13.5875217+03:00","level":"INFO","thread_name":"Test worker","message":"HHH000026: Second-level cache disabled"}
{"@timestamp":"2025-10-22T20:30:13.8321256+03:00","level":"INFO","thread_name":"Test worker","message":"No LoadTimeWeaver setup: ignoring JPA class transformer"}
{"@timestamp":"2025-10-22T20:30:13.8567414+03:00","level":"INFO","thread_name":"Test worker","message":"HikariPool-1 - Starting..."}
{"@timestamp":"2025-10-22T20:30:13.9229541+03:00","level":"INFO","thread_name":"Test worker","message":"HikariPool-1 - Added connection org.postgresql.jdbc.PgConnection@15688af"}
{"@timestamp":"2025-10-22T20:30:13.924519+03:00","level":"INFO","thread_name":"Test worker","message":"HikariPool-1 - Start completed."}
{"@timestamp":"2025-10-22T20:30:13.9837514+03:00","level":"INFO","thread_name":"Test worker","message":"HHH10001005: Database info:\n\tDatabase JDBC URL [Connecting through datasource 'HikariDataSource (HikariPool-1)']\n\tDatabase driver: undefined/unknown\n\tDatabase version: 12.3\n\tAutocommit mode: undefined/unknown\n\tIsolation level: undefined/unknown\n\tMinimum pool size: undefined/unknown\n\tMaximum pool size: undefined/unknown"}
{"@timestamp":"2025-10-22T20:30:14.5790782+03:00","level":"INFO","thread_name":"Test worker","message":"HHH000489: No JTA platform available (set 'hibernate.transaction.jta.platform' to enable JTA platform integration)"}
{"@timestamp":"2025-10-22T20:30:14.6178094+03:00","level":"INFO","thread_name":"Test worker","message":"Initialized JPA EntityManagerFactory for persistence unit 'default'"}
{"@timestamp":"2025-10-22T20:30:17.003867+03:00","level":"WARN","thread_name":"Test worker","message":"spring.jpa.open-in-view is enabled by default. Therefore, database queries may be performed during view rendering. Explicitly configure spring.jpa.open-in-view to disable this warning"}
{"@timestamp":"2025-10-22T20:30:18.8045396+03:00","level":"INFO","thread_name":"Test worker","message":"Initializing Spring TestDispatcherServlet ''"}
{"@timestamp":"2025-10-22T20:30:18.805616+03:00","level":"INFO","thread_name":"Test worker","message":"Initializing Servlet ''"}
{"@timestamp":"2025-10-22T20:30:18.8165412+03:00","level":"INFO","thread_name":"Test worker","message":"Exposing 1 endpoint beneath base path '/actuator'"}
{"@timestamp":"2025-10-22T20:30:18.8315415+03:00","level":"INFO","thread_name":"Test worker","message":"Completed initialization in 26 ms"}
{"@timestamp":"2025-10-22T20:30:19.9890255+03:00","level":"INFO","thread_name":"Test worker","message":"Cannot determine local hostname"}
{"@timestamp":"2025-10-22T20:30:20.0450883+03:00","level":"INFO","thread_name":"Test worker","message":"Eureka HTTP Client uses RestTemplate."}
{"@timestamp":"2025-10-22T20:30:20.1517368+03:00","level":"WARN","thread_name":"Test worker","message":"Spring Cloud LoadBalancer is currently working with the default cache. While this cache implementation is useful for development and tests, it's recommended to use Caffeine cache in production.You can switch to using Caffeine cache, by adding it and org.springframework.cache.caffeine.CaffeineCacheManager to the classpath."}
{"@timestamp":"2025-10-22T20:30:20.3889597+03:00","level":"INFO","thread_name":"Test worker","message":"Starting ProtocolHandler [\"http-nio-auto-1\"]"}
{"@timestamp":"2025-10-22T20:30:20.400959+03:00","level":"INFO","thread_name":"Test worker","message":"Tomcat started on port 55807 (http) with context path '/'"}
{"@timestamp":"2025-10-22T20:30:21.5091465+03:00","level":"INFO","thread_name":"Test worker","message":"Cannot determine local hostname"}
{"@timestamp":"2025-10-22T20:30:21.5426535+03:00","level":"INFO","thread_name":"Test worker","message":"Started DiscountServiceIntegrationTest in 13.268 seconds (process running for 16.469)"}
{"@timestamp":"2025-10-22T20:30:22.261346+03:00","level":"INFO","thread_name":"Test worker","batchSize":"2","op":"getDiscounts","message":"Get discounts: returned 2"}
{"@timestamp":"2025-10-22T20:30:22.3379107+03:00","level":"INFO","thread_name":"Test worker","batchSize":"2","op":"getDiscounts","message":"Get discounts: returned 2"}
{"@timestamp":"2025-10-22T20:30:22.3751304+03:00","level":"INFO","thread_name":"Test worker","batchSize":"2","op":"getDiscounts","message":"Get discounts: returned 2"}
{"@timestamp":"2025-10-22T20:30:22.5230054+03:00","level":"INFO","thread_name":"lettuce-eventExecutorLoop-1-1","message":"Reconnecting, last destination was localhost/127.0.0.1:55759"}
{"@timestamp":"2025-10-22T20:30:22.5303357+03:00","level":"WARN","thread_name":"lettuce-nioEventLoop-4-2","message":"Cannot reconnect to [localhost/<unresolved>:55759]: Connection closed prematurely"}
{"@timestamp":"2025-10-22T20:30:22.798481+03:00","level":"INFO","thread_name":"SpringApplicationShutdownHook","message":"Commencing graceful shutdown. Waiting for active requests to complete"}
{"@timestamp":"2025-10-22T20:30:22.988473+03:00","level":"INFO","thread_name":"tomcat-shutdown","message":"Graceful shutdown complete"}
{"@timestamp":"2025-10-22T20:30:23.0028525+03:00","level":"INFO","thread_name":"SpringApplicationShutdownHook","message":"Closing JPA EntityManagerFactory for persistence unit 'default'"}
{"@timestamp":"2025-10-22T20:30:23.0048426+03:00","level":"INFO","thread_name":"SpringApplicationShutdownHook","message":"HikariPool-1 - Shutdown initiated..."}
{"@timestamp":"2025-10-22T20:30:23.0081019+03:00","level":"INFO","thread_name":"SpringApplicationShutdownHook","message":"HikariPool-1 - Shutdown completed."}
